action,race,gender,full_query
ApplyEyeMakeup,White,Men,ApplyEyeMakeup White Men
ApplyEyeMakeup,White,Women,ApplyEyeMakeup White Women
ApplyEyeMakeup,Black,Men,ApplyEyeMakeup Black Men
ApplyEyeMakeup,Black,Women,ApplyEyeMakeup Black Women
ApplyEyeMakeup,Middle Eastern,Men,ApplyEyeMakeup Middle Eastern Men
ApplyEyeMakeup,Middle Eastern,Women,ApplyEyeMakeup Middle Eastern Women
ApplyEyeMakeup,Indian,Men,ApplyEyeMakeup Indian Men
ApplyEyeMakeup,Indian,Women,ApplyEyeMakeup Indian Women
ApplyEyeMakeup,Asian,Men,ApplyEyeMakeup Asian Men
ApplyEyeMakeup,Asian,Women,ApplyEyeMakeup Asian Women
ApplyLipstick,White,Men,ApplyLipstick White Men
ApplyLipstick,White,Women,ApplyLipstick White Women
ApplyLipstick,Black,Men,ApplyLipstick Black Men
ApplyLipstick,Black,Women,ApplyLipstick Black Women
ApplyLipstick,Middle Eastern,Men,ApplyLipstick Middle Eastern Men
ApplyLipstick,Middle Eastern,Women,ApplyLipstick Middle Eastern Women
ApplyLipstick,Indian,Men,ApplyLipstick Indian Men
ApplyLipstick,Indian,Women,ApplyLipstick Indian Women
ApplyLipstick,Asian,Men,ApplyLipstick Asian Men
ApplyLipstick,Asian,Women,ApplyLipstick Asian Women
Archery,White,Men,Archery White Men
Archery,White,Women,Archery White Women
Archery,Black,Men,Archery Black Men
Archery,Black,Women,Archery Black Women
Archery,Middle Eastern,Men,Archery Middle Eastern Men
Archery,Middle Eastern,Women,Archery Middle Eastern Women
Archery,Indian,Men,Archery Indian Men
Archery,Indian,Women,Archery Indian Women
Archery,Asian,Men,Archery Asian Men
Archery,Asian,Women,Archery Asian Women
BabyCrawling,White,Men,BabyCrawling White Men
BabyCrawling,White,Women,BabyCrawling White Women
BabyCrawling,Black,Men,BabyCrawling Black Men
BabyCrawling,Black,Women,BabyCrawling Black Women
BabyCrawling,Middle Eastern,Men,BabyCrawling Middle Eastern Men
BabyCrawling,Middle Eastern,Women,BabyCrawling Middle Eastern Women
BabyCrawling,Indian,Men,BabyCrawling Indian Men
BabyCrawling,Indian,Women,BabyCrawling Indian Women
BabyCrawling,Asian,Men,BabyCrawling Asian Men
BabyCrawling,Asian,Women,BabyCrawling Asian Women
BalanceBeam,White,Men,BalanceBeam White Men
BalanceBeam,White,Women,BalanceBeam White Women
BalanceBeam,Black,Men,BalanceBeam Black Men
BalanceBeam,Black,Women,BalanceBeam Black Women
BalanceBeam,Middle Eastern,Men,BalanceBeam Middle Eastern Men
BalanceBeam,Middle Eastern,Women,BalanceBeam Middle Eastern Women
BalanceBeam,Indian,Men,BalanceBeam Indian Men
BalanceBeam,Indian,Women,BalanceBeam Indian Women
BalanceBeam,Asian,Men,BalanceBeam Asian Men
BalanceBeam,Asian,Women,BalanceBeam Asian Women
BandMarching,White,Men,BandMarching White Men
BandMarching,White,Women,BandMarching White Women
BandMarching,Black,Men,BandMarching Black Men
BandMarching,Black,Women,BandMarching Black Women
BandMarching,Middle Eastern,Men,BandMarching Middle Eastern Men
BandMarching,Middle Eastern,Women,BandMarching Middle Eastern Women
BandMarching,Indian,Men,BandMarching Indian Men
BandMarching,Indian,Women,BandMarching Indian Women
BandMarching,Asian,Men,BandMarching Asian Men
BandMarching,Asian,Women,BandMarching Asian Women
BaseballPitch,White,Men,BaseballPitch White Men
BaseballPitch,White,Women,BaseballPitch White Women
BaseballPitch,Black,Men,BaseballPitch Black Men
BaseballPitch,Black,Women,BaseballPitch Black Women
BaseballPitch,Middle Eastern,Men,BaseballPitch Middle Eastern Men
BaseballPitch,Middle Eastern,Women,BaseballPitch Middle Eastern Women
BaseballPitch,Indian,Men,BaseballPitch Indian Men
BaseballPitch,Indian,Women,BaseballPitch Indian Women
BaseballPitch,Asian,Men,BaseballPitch Asian Men
BaseballPitch,Asian,Women,BaseballPitch Asian Women
Basketball,White,Men,Basketball White Men
Basketball,White,Women,Basketball White Women
Basketball,Black,Men,Basketball Black Men
Basketball,Black,Women,Basketball Black Women
Basketball,Middle Eastern,Men,Basketball Middle Eastern Men
Basketball,Middle Eastern,Women,Basketball Middle Eastern Women
Basketball,Indian,Men,Basketball Indian Men
Basketball,Indian,Women,Basketball Indian Women
Basketball,Asian,Men,Basketball Asian Men
Basketball,Asian,Women,Basketball Asian Women
BasketballDunk,White,Men,BasketballDunk White Men
BasketballDunk,White,Women,BasketballDunk White Women
BasketballDunk,Black,Men,BasketballDunk Black Men
BasketballDunk,Black,Women,BasketballDunk Black Women
BasketballDunk,Middle Eastern,Men,BasketballDunk Middle Eastern Men
BasketballDunk,Middle Eastern,Women,BasketballDunk Middle Eastern Women
BasketballDunk,Indian,Men,BasketballDunk Indian Men
BasketballDunk,Indian,Women,BasketballDunk Indian Women
BasketballDunk,Asian,Men,BasketballDunk Asian Men
BasketballDunk,Asian,Women,BasketballDunk Asian Women
BenchPress,White,Men,BenchPress White Men
BenchPress,White,Women,BenchPress White Women
BenchPress,Black,Men,BenchPress Black Men
BenchPress,Black,Women,BenchPress Black Women
BenchPress,Middle Eastern,Men,BenchPress Middle Eastern Men
BenchPress,Middle Eastern,Women,BenchPress Middle Eastern Women
BenchPress,Indian,Men,BenchPress Indian Men
BenchPress,Indian,Women,BenchPress Indian Women
BenchPress,Asian,Men,BenchPress Asian Men
BenchPress,Asian,Women,BenchPress Asian Women
Biking,White,Men,Biking White Men
Biking,White,Women,Biking White Women
Biking,Black,Men,Biking Black Men
Biking,Black,Women,Biking Black Women
Biking,Middle Eastern,Men,Biking Middle Eastern Men
Biking,Middle Eastern,Women,Biking Middle Eastern Women
Biking,Indian,Men,Biking Indian Men
Biking,Indian,Women,Biking Indian Women
Biking,Asian,Men,Biking Asian Men
Biking,Asian,Women,Biking Asian Women
Billiards,White,Men,Billiards White Men
Billiards,White,Women,Billiards White Women
Billiards,Black,Men,Billiards Black Men
Billiards,Black,Women,Billiards Black Women
Billiards,Middle Eastern,Men,Billiards Middle Eastern Men
Billiards,Middle Eastern,Women,Billiards Middle Eastern Women
Billiards,Indian,Men,Billiards Indian Men
Billiards,Indian,Women,Billiards Indian Women
Billiards,Asian,Men,Billiards Asian Men
Billiards,Asian,Women,Billiards Asian Women
BlowDryHair,White,Men,BlowDryHair White Men
BlowDryHair,White,Women,BlowDryHair White Women
BlowDryHair,Black,Men,BlowDryHair Black Men
BlowDryHair,Black,Women,BlowDryHair Black Women
BlowDryHair,Middle Eastern,Men,BlowDryHair Middle Eastern Men
BlowDryHair,Middle Eastern,Women,BlowDryHair Middle Eastern Women
BlowDryHair,Indian,Men,BlowDryHair Indian Men
BlowDryHair,Indian,Women,BlowDryHair Indian Women
BlowDryHair,Asian,Men,BlowDryHair Asian Men
BlowDryHair,Asian,Women,BlowDryHair Asian Women
BlowingCandles,White,Men,BlowingCandles White Men
BlowingCandles,White,Women,BlowingCandles White Women
BlowingCandles,Black,Men,BlowingCandles Black Men
BlowingCandles,Black,Women,BlowingCandles Black Women
BlowingCandles,Middle Eastern,Men,BlowingCandles Middle Eastern Men
BlowingCandles,Middle Eastern,Women,BlowingCandles Middle Eastern Women
BlowingCandles,Indian,Men,BlowingCandles Indian Men
BlowingCandles,Indian,Women,BlowingCandles Indian Women
BlowingCandles,Asian,Men,BlowingCandles Asian Men
BlowingCandles,Asian,Women,BlowingCandles Asian Women
BodyWeightSquats,White,Men,BodyWeightSquats White Men
BodyWeightSquats,White,Women,BodyWeightSquats White Women
BodyWeightSquats,Black,Men,BodyWeightSquats Black Men
BodyWeightSquats,Black,Women,BodyWeightSquats Black Women
BodyWeightSquats,Middle Eastern,Men,BodyWeightSquats Middle Eastern Men
BodyWeightSquats,Middle Eastern,Women,BodyWeightSquats Middle Eastern Women
BodyWeightSquats,Indian,Men,BodyWeightSquats Indian Men
BodyWeightSquats,Indian,Women,BodyWeightSquats Indian Women
BodyWeightSquats,Asian,Men,BodyWeightSquats Asian Men
BodyWeightSquats,Asian,Women,BodyWeightSquats Asian Women
Bowling,White,Men,Bowling White Men
Bowling,White,Women,Bowling White Women
Bowling,Black,Men,Bowling Black Men
Bowling,Black,Women,Bowling Black Women
Bowling,Middle Eastern,Men,Bowling Middle Eastern Men
Bowling,Middle Eastern,Women,Bowling Middle Eastern Women
Bowling,Indian,Men,Bowling Indian Men
Bowling,Indian,Women,Bowling Indian Women
Bowling,Asian,Men,Bowling Asian Men
Bowling,Asian,Women,Bowling Asian Women
BoxingPunchingBag,White,Men,BoxingPunchingBag White Men
BoxingPunchingBag,White,Women,BoxingPunchingBag White Women
BoxingPunchingBag,Black,Men,BoxingPunchingBag Black Men
BoxingPunchingBag,Black,Women,BoxingPunchingBag Black Women
BoxingPunchingBag,Middle Eastern,Men,BoxingPunchingBag Middle Eastern Men
BoxingPunchingBag,Middle Eastern,Women,BoxingPunchingBag Middle Eastern Women
BoxingPunchingBag,Indian,Men,BoxingPunchingBag Indian Men
BoxingPunchingBag,Indian,Women,BoxingPunchingBag Indian Women
BoxingPunchingBag,Asian,Men,BoxingPunchingBag Asian Men
BoxingPunchingBag,Asian,Women,BoxingPunchingBag Asian Women
BoxingSpeedBag,White,Men,BoxingSpeedBag White Men
BoxingSpeedBag,White,Women,BoxingSpeedBag White Women
BoxingSpeedBag,Black,Men,BoxingSpeedBag Black Men
BoxingSpeedBag,Black,Women,BoxingSpeedBag Black Women
BoxingSpeedBag,Middle Eastern,Men,BoxingSpeedBag Middle Eastern Men
BoxingSpeedBag,Middle Eastern,Women,BoxingSpeedBag Middle Eastern Women
BoxingSpeedBag,Indian,Men,BoxingSpeedBag Indian Men
BoxingSpeedBag,Indian,Women,BoxingSpeedBag Indian Women
BoxingSpeedBag,Asian,Men,BoxingSpeedBag Asian Men
BoxingSpeedBag,Asian,Women,BoxingSpeedBag Asian Women
BreastStroke,White,Men,BreastStroke White Men
BreastStroke,White,Women,BreastStroke White Women
BreastStroke,Black,Men,BreastStroke Black Men
BreastStroke,Black,Women,BreastStroke Black Women
BreastStroke,Middle Eastern,Men,BreastStroke Middle Eastern Men
BreastStroke,Middle Eastern,Women,BreastStroke Middle Eastern Women
BreastStroke,Indian,Men,BreastStroke Indian Men
BreastStroke,Indian,Women,BreastStroke Indian Women
BreastStroke,Asian,Men,BreastStroke Asian Men
BreastStroke,Asian,Women,BreastStroke Asian Women
BrushingTeeth,White,Men,BrushingTeeth White Men
BrushingTeeth,White,Women,BrushingTeeth White Women
BrushingTeeth,Black,Men,BrushingTeeth Black Men
BrushingTeeth,Black,Women,BrushingTeeth Black Women
BrushingTeeth,Middle Eastern,Men,BrushingTeeth Middle Eastern Men
BrushingTeeth,Middle Eastern,Women,BrushingTeeth Middle Eastern Women
BrushingTeeth,Indian,Men,BrushingTeeth Indian Men
BrushingTeeth,Indian,Women,BrushingTeeth Indian Women
BrushingTeeth,Asian,Men,BrushingTeeth Asian Men
BrushingTeeth,Asian,Women,BrushingTeeth Asian Women
CleanAndJerk,White,Men,CleanAndJerk White Men
CleanAndJerk,White,Women,CleanAndJerk White Women
CleanAndJerk,Black,Men,CleanAndJerk Black Men
CleanAndJerk,Black,Women,CleanAndJerk Black Women
CleanAndJerk,Middle Eastern,Men,CleanAndJerk Middle Eastern Men
CleanAndJerk,Middle Eastern,Women,CleanAndJerk Middle Eastern Women
CleanAndJerk,Indian,Men,CleanAndJerk Indian Men
CleanAndJerk,Indian,Women,CleanAndJerk Indian Women
CleanAndJerk,Asian,Men,CleanAndJerk Asian Men
CleanAndJerk,Asian,Women,CleanAndJerk Asian Women
CliffDiving,White,Men,CliffDiving White Men
CliffDiving,White,Women,CliffDiving White Women
CliffDiving,Black,Men,CliffDiving Black Men
CliffDiving,Black,Women,CliffDiving Black Women
CliffDiving,Middle Eastern,Men,CliffDiving Middle Eastern Men
CliffDiving,Middle Eastern,Women,CliffDiving Middle Eastern Women
CliffDiving,Indian,Men,CliffDiving Indian Men
CliffDiving,Indian,Women,CliffDiving Indian Women
CliffDiving,Asian,Men,CliffDiving Asian Men
CliffDiving,Asian,Women,CliffDiving Asian Women
CricketBowling,White,Men,CricketBowling White Men
CricketBowling,White,Women,CricketBowling White Women
CricketBowling,Black,Men,CricketBowling Black Men
CricketBowling,Black,Women,CricketBowling Black Women
CricketBowling,Middle Eastern,Men,CricketBowling Middle Eastern Men
CricketBowling,Middle Eastern,Women,CricketBowling Middle Eastern Women
CricketBowling,Indian,Men,CricketBowling Indian Men
CricketBowling,Indian,Women,CricketBowling Indian Women
CricketBowling,Asian,Men,CricketBowling Asian Men
CricketBowling,Asian,Women,CricketBowling Asian Women
CricketShot,White,Men,CricketShot White Men
CricketShot,White,Women,CricketShot White Women
CricketShot,Black,Men,CricketShot Black Men
CricketShot,Black,Women,CricketShot Black Women
CricketShot,Middle Eastern,Men,CricketShot Middle Eastern Men
CricketShot,Middle Eastern,Women,CricketShot Middle Eastern Women
CricketShot,Indian,Men,CricketShot Indian Men
CricketShot,Indian,Women,CricketShot Indian Women
CricketShot,Asian,Men,CricketShot Asian Men
CricketShot,Asian,Women,CricketShot Asian Women
CuttingInKitchen,White,Men,CuttingInKitchen White Men
CuttingInKitchen,White,Women,CuttingInKitchen White Women
CuttingInKitchen,Black,Men,CuttingInKitchen Black Men
CuttingInKitchen,Black,Women,CuttingInKitchen Black Women
CuttingInKitchen,Middle Eastern,Men,CuttingInKitchen Middle Eastern Men
CuttingInKitchen,Middle Eastern,Women,CuttingInKitchen Middle Eastern Women
CuttingInKitchen,Indian,Men,CuttingInKitchen Indian Men
CuttingInKitchen,Indian,Women,CuttingInKitchen Indian Women
CuttingInKitchen,Asian,Men,CuttingInKitchen Asian Men
CuttingInKitchen,Asian,Women,CuttingInKitchen Asian Women
Diving,White,Men,Diving White Men
Diving,White,Women,Diving White Women
Diving,Black,Men,Diving Black Men
Diving,Black,Women,Diving Black Women
Diving,Middle Eastern,Men,Diving Middle Eastern Men
Diving,Middle Eastern,Women,Diving Middle Eastern Women
Diving,Indian,Men,Diving Indian Men
Diving,Indian,Women,Diving Indian Women
Diving,Asian,Men,Diving Asian Men
Diving,Asian,Women,Diving Asian Women
Drumming,White,Men,Drumming White Men
Drumming,White,Women,Drumming White Women
Drumming,Black,Men,Drumming Black Men
Drumming,Black,Women,Drumming Black Women
Drumming,Middle Eastern,Men,Drumming Middle Eastern Men
Drumming,Middle Eastern,Women,Drumming Middle Eastern Women
Drumming,Indian,Men,Drumming Indian Men
Drumming,Indian,Women,Drumming Indian Women
Drumming,Asian,Men,Drumming Asian Men
Drumming,Asian,Women,Drumming Asian Women
Fencing,White,Men,Fencing White Men
Fencing,White,Women,Fencing White Women
Fencing,Black,Men,Fencing Black Men
Fencing,Black,Women,Fencing Black Women
Fencing,Middle Eastern,Men,Fencing Middle Eastern Men
Fencing,Middle Eastern,Women,Fencing Middle Eastern Women
Fencing,Indian,Men,Fencing Indian Men
Fencing,Indian,Women,Fencing Indian Women
Fencing,Asian,Men,Fencing Asian Men
Fencing,Asian,Women,Fencing Asian Women
FieldHockeyPenalty,White,Men,FieldHockeyPenalty White Men
FieldHockeyPenalty,White,Women,FieldHockeyPenalty White Women
FieldHockeyPenalty,Black,Men,FieldHockeyPenalty Black Men
FieldHockeyPenalty,Black,Women,FieldHockeyPenalty Black Women
FieldHockeyPenalty,Middle Eastern,Men,FieldHockeyPenalty Middle Eastern Men
FieldHockeyPenalty,Middle Eastern,Women,FieldHockeyPenalty Middle Eastern Women
FieldHockeyPenalty,Indian,Men,FieldHockeyPenalty Indian Men
FieldHockeyPenalty,Indian,Women,FieldHockeyPenalty Indian Women
FieldHockeyPenalty,Asian,Men,FieldHockeyPenalty Asian Men
FieldHockeyPenalty,Asian,Women,FieldHockeyPenalty Asian Women
FloorGymnastics,White,Men,FloorGymnastics White Men
FloorGymnastics,White,Women,FloorGymnastics White Women
FloorGymnastics,Black,Men,FloorGymnastics Black Men
FloorGymnastics,Black,Women,FloorGymnastics Black Women
FloorGymnastics,Middle Eastern,Men,FloorGymnastics Middle Eastern Men
FloorGymnastics,Middle Eastern,Women,FloorGymnastics Middle Eastern Women
FloorGymnastics,Indian,Men,FloorGymnastics Indian Men
FloorGymnastics,Indian,Women,FloorGymnastics Indian Women
FloorGymnastics,Asian,Men,FloorGymnastics Asian Men
FloorGymnastics,Asian,Women,FloorGymnastics Asian Women
FrisbeeCatch,White,Men,FrisbeeCatch White Men
FrisbeeCatch,White,Women,FrisbeeCatch White Women
FrisbeeCatch,Black,Men,FrisbeeCatch Black Men
FrisbeeCatch,Black,Women,FrisbeeCatch Black Women
FrisbeeCatch,Middle Eastern,Men,FrisbeeCatch Middle Eastern Men
FrisbeeCatch,Middle Eastern,Women,FrisbeeCatch Middle Eastern Women
FrisbeeCatch,Indian,Men,FrisbeeCatch Indian Men
FrisbeeCatch,Indian,Women,FrisbeeCatch Indian Women
FrisbeeCatch,Asian,Men,FrisbeeCatch Asian Men
FrisbeeCatch,Asian,Women,FrisbeeCatch Asian Women
FrontCrawl,White,Men,FrontCrawl White Men
FrontCrawl,White,Women,FrontCrawl White Women
FrontCrawl,Black,Men,FrontCrawl Black Men
FrontCrawl,Black,Women,FrontCrawl Black Women
FrontCrawl,Middle Eastern,Men,FrontCrawl Middle Eastern Men
FrontCrawl,Middle Eastern,Women,FrontCrawl Middle Eastern Women
FrontCrawl,Indian,Men,FrontCrawl Indian Men
FrontCrawl,Indian,Women,FrontCrawl Indian Women
FrontCrawl,Asian,Men,FrontCrawl Asian Men
FrontCrawl,Asian,Women,FrontCrawl Asian Women
GolfSwing,White,Men,GolfSwing White Men
GolfSwing,White,Women,GolfSwing White Women
GolfSwing,Black,Men,GolfSwing Black Men
GolfSwing,Black,Women,GolfSwing Black Women
GolfSwing,Middle Eastern,Men,GolfSwing Middle Eastern Men
GolfSwing,Middle Eastern,Women,GolfSwing Middle Eastern Women
GolfSwing,Indian,Men,GolfSwing Indian Men
GolfSwing,Indian,Women,GolfSwing Indian Women
GolfSwing,Asian,Men,GolfSwing Asian Men
GolfSwing,Asian,Women,GolfSwing Asian Women
Haircut,White,Men,Haircut White Men
Haircut,White,Women,Haircut White Women
Haircut,Black,Men,Haircut Black Men
Haircut,Black,Women,Haircut Black Women
Haircut,Middle Eastern,Men,Haircut Middle Eastern Men
Haircut,Middle Eastern,Women,Haircut Middle Eastern Women
Haircut,Indian,Men,Haircut Indian Men
Haircut,Indian,Women,Haircut Indian Women
Haircut,Asian,Men,Haircut Asian Men
Haircut,Asian,Women,Haircut Asian Women
HammerThrow,White,Men,HammerThrow White Men
HammerThrow,White,Women,HammerThrow White Women
HammerThrow,Black,Men,HammerThrow Black Men
HammerThrow,Black,Women,HammerThrow Black Women
HammerThrow,Middle Eastern,Men,HammerThrow Middle Eastern Men
HammerThrow,Middle Eastern,Women,HammerThrow Middle Eastern Women
HammerThrow,Indian,Men,HammerThrow Indian Men
HammerThrow,Indian,Women,HammerThrow Indian Women
HammerThrow,Asian,Men,HammerThrow Asian Men
HammerThrow,Asian,Women,HammerThrow Asian Women
Hammering,White,Men,Hammering White Men
Hammering,White,Women,Hammering White Women
Hammering,Black,Men,Hammering Black Men
Hammering,Black,Women,Hammering Black Women
Hammering,Middle Eastern,Men,Hammering Middle Eastern Men
Hammering,Middle Eastern,Women,Hammering Middle Eastern Women
Hammering,Indian,Men,Hammering Indian Men
Hammering,Indian,Women,Hammering Indian Women
Hammering,Asian,Men,Hammering Asian Men
Hammering,Asian,Women,Hammering Asian Women
HandstandPushups,White,Men,HandstandPushups White Men
HandstandPushups,White,Women,HandstandPushups White Women
HandstandPushups,Black,Men,HandstandPushups Black Men
HandstandPushups,Black,Women,HandstandPushups Black Women
HandstandPushups,Middle Eastern,Men,HandstandPushups Middle Eastern Men
HandstandPushups,Middle Eastern,Women,HandstandPushups Middle Eastern Women
HandstandPushups,Indian,Men,HandstandPushups Indian Men
HandstandPushups,Indian,Women,HandstandPushups Indian Women
HandstandPushups,Asian,Men,HandstandPushups Asian Men
HandstandPushups,Asian,Women,HandstandPushups Asian Women
HandstandWalking,White,Men,HandstandWalking White Men
HandstandWalking,White,Women,HandstandWalking White Women
HandstandWalking,Black,Men,HandstandWalking Black Men
HandstandWalking,Black,Women,HandstandWalking Black Women
HandstandWalking,Middle Eastern,Men,HandstandWalking Middle Eastern Men
HandstandWalking,Middle Eastern,Women,HandstandWalking Middle Eastern Women
HandstandWalking,Indian,Men,HandstandWalking Indian Men
HandstandWalking,Indian,Women,HandstandWalking Indian Women
HandstandWalking,Asian,Men,HandstandWalking Asian Men
HandstandWalking,Asian,Women,HandstandWalking Asian Women
HeadMassage,White,Men,HeadMassage White Men
HeadMassage,White,Women,HeadMassage White Women
HeadMassage,Black,Men,HeadMassage Black Men
HeadMassage,Black,Women,HeadMassage Black Women
HeadMassage,Middle Eastern,Men,HeadMassage Middle Eastern Men
HeadMassage,Middle Eastern,Women,HeadMassage Middle Eastern Women
HeadMassage,Indian,Men,HeadMassage Indian Men
HeadMassage,Indian,Women,HeadMassage Indian Women
HeadMassage,Asian,Men,HeadMassage Asian Men
HeadMassage,Asian,Women,HeadMassage Asian Women
HighJump,White,Men,HighJump White Men
HighJump,White,Women,HighJump White Women
HighJump,Black,Men,HighJump Black Men
HighJump,Black,Women,HighJump Black Women
HighJump,Middle Eastern,Men,HighJump Middle Eastern Men
HighJump,Middle Eastern,Women,HighJump Middle Eastern Women
HighJump,Indian,Men,HighJump Indian Men
HighJump,Indian,Women,HighJump Indian Women
HighJump,Asian,Men,HighJump Asian Men
HighJump,Asian,Women,HighJump Asian Women
HorseRace,White,Men,HorseRace White Men
HorseRace,White,Women,HorseRace White Women
HorseRace,Black,Men,HorseRace Black Men
HorseRace,Black,Women,HorseRace Black Women
HorseRace,Middle Eastern,Men,HorseRace Middle Eastern Men
HorseRace,Middle Eastern,Women,HorseRace Middle Eastern Women
HorseRace,Indian,Men,HorseRace Indian Men
HorseRace,Indian,Women,HorseRace Indian Women
HorseRace,Asian,Men,HorseRace Asian Men
HorseRace,Asian,Women,HorseRace Asian Women
HorseRiding,White,Men,HorseRiding White Men
HorseRiding,White,Women,HorseRiding White Women
HorseRiding,Black,Men,HorseRiding Black Men
HorseRiding,Black,Women,HorseRiding Black Women
HorseRiding,Middle Eastern,Men,HorseRiding Middle Eastern Men
HorseRiding,Middle Eastern,Women,HorseRiding Middle Eastern Women
HorseRiding,Indian,Men,HorseRiding Indian Men
HorseRiding,Indian,Women,HorseRiding Indian Women
HorseRiding,Asian,Men,HorseRiding Asian Men
HorseRiding,Asian,Women,HorseRiding Asian Women
HulaHoop,White,Men,HulaHoop White Men
HulaHoop,White,Women,HulaHoop White Women
HulaHoop,Black,Men,HulaHoop Black Men
HulaHoop,Black,Women,HulaHoop Black Women
HulaHoop,Middle Eastern,Men,HulaHoop Middle Eastern Men
HulaHoop,Middle Eastern,Women,HulaHoop Middle Eastern Women
HulaHoop,Indian,Men,HulaHoop Indian Men
HulaHoop,Indian,Women,HulaHoop Indian Women
HulaHoop,Asian,Men,HulaHoop Asian Men
HulaHoop,Asian,Women,HulaHoop Asian Women
IceDancing,White,Men,IceDancing White Men
IceDancing,White,Women,IceDancing White Women
IceDancing,Black,Men,IceDancing Black Men
IceDancing,Black,Women,IceDancing Black Women
IceDancing,Middle Eastern,Men,IceDancing Middle Eastern Men
IceDancing,Middle Eastern,Women,IceDancing Middle Eastern Women
IceDancing,Indian,Men,IceDancing Indian Men
IceDancing,Indian,Women,IceDancing Indian Women
IceDancing,Asian,Men,IceDancing Asian Men
IceDancing,Asian,Women,IceDancing Asian Women
JavelinThrow,White,Men,JavelinThrow White Men
JavelinThrow,White,Women,JavelinThrow White Women
JavelinThrow,Black,Men,JavelinThrow Black Men
JavelinThrow,Black,Women,JavelinThrow Black Women
JavelinThrow,Middle Eastern,Men,JavelinThrow Middle Eastern Men
JavelinThrow,Middle Eastern,Women,JavelinThrow Middle Eastern Women
JavelinThrow,Indian,Men,JavelinThrow Indian Men
JavelinThrow,Indian,Women,JavelinThrow Indian Women
JavelinThrow,Asian,Men,JavelinThrow Asian Men
JavelinThrow,Asian,Women,JavelinThrow Asian Women
JugglingBalls,White,Men,JugglingBalls White Men
JugglingBalls,White,Women,JugglingBalls White Women
JugglingBalls,Black,Men,JugglingBalls Black Men
JugglingBalls,Black,Women,JugglingBalls Black Women
JugglingBalls,Middle Eastern,Men,JugglingBalls Middle Eastern Men
JugglingBalls,Middle Eastern,Women,JugglingBalls Middle Eastern Women
JugglingBalls,Indian,Men,JugglingBalls Indian Men
JugglingBalls,Indian,Women,JugglingBalls Indian Women
JugglingBalls,Asian,Men,JugglingBalls Asian Men
JugglingBalls,Asian,Women,JugglingBalls Asian Women
JumpRope,White,Men,JumpRope White Men
JumpRope,White,Women,JumpRope White Women
JumpRope,Black,Men,JumpRope Black Men
JumpRope,Black,Women,JumpRope Black Women
JumpRope,Middle Eastern,Men,JumpRope Middle Eastern Men
JumpRope,Middle Eastern,Women,JumpRope Middle Eastern Women
JumpRope,Indian,Men,JumpRope Indian Men
JumpRope,Indian,Women,JumpRope Indian Women
JumpRope,Asian,Men,JumpRope Asian Men
JumpRope,Asian,Women,JumpRope Asian Women
JumpingJack,White,Men,JumpingJack White Men
JumpingJack,White,Women,JumpingJack White Women
JumpingJack,Black,Men,JumpingJack Black Men
JumpingJack,Black,Women,JumpingJack Black Women
JumpingJack,Middle Eastern,Men,JumpingJack Middle Eastern Men
JumpingJack,Middle Eastern,Women,JumpingJack Middle Eastern Women
JumpingJack,Indian,Men,JumpingJack Indian Men
JumpingJack,Indian,Women,JumpingJack Indian Women
JumpingJack,Asian,Men,JumpingJack Asian Men
JumpingJack,Asian,Women,JumpingJack Asian Women
Kayaking,White,Men,Kayaking White Men
Kayaking,White,Women,Kayaking White Women
Kayaking,Black,Men,Kayaking Black Men
Kayaking,Black,Women,Kayaking Black Women
Kayaking,Middle Eastern,Men,Kayaking Middle Eastern Men
Kayaking,Middle Eastern,Women,Kayaking Middle Eastern Women
Kayaking,Indian,Men,Kayaking Indian Men
Kayaking,Indian,Women,Kayaking Indian Women
Kayaking,Asian,Men,Kayaking Asian Men
Kayaking,Asian,Women,Kayaking Asian Women
Knitting,White,Men,Knitting White Men
Knitting,White,Women,Knitting White Women
Knitting,Black,Men,Knitting Black Men
Knitting,Black,Women,Knitting Black Women
Knitting,Middle Eastern,Men,Knitting Middle Eastern Men
Knitting,Middle Eastern,Women,Knitting Middle Eastern Women
Knitting,Indian,Men,Knitting Indian Men
Knitting,Indian,Women,Knitting Indian Women
Knitting,Asian,Men,Knitting Asian Men
Knitting,Asian,Women,Knitting Asian Women
LongJump,White,Men,LongJump White Men
LongJump,White,Women,LongJump White Women
LongJump,Black,Men,LongJump Black Men
LongJump,Black,Women,LongJump Black Women
LongJump,Middle Eastern,Men,LongJump Middle Eastern Men
LongJump,Middle Eastern,Women,LongJump Middle Eastern Women
LongJump,Indian,Men,LongJump Indian Men
LongJump,Indian,Women,LongJump Indian Women
LongJump,Asian,Men,LongJump Asian Men
LongJump,Asian,Women,LongJump Asian Women
Lunges,White,Men,Lunges White Men
Lunges,White,Women,Lunges White Women
Lunges,Black,Men,Lunges Black Men
Lunges,Black,Women,Lunges Black Women
Lunges,Middle Eastern,Men,Lunges Middle Eastern Men
Lunges,Middle Eastern,Women,Lunges Middle Eastern Women
Lunges,Indian,Men,Lunges Indian Men
Lunges,Indian,Women,Lunges Indian Women
Lunges,Asian,Men,Lunges Asian Men
Lunges,Asian,Women,Lunges Asian Women
MilitaryParade,White,Men,MilitaryParade White Men
MilitaryParade,White,Women,MilitaryParade White Women
MilitaryParade,Black,Men,MilitaryParade Black Men
MilitaryParade,Black,Women,MilitaryParade Black Women
MilitaryParade,Middle Eastern,Men,MilitaryParade Middle Eastern Men
MilitaryParade,Middle Eastern,Women,MilitaryParade Middle Eastern Women
MilitaryParade,Indian,Men,MilitaryParade Indian Men
MilitaryParade,Indian,Women,MilitaryParade Indian Women
MilitaryParade,Asian,Men,MilitaryParade Asian Men
MilitaryParade,Asian,Women,MilitaryParade Asian Women
Mixing,White,Men,Mixing White Men
Mixing,White,Women,Mixing White Women
Mixing,Black,Men,Mixing Black Men
Mixing,Black,Women,Mixing Black Women
Mixing,Middle Eastern,Men,Mixing Middle Eastern Men
Mixing,Middle Eastern,Women,Mixing Middle Eastern Women
Mixing,Indian,Men,Mixing Indian Men
Mixing,Indian,Women,Mixing Indian Women
Mixing,Asian,Men,Mixing Asian Men
Mixing,Asian,Women,Mixing Asian Women
MoppingFloor,White,Men,MoppingFloor White Men
MoppingFloor,White,Women,MoppingFloor White Women
MoppingFloor,Black,Men,MoppingFloor Black Men
MoppingFloor,Black,Women,MoppingFloor Black Women
MoppingFloor,Middle Eastern,Men,MoppingFloor Middle Eastern Men
MoppingFloor,Middle Eastern,Women,MoppingFloor Middle Eastern Women
MoppingFloor,Indian,Men,MoppingFloor Indian Men
MoppingFloor,Indian,Women,MoppingFloor Indian Women
MoppingFloor,Asian,Men,MoppingFloor Asian Men
MoppingFloor,Asian,Women,MoppingFloor Asian Women
Nunchucks,White,Men,Nunchucks White Men
Nunchucks,White,Women,Nunchucks White Women
Nunchucks,Black,Men,Nunchucks Black Men
Nunchucks,Black,Women,Nunchucks Black Women
Nunchucks,Middle Eastern,Men,Nunchucks Middle Eastern Men
Nunchucks,Middle Eastern,Women,Nunchucks Middle Eastern Women
Nunchucks,Indian,Men,Nunchucks Indian Men
Nunchucks,Indian,Women,Nunchucks Indian Women
Nunchucks,Asian,Men,Nunchucks Asian Men
Nunchucks,Asian,Women,Nunchucks Asian Women
ParallelBars,White,Men,ParallelBars White Men
ParallelBars,White,Women,ParallelBars White Women
ParallelBars,Black,Men,ParallelBars Black Men
ParallelBars,Black,Women,ParallelBars Black Women
ParallelBars,Middle Eastern,Men,ParallelBars Middle Eastern Men
ParallelBars,Middle Eastern,Women,ParallelBars Middle Eastern Women
ParallelBars,Indian,Men,ParallelBars Indian Men
ParallelBars,Indian,Women,ParallelBars Indian Women
ParallelBars,Asian,Men,ParallelBars Asian Men
ParallelBars,Asian,Women,ParallelBars Asian Women
PizzaTossing,White,Men,PizzaTossing White Men
PizzaTossing,White,Women,PizzaTossing White Women
PizzaTossing,Black,Men,PizzaTossing Black Men
PizzaTossing,Black,Women,PizzaTossing Black Women
PizzaTossing,Middle Eastern,Men,PizzaTossing Middle Eastern Men
PizzaTossing,Middle Eastern,Women,PizzaTossing Middle Eastern Women
PizzaTossing,Indian,Men,PizzaTossing Indian Men
PizzaTossing,Indian,Women,PizzaTossing Indian Women
PizzaTossing,Asian,Men,PizzaTossing Asian Men
PizzaTossing,Asian,Women,PizzaTossing Asian Women
PlayingCello,White,Men,PlayingCello White Men
PlayingCello,White,Women,PlayingCello White Women
PlayingCello,Black,Men,PlayingCello Black Men
PlayingCello,Black,Women,PlayingCello Black Women
PlayingCello,Middle Eastern,Men,PlayingCello Middle Eastern Men
PlayingCello,Middle Eastern,Women,PlayingCello Middle Eastern Women
PlayingCello,Indian,Men,PlayingCello Indian Men
PlayingCello,Indian,Women,PlayingCello Indian Women
PlayingCello,Asian,Men,PlayingCello Asian Men
PlayingCello,Asian,Women,PlayingCello Asian Women
PlayingDaf,White,Men,PlayingDaf White Men
PlayingDaf,White,Women,PlayingDaf White Women
PlayingDaf,Black,Men,PlayingDaf Black Men
PlayingDaf,Black,Women,PlayingDaf Black Women
PlayingDaf,Middle Eastern,Men,PlayingDaf Middle Eastern Men
PlayingDaf,Middle Eastern,Women,PlayingDaf Middle Eastern Women
PlayingDaf,Indian,Men,PlayingDaf Indian Men
PlayingDaf,Indian,Women,PlayingDaf Indian Women
PlayingDaf,Asian,Men,PlayingDaf Asian Men
PlayingDaf,Asian,Women,PlayingDaf Asian Women
PlayingDhol,White,Men,PlayingDhol White Men
PlayingDhol,White,Women,PlayingDhol White Women
PlayingDhol,Black,Men,PlayingDhol Black Men
PlayingDhol,Black,Women,PlayingDhol Black Women
PlayingDhol,Middle Eastern,Men,PlayingDhol Middle Eastern Men
PlayingDhol,Middle Eastern,Women,PlayingDhol Middle Eastern Women
PlayingDhol,Indian,Men,PlayingDhol Indian Men
PlayingDhol,Indian,Women,PlayingDhol Indian Women
PlayingDhol,Asian,Men,PlayingDhol Asian Men
PlayingDhol,Asian,Women,PlayingDhol Asian Women
PlayingFlute,White,Men,PlayingFlute White Men
PlayingFlute,White,Women,PlayingFlute White Women
PlayingFlute,Black,Men,PlayingFlute Black Men
PlayingFlute,Black,Women,PlayingFlute Black Women
PlayingFlute,Middle Eastern,Men,PlayingFlute Middle Eastern Men
PlayingFlute,Middle Eastern,Women,PlayingFlute Middle Eastern Women
PlayingFlute,Indian,Men,PlayingFlute Indian Men
PlayingFlute,Indian,Women,PlayingFlute Indian Women
PlayingFlute,Asian,Men,PlayingFlute Asian Men
PlayingFlute,Asian,Women,PlayingFlute Asian Women
PlayingGuitar,White,Men,PlayingGuitar White Men
PlayingGuitar,White,Women,PlayingGuitar White Women
PlayingGuitar,Black,Men,PlayingGuitar Black Men
PlayingGuitar,Black,Women,PlayingGuitar Black Women
PlayingGuitar,Middle Eastern,Men,PlayingGuitar Middle Eastern Men
PlayingGuitar,Middle Eastern,Women,PlayingGuitar Middle Eastern Women
PlayingGuitar,Indian,Men,PlayingGuitar Indian Men
PlayingGuitar,Indian,Women,PlayingGuitar Indian Women
PlayingGuitar,Asian,Men,PlayingGuitar Asian Men
PlayingGuitar,Asian,Women,PlayingGuitar Asian Women
PlayingPiano,White,Men,PlayingPiano White Men
PlayingPiano,White,Women,PlayingPiano White Women
PlayingPiano,Black,Men,PlayingPiano Black Men
PlayingPiano,Black,Women,PlayingPiano Black Women
PlayingPiano,Middle Eastern,Men,PlayingPiano Middle Eastern Men
PlayingPiano,Middle Eastern,Women,PlayingPiano Middle Eastern Women
PlayingPiano,Indian,Men,PlayingPiano Indian Men
PlayingPiano,Indian,Women,PlayingPiano Indian Women
PlayingPiano,Asian,Men,PlayingPiano Asian Men
PlayingPiano,Asian,Women,PlayingPiano Asian Women
PlayingSitar,White,Men,PlayingSitar White Men
PlayingSitar,White,Women,PlayingSitar White Women
PlayingSitar,Black,Men,PlayingSitar Black Men
PlayingSitar,Black,Women,PlayingSitar Black Women
PlayingSitar,Middle Eastern,Men,PlayingSitar Middle Eastern Men
PlayingSitar,Middle Eastern,Women,PlayingSitar Middle Eastern Women
PlayingSitar,Indian,Men,PlayingSitar Indian Men
PlayingSitar,Indian,Women,PlayingSitar Indian Women
PlayingSitar,Asian,Men,PlayingSitar Asian Men
PlayingSitar,Asian,Women,PlayingSitar Asian Women
PlayingTabla,White,Men,PlayingTabla White Men
PlayingTabla,White,Women,PlayingTabla White Women
PlayingTabla,Black,Men,PlayingTabla Black Men
PlayingTabla,Black,Women,PlayingTabla Black Women
PlayingTabla,Middle Eastern,Men,PlayingTabla Middle Eastern Men
PlayingTabla,Middle Eastern,Women,PlayingTabla Middle Eastern Women
PlayingTabla,Indian,Men,PlayingTabla Indian Men
PlayingTabla,Indian,Women,PlayingTabla Indian Women
PlayingTabla,Asian,Men,PlayingTabla Asian Men
PlayingTabla,Asian,Women,PlayingTabla Asian Women
PlayingViolin,White,Men,PlayingViolin White Men
PlayingViolin,White,Women,PlayingViolin White Women
PlayingViolin,Black,Men,PlayingViolin Black Men
PlayingViolin,Black,Women,PlayingViolin Black Women
PlayingViolin,Middle Eastern,Men,PlayingViolin Middle Eastern Men
PlayingViolin,Middle Eastern,Women,PlayingViolin Middle Eastern Women
PlayingViolin,Indian,Men,PlayingViolin Indian Men
PlayingViolin,Indian,Women,PlayingViolin Indian Women
PlayingViolin,Asian,Men,PlayingViolin Asian Men
PlayingViolin,Asian,Women,PlayingViolin Asian Women
PoleVault,White,Men,PoleVault White Men
PoleVault,White,Women,PoleVault White Women
PoleVault,Black,Men,PoleVault Black Men
PoleVault,Black,Women,PoleVault Black Women
PoleVault,Middle Eastern,Men,PoleVault Middle Eastern Men
PoleVault,Middle Eastern,Women,PoleVault Middle Eastern Women
PoleVault,Indian,Men,PoleVault Indian Men
PoleVault,Indian,Women,PoleVault Indian Women
PoleVault,Asian,Men,PoleVault Asian Men
PoleVault,Asian,Women,PoleVault Asian Women
PommelHorse,White,Men,PommelHorse White Men
PommelHorse,White,Women,PommelHorse White Women
PommelHorse,Black,Men,PommelHorse Black Men
PommelHorse,Black,Women,PommelHorse Black Women
PommelHorse,Middle Eastern,Men,PommelHorse Middle Eastern Men
PommelHorse,Middle Eastern,Women,PommelHorse Middle Eastern Women
PommelHorse,Indian,Men,PommelHorse Indian Men
PommelHorse,Indian,Women,PommelHorse Indian Women
PommelHorse,Asian,Men,PommelHorse Asian Men
PommelHorse,Asian,Women,PommelHorse Asian Women
PullUps,White,Men,PullUps White Men
PullUps,White,Women,PullUps White Women
PullUps,Black,Men,PullUps Black Men
PullUps,Black,Women,PullUps Black Women
PullUps,Middle Eastern,Men,PullUps Middle Eastern Men
PullUps,Middle Eastern,Women,PullUps Middle Eastern Women
PullUps,Indian,Men,PullUps Indian Men
PullUps,Indian,Women,PullUps Indian Women
PullUps,Asian,Men,PullUps Asian Men
PullUps,Asian,Women,PullUps Asian Women
Punch,White,Men,Punch White Men
Punch,White,Women,Punch White Women
Punch,Black,Men,Punch Black Men
Punch,Black,Women,Punch Black Women
Punch,Middle Eastern,Men,Punch Middle Eastern Men
Punch,Middle Eastern,Women,Punch Middle Eastern Women
Punch,Indian,Men,Punch Indian Men
Punch,Indian,Women,Punch Indian Women
Punch,Asian,Men,Punch Asian Men
Punch,Asian,Women,Punch Asian Women
PushUps,White,Men,PushUps White Men
PushUps,White,Women,PushUps White Women
PushUps,Black,Men,PushUps Black Men
PushUps,Black,Women,PushUps Black Women
PushUps,Middle Eastern,Men,PushUps Middle Eastern Men
PushUps,Middle Eastern,Women,PushUps Middle Eastern Women
PushUps,Indian,Men,PushUps Indian Men
PushUps,Indian,Women,PushUps Indian Women
PushUps,Asian,Men,PushUps Asian Men
PushUps,Asian,Women,PushUps Asian Women
Rafting,White,Men,Rafting White Men
Rafting,White,Women,Rafting White Women
Rafting,Black,Men,Rafting Black Men
Rafting,Black,Women,Rafting Black Women
Rafting,Middle Eastern,Men,Rafting Middle Eastern Men
Rafting,Middle Eastern,Women,Rafting Middle Eastern Women
Rafting,Indian,Men,Rafting Indian Men
Rafting,Indian,Women,Rafting Indian Women
Rafting,Asian,Men,Rafting Asian Men
Rafting,Asian,Women,Rafting Asian Women
RockClimbingIndoor,White,Men,RockClimbingIndoor White Men
RockClimbingIndoor,White,Women,RockClimbingIndoor White Women
RockClimbingIndoor,Black,Men,RockClimbingIndoor Black Men
RockClimbingIndoor,Black,Women,RockClimbingIndoor Black Women
RockClimbingIndoor,Middle Eastern,Men,RockClimbingIndoor Middle Eastern Men
RockClimbingIndoor,Middle Eastern,Women,RockClimbingIndoor Middle Eastern Women
RockClimbingIndoor,Indian,Men,RockClimbingIndoor Indian Men
RockClimbingIndoor,Indian,Women,RockClimbingIndoor Indian Women
RockClimbingIndoor,Asian,Men,RockClimbingIndoor Asian Men
RockClimbingIndoor,Asian,Women,RockClimbingIndoor Asian Women
RopeClimbing,White,Men,RopeClimbing White Men
RopeClimbing,White,Women,RopeClimbing White Women
RopeClimbing,Black,Men,RopeClimbing Black Men
RopeClimbing,Black,Women,RopeClimbing Black Women
RopeClimbing,Middle Eastern,Men,RopeClimbing Middle Eastern Men
RopeClimbing,Middle Eastern,Women,RopeClimbing Middle Eastern Women
RopeClimbing,Indian,Men,RopeClimbing Indian Men
RopeClimbing,Indian,Women,RopeClimbing Indian Women
RopeClimbing,Asian,Men,RopeClimbing Asian Men
RopeClimbing,Asian,Women,RopeClimbing Asian Women
Rowing,White,Men,Rowing White Men
Rowing,White,Women,Rowing White Women
Rowing,Black,Men,Rowing Black Men
Rowing,Black,Women,Rowing Black Women
Rowing,Middle Eastern,Men,Rowing Middle Eastern Men
Rowing,Middle Eastern,Women,Rowing Middle Eastern Women
Rowing,Indian,Men,Rowing Indian Men
Rowing,Indian,Women,Rowing Indian Women
Rowing,Asian,Men,Rowing Asian Men
Rowing,Asian,Women,Rowing Asian Women
SalsaSpin,White,Men,SalsaSpin White Men
SalsaSpin,White,Women,SalsaSpin White Women
SalsaSpin,Black,Men,SalsaSpin Black Men
SalsaSpin,Black,Women,SalsaSpin Black Women
SalsaSpin,Middle Eastern,Men,SalsaSpin Middle Eastern Men
SalsaSpin,Middle Eastern,Women,SalsaSpin Middle Eastern Women
SalsaSpin,Indian,Men,SalsaSpin Indian Men
SalsaSpin,Indian,Women,SalsaSpin Indian Women
SalsaSpin,Asian,Men,SalsaSpin Asian Men
SalsaSpin,Asian,Women,SalsaSpin Asian Women
ShavingBeard,White,Men,ShavingBeard White Men
ShavingBeard,White,Women,ShavingBeard White Women
ShavingBeard,Black,Men,ShavingBeard Black Men
ShavingBeard,Black,Women,ShavingBeard Black Women
ShavingBeard,Middle Eastern,Men,ShavingBeard Middle Eastern Men
ShavingBeard,Middle Eastern,Women,ShavingBeard Middle Eastern Women
ShavingBeard,Indian,Men,ShavingBeard Indian Men
ShavingBeard,Indian,Women,ShavingBeard Indian Women
ShavingBeard,Asian,Men,ShavingBeard Asian Men
ShavingBeard,Asian,Women,ShavingBeard Asian Women
Shotput,White,Men,Shotput White Men
Shotput,White,Women,Shotput White Women
Shotput,Black,Men,Shotput Black Men
Shotput,Black,Women,Shotput Black Women
Shotput,Middle Eastern,Men,Shotput Middle Eastern Men
Shotput,Middle Eastern,Women,Shotput Middle Eastern Women
Shotput,Indian,Men,Shotput Indian Men
Shotput,Indian,Women,Shotput Indian Women
Shotput,Asian,Men,Shotput Asian Men
Shotput,Asian,Women,Shotput Asian Women
SkateBoarding,White,Men,SkateBoarding White Men
SkateBoarding,White,Women,SkateBoarding White Women
SkateBoarding,Black,Men,SkateBoarding Black Men
SkateBoarding,Black,Women,SkateBoarding Black Women
SkateBoarding,Middle Eastern,Men,SkateBoarding Middle Eastern Men
SkateBoarding,Middle Eastern,Women,SkateBoarding Middle Eastern Women
SkateBoarding,Indian,Men,SkateBoarding Indian Men
SkateBoarding,Indian,Women,SkateBoarding Indian Women
SkateBoarding,Asian,Men,SkateBoarding Asian Men
SkateBoarding,Asian,Women,SkateBoarding Asian Women
Skiing,White,Men,Skiing White Men
Skiing,White,Women,Skiing White Women
Skiing,Black,Men,Skiing Black Men
Skiing,Black,Women,Skiing Black Women
Skiing,Middle Eastern,Men,Skiing Middle Eastern Men
Skiing,Middle Eastern,Women,Skiing Middle Eastern Women
Skiing,Indian,Men,Skiing Indian Men
Skiing,Indian,Women,Skiing Indian Women
Skiing,Asian,Men,Skiing Asian Men
Skiing,Asian,Women,Skiing Asian Women
Skijet,White,Men,Skijet White Men
Skijet,White,Women,Skijet White Women
Skijet,Black,Men,Skijet Black Men
Skijet,Black,Women,Skijet Black Women
Skijet,Middle Eastern,Men,Skijet Middle Eastern Men
Skijet,Middle Eastern,Women,Skijet Middle Eastern Women
Skijet,Indian,Men,Skijet Indian Men
Skijet,Indian,Women,Skijet Indian Women
Skijet,Asian,Men,Skijet Asian Men
Skijet,Asian,Women,Skijet Asian Women
SkyDiving,White,Men,SkyDiving White Men
SkyDiving,White,Women,SkyDiving White Women
SkyDiving,Black,Men,SkyDiving Black Men
SkyDiving,Black,Women,SkyDiving Black Women
SkyDiving,Middle Eastern,Men,SkyDiving Middle Eastern Men
SkyDiving,Middle Eastern,Women,SkyDiving Middle Eastern Women
SkyDiving,Indian,Men,SkyDiving Indian Men
SkyDiving,Indian,Women,SkyDiving Indian Women
SkyDiving,Asian,Men,SkyDiving Asian Men
SkyDiving,Asian,Women,SkyDiving Asian Women
SoccerJuggling,White,Men,SoccerJuggling White Men
SoccerJuggling,White,Women,SoccerJuggling White Women
SoccerJuggling,Black,Men,SoccerJuggling Black Men
SoccerJuggling,Black,Women,SoccerJuggling Black Women
SoccerJuggling,Middle Eastern,Men,SoccerJuggling Middle Eastern Men
SoccerJuggling,Middle Eastern,Women,SoccerJuggling Middle Eastern Women
SoccerJuggling,Indian,Men,SoccerJuggling Indian Men
SoccerJuggling,Indian,Women,SoccerJuggling Indian Women
SoccerJuggling,Asian,Men,SoccerJuggling Asian Men
SoccerJuggling,Asian,Women,SoccerJuggling Asian Women
SoccerPenalty,White,Men,SoccerPenalty White Men
SoccerPenalty,White,Women,SoccerPenalty White Women
SoccerPenalty,Black,Men,SoccerPenalty Black Men
SoccerPenalty,Black,Women,SoccerPenalty Black Women
SoccerPenalty,Middle Eastern,Men,SoccerPenalty Middle Eastern Men
SoccerPenalty,Middle Eastern,Women,SoccerPenalty Middle Eastern Women
SoccerPenalty,Indian,Men,SoccerPenalty Indian Men
SoccerPenalty,Indian,Women,SoccerPenalty Indian Women
SoccerPenalty,Asian,Men,SoccerPenalty Asian Men
SoccerPenalty,Asian,Women,SoccerPenalty Asian Women
StillRings,White,Men,StillRings White Men
StillRings,White,Women,StillRings White Women
StillRings,Black,Men,StillRings Black Men
StillRings,Black,Women,StillRings Black Women
StillRings,Middle Eastern,Men,StillRings Middle Eastern Men
StillRings,Middle Eastern,Women,StillRings Middle Eastern Women
StillRings,Indian,Men,StillRings Indian Men
StillRings,Indian,Women,StillRings Indian Women
StillRings,Asian,Men,StillRings Asian Men
StillRings,Asian,Women,StillRings Asian Women
SumoWrestling,White,Men,SumoWrestling White Men
SumoWrestling,White,Women,SumoWrestling White Women
SumoWrestling,Black,Men,SumoWrestling Black Men
SumoWrestling,Black,Women,SumoWrestling Black Women
SumoWrestling,Middle Eastern,Men,SumoWrestling Middle Eastern Men
SumoWrestling,Middle Eastern,Women,SumoWrestling Middle Eastern Women
SumoWrestling,Indian,Men,SumoWrestling Indian Men
SumoWrestling,Indian,Women,SumoWrestling Indian Women
SumoWrestling,Asian,Men,SumoWrestling Asian Men
SumoWrestling,Asian,Women,SumoWrestling Asian Women
Surfing,White,Men,Surfing White Men
Surfing,White,Women,Surfing White Women
Surfing,Black,Men,Surfing Black Men
Surfing,Black,Women,Surfing Black Women
Surfing,Middle Eastern,Men,Surfing Middle Eastern Men
Surfing,Middle Eastern,Women,Surfing Middle Eastern Women
Surfing,Indian,Men,Surfing Indian Men
Surfing,Indian,Women,Surfing Indian Women
Surfing,Asian,Men,Surfing Asian Men
Surfing,Asian,Women,Surfing Asian Women
Swing,White,Men,Swing White Men
Swing,White,Women,Swing White Women
Swing,Black,Men,Swing Black Men
Swing,Black,Women,Swing Black Women
Swing,Middle Eastern,Men,Swing Middle Eastern Men
Swing,Middle Eastern,Women,Swing Middle Eastern Women
Swing,Indian,Men,Swing Indian Men
Swing,Indian,Women,Swing Indian Women
Swing,Asian,Men,Swing Asian Men
Swing,Asian,Women,Swing Asian Women
TableTennisShot,White,Men,TableTennisShot White Men
TableTennisShot,White,Women,TableTennisShot White Women
TableTennisShot,Black,Men,TableTennisShot Black Men
TableTennisShot,Black,Women,TableTennisShot Black Women
TableTennisShot,Middle Eastern,Men,TableTennisShot Middle Eastern Men
TableTennisShot,Middle Eastern,Women,TableTennisShot Middle Eastern Women
TableTennisShot,Indian,Men,TableTennisShot Indian Men
TableTennisShot,Indian,Women,TableTennisShot Indian Women
TableTennisShot,Asian,Men,TableTennisShot Asian Men
TableTennisShot,Asian,Women,TableTennisShot Asian Women
TaiChi,White,Men,TaiChi White Men
TaiChi,White,Women,TaiChi White Women
TaiChi,Black,Men,TaiChi Black Men
TaiChi,Black,Women,TaiChi Black Women
TaiChi,Middle Eastern,Men,TaiChi Middle Eastern Men
TaiChi,Middle Eastern,Women,TaiChi Middle Eastern Women
TaiChi,Indian,Men,TaiChi Indian Men
TaiChi,Indian,Women,TaiChi Indian Women
TaiChi,Asian,Men,TaiChi Asian Men
TaiChi,Asian,Women,TaiChi Asian Women
TennisSwing,White,Men,TennisSwing White Men
TennisSwing,White,Women,TennisSwing White Women
TennisSwing,Black,Men,TennisSwing Black Men
TennisSwing,Black,Women,TennisSwing Black Women
TennisSwing,Middle Eastern,Men,TennisSwing Middle Eastern Men
TennisSwing,Middle Eastern,Women,TennisSwing Middle Eastern Women
TennisSwing,Indian,Men,TennisSwing Indian Men
TennisSwing,Indian,Women,TennisSwing Indian Women
TennisSwing,Asian,Men,TennisSwing Asian Men
TennisSwing,Asian,Women,TennisSwing Asian Women
ThrowDiscus,White,Men,ThrowDiscus White Men
ThrowDiscus,White,Women,ThrowDiscus White Women
ThrowDiscus,Black,Men,ThrowDiscus Black Men
ThrowDiscus,Black,Women,ThrowDiscus Black Women
ThrowDiscus,Middle Eastern,Men,ThrowDiscus Middle Eastern Men
ThrowDiscus,Middle Eastern,Women,ThrowDiscus Middle Eastern Women
ThrowDiscus,Indian,Men,ThrowDiscus Indian Men
ThrowDiscus,Indian,Women,ThrowDiscus Indian Women
ThrowDiscus,Asian,Men,ThrowDiscus Asian Men
ThrowDiscus,Asian,Women,ThrowDiscus Asian Women
TrampolineJumping,White,Men,TrampolineJumping White Men
TrampolineJumping,White,Women,TrampolineJumping White Women
TrampolineJumping,Black,Men,TrampolineJumping Black Men
TrampolineJumping,Black,Women,TrampolineJumping Black Women
TrampolineJumping,Middle Eastern,Men,TrampolineJumping Middle Eastern Men
TrampolineJumping,Middle Eastern,Women,TrampolineJumping Middle Eastern Women
TrampolineJumping,Indian,Men,TrampolineJumping Indian Men
TrampolineJumping,Indian,Women,TrampolineJumping Indian Women
TrampolineJumping,Asian,Men,TrampolineJumping Asian Men
TrampolineJumping,Asian,Women,TrampolineJumping Asian Women
Typing,White,Men,Typing White Men
Typing,White,Women,Typing White Women
Typing,Black,Men,Typing Black Men
Typing,Black,Women,Typing Black Women
Typing,Middle Eastern,Men,Typing Middle Eastern Men
Typing,Middle Eastern,Women,Typing Middle Eastern Women
Typing,Indian,Men,Typing Indian Men
Typing,Indian,Women,Typing Indian Women
Typing,Asian,Men,Typing Asian Men
Typing,Asian,Women,Typing Asian Women
UnevenBars,White,Men,UnevenBars White Men
UnevenBars,White,Women,UnevenBars White Women
UnevenBars,Black,Men,UnevenBars Black Men
UnevenBars,Black,Women,UnevenBars Black Women
UnevenBars,Middle Eastern,Men,UnevenBars Middle Eastern Men
UnevenBars,Middle Eastern,Women,UnevenBars Middle Eastern Women
UnevenBars,Indian,Men,UnevenBars Indian Men
UnevenBars,Indian,Women,UnevenBars Indian Women
UnevenBars,Asian,Men,UnevenBars Asian Men
UnevenBars,Asian,Women,UnevenBars Asian Women
VolleyballSpiking,White,Men,VolleyballSpiking White Men
VolleyballSpiking,White,Women,VolleyballSpiking White Women
VolleyballSpiking,Black,Men,VolleyballSpiking Black Men
VolleyballSpiking,Black,Women,VolleyballSpiking Black Women
VolleyballSpiking,Middle Eastern,Men,VolleyballSpiking Middle Eastern Men
VolleyballSpiking,Middle Eastern,Women,VolleyballSpiking Middle Eastern Women
VolleyballSpiking,Indian,Men,VolleyballSpiking Indian Men
VolleyballSpiking,Indian,Women,VolleyballSpiking Indian Women
VolleyballSpiking,Asian,Men,VolleyballSpiking Asian Men
VolleyballSpiking,Asian,Women,VolleyballSpiking Asian Women
WalkingWithDog,White,Men,WalkingWithDog White Men
WalkingWithDog,White,Women,WalkingWithDog White Women
WalkingWithDog,Black,Men,WalkingWithDog Black Men
WalkingWithDog,Black,Women,WalkingWithDog Black Women
WalkingWithDog,Middle Eastern,Men,WalkingWithDog Middle Eastern Men
WalkingWithDog,Middle Eastern,Women,WalkingWithDog Middle Eastern Women
WalkingWithDog,Indian,Men,WalkingWithDog Indian Men
WalkingWithDog,Indian,Women,WalkingWithDog Indian Women
WalkingWithDog,Asian,Men,WalkingWithDog Asian Men
WalkingWithDog,Asian,Women,WalkingWithDog Asian Women
WallPushups,White,Men,WallPushups White Men
WallPushups,White,Women,WallPushups White Women
WallPushups,Black,Men,WallPushups Black Men
WallPushups,Black,Women,WallPushups Black Women
WallPushups,Middle Eastern,Men,WallPushups Middle Eastern Men
WallPushups,Middle Eastern,Women,WallPushups Middle Eastern Women
WallPushups,Indian,Men,WallPushups Indian Men
WallPushups,Indian,Women,WallPushups Indian Women
WallPushups,Asian,Men,WallPushups Asian Men
WallPushups,Asian,Women,WallPushups Asian Women
WritingOnBoard,White,Men,WritingOnBoard White Men
WritingOnBoard,White,Women,WritingOnBoard White Women
WritingOnBoard,Black,Men,WritingOnBoard Black Men
WritingOnBoard,Black,Women,WritingOnBoard Black Women
WritingOnBoard,Middle Eastern,Men,WritingOnBoard Middle Eastern Men
WritingOnBoard,Middle Eastern,Women,WritingOnBoard Middle Eastern Women
WritingOnBoard,Indian,Men,WritingOnBoard Indian Men
WritingOnBoard,Indian,Women,WritingOnBoard Indian Women
WritingOnBoard,Asian,Men,WritingOnBoard Asian Men
WritingOnBoard,Asian,Women,WritingOnBoard Asian Women
YoYo,White,Men,YoYo White Men
YoYo,White,Women,YoYo White Women
YoYo,Black,Men,YoYo Black Men
YoYo,Black,Women,YoYo Black Women
YoYo,Middle Eastern,Men,YoYo Middle Eastern Men
YoYo,Middle Eastern,Women,YoYo Middle Eastern Women
YoYo,Indian,Men,YoYo Indian Men
YoYo,Indian,Women,YoYo Indian Women
YoYo,Asian,Men,YoYo Asian Men
YoYo,Asian,Women,YoYo Asian Women
