video_name,thin and tall_count,thin and short_count,wide and tall_count,wide and short_count,final,category
v_Archery_g02_c03,0,1,0,4,wide and short,Archery
v_Archery_g02_c07,0,2,0,3,wide and short,Archery
v_Archery_g05_c02,0,4,0,1,thin and short,Archery
v_Archery_g16_c02,0,3,0,2,thin and short,Archery
v_Archery_g18_c01,0,4,0,1,thin and short,Archery
v_Archery_g19_c03,0,5,0,0,thin and short,Archery
v_Archery_g23_c02,0,2,0,3,wide and short,Archery
v_Archery_g24_c02,0,3,0,2,thin and short,Archery
v_BabyCrawling_g03_c01,0,1,0,4,wide and short,BabyCrawling
v_BabyCrawling_g03_c03,0,2,0,3,wide and short,BabyCrawling
v_BabyCrawling_g11_c01,0,2,0,3,wide and short,BabyCrawling
v_BabyCrawling_g12_c03,0,0,0,5,wide and short,BabyCrawling
v_BabyCrawling_g12_c05,0,2,0,3,wide and short,BabyCrawling
v_BabyCrawling_g13_c05,0,2,0,3,wide and short,BabyCrawling
v_BabyCrawling_g13_c06,0,1,0,4,wide and short,BabyCrawling
v_BabyCrawling_g18_c01,0,5,0,0,thin and short,BabyCrawling
v_BabyCrawling_g19_c04,0,1,0,4,wide and short,BabyCrawling
v_BabyCrawling_g22_c04,0,2,0,3,wide and short,BabyCrawling
v_BabyCrawling_g23_c03,0,2,0,3,wide and short,BabyCrawling
v_BabyCrawling_g24_c06,0,2,0,3,wide and short,BabyCrawling
v_BabyCrawling_g25_c01,0,2,0,3,wide and short,BabyCrawling
v_BalanceBeam_g02_c04,0,2,0,3,wide and short,BalanceBeam
v_BalanceBeam_g05_c04,0,1,0,4,wide and short,BalanceBeam
v_BalanceBeam_g06_c03,0,3,0,2,thin and short,BalanceBeam
v_BalanceBeam_g06_c04,0,3,0,2,thin and short,BalanceBeam
v_BalanceBeam_g06_c05,0,3,0,2,thin and short,BalanceBeam
v_BalanceBeam_g09_c02,0,2,0,3,wide and short,BalanceBeam
v_BalanceBeam_g11_c03,0,2,0,3,wide and short,BalanceBeam
v_BalanceBeam_g12_c01,0,2,0,3,wide and short,BalanceBeam
v_BalanceBeam_g12_c04,0,0,0,5,wide and short,BalanceBeam
v_BalanceBeam_g14_c01,0,1,0,4,wide and short,BalanceBeam
v_BalanceBeam_g16_c03,0,5,0,0,thin and short,BalanceBeam
v_BalanceBeam_g19_c02,0,1,0,4,wide and short,BalanceBeam
v_BalanceBeam_g19_c03,0,0,0,5,wide and short,BalanceBeam
v_BalanceBeam_g20_c04,0,2,0,3,wide and short,BalanceBeam
v_BalanceBeam_g21_c04,0,3,0,2,thin and short,BalanceBeam
v_BalanceBeam_g21_c05,0,3,0,2,thin and short,BalanceBeam
v_BalanceBeam_g22_c03,0,2,0,3,wide and short,BalanceBeam
v_BalanceBeam_g22_c04,0,2,0,3,wide and short,BalanceBeam
v_BalanceBeam_g23_c03,0,0,0,5,wide and short,BalanceBeam
v_BalanceBeam_g25_c03,0,0,0,5,wide and short,BalanceBeam
v_BalanceBeam_g25_c04,0,2,0,3,wide and short,BalanceBeam
v_BandMarching_g06_c02,0,5,0,0,thin and short,BandMarching
v_BandMarching_g11_c02,0,3,0,2,thin and short,BandMarching
v_BandMarching_g11_c03,0,5,0,0,thin and short,BandMarching
v_BandMarching_g12_c01,0,3,0,2,thin and short,BandMarching
v_BandMarching_g14_c04,0,0,0,5,wide and short,BandMarching
v_BandMarching_g15_c02,0,5,0,0,thin and short,BandMarching
v_BandMarching_g15_c03,0,5,0,0,thin and short,BandMarching
v_BandMarching_g15_c06,0,5,0,0,thin and short,BandMarching
v_BandMarching_g17_c01,0,5,0,0,thin and short,BandMarching
v_BandMarching_g18_c02,0,0,0,5,wide and short,BandMarching
v_BandMarching_g18_c03,0,0,0,5,wide and short,BandMarching
v_BandMarching_g19_c03,0,4,0,1,thin and short,BandMarching
v_BandMarching_g19_c04,0,3,0,2,thin and short,BandMarching
v_BandMarching_g19_c06,0,3,0,2,thin and short,BandMarching
v_BandMarching_g20_c01,0,1,0,4,wide and short,BandMarching
v_BandMarching_g20_c02,0,0,0,5,wide and short,BandMarching
v_BandMarching_g20_c03,0,0,0,5,wide and short,BandMarching
v_BandMarching_g22_c03,0,4,0,1,thin and short,BandMarching
v_BaseballPitch_g01_c01,0,2,0,3,wide and short,BaseballPitch
v_BaseballPitch_g01_c02,0,0,0,5,wide and short,BaseballPitch
v_BaseballPitch_g01_c04,0,0,0,5,wide and short,BaseballPitch
v_BaseballPitch_g15_c02,0,3,0,2,thin and short,BaseballPitch
v_BaseballPitch_g21_c02,0,2,0,3,wide and short,BaseballPitch
v_BaseballPitch_g21_c04,0,1,0,4,wide and short,BaseballPitch
v_Basketball_g03_c03,0,3,0,2,thin and short,Basketball
v_Basketball_g15_c01,0,5,0,0,thin and short,Basketball
v_Basketball_g15_c03,0,3,0,2,thin and short,Basketball
v_Basketball_g15_c06,0,3,0,2,thin and short,Basketball
v_Basketball_g17_c02,0,5,0,0,thin and short,Basketball
v_Basketball_g21_c06,0,3,0,2,thin and short,Basketball
v_Biking_g06_c03,0,3,0,2,thin and short,Biking
v_Biking_g07_c06,0,5,0,0,thin and short,Biking
v_Biking_g10_c03,0,2,0,3,wide and short,Biking
v_Biking_g10_c04,0,2,0,3,wide and short,Biking
v_Biking_g10_c06,0,0,0,5,wide and short,Biking
v_Biking_g12_c04,0,4,0,1,thin and short,Biking
v_Biking_g14_c02,0,1,0,4,wide and short,Biking
v_Biking_g17_c02,0,0,0,5,wide and short,Biking
v_Biking_g17_c03,0,1,0,4,wide and short,Biking
v_Biking_g17_c06,0,1,0,4,wide and short,Biking
v_Biking_g22_c02,0,2,0,3,wide and short,Biking
v_Biking_g22_c03,0,1,0,4,wide and short,Biking
v_BlowingCandles_g02_c04,0,2,0,3,wide and short,BlowingCandles
v_BlowingCandles_g04_c03,0,3,0,2,thin and short,BlowingCandles
v_BlowingCandles_g04_c05,0,5,0,0,thin and short,BlowingCandles
v_BlowingCandles_g05_c05,0,3,0,2,thin and short,BlowingCandles
v_BlowingCandles_g09_c01,0,2,0,3,wide and short,BlowingCandles
v_BlowingCandles_g11_c01,0,1,0,4,wide and short,BlowingCandles
v_BlowingCandles_g12_c03,0,4,0,1,thin and short,BlowingCandles
v_BlowingCandles_g12_c06,0,3,0,2,thin and short,BlowingCandles
v_BlowingCandles_g13_c02,0,2,0,3,wide and short,BlowingCandles
v_BlowingCandles_g13_c03,0,1,0,4,wide and short,BlowingCandles
v_BlowingCandles_g14_c03,0,0,0,5,wide and short,BlowingCandles
v_BlowingCandles_g14_c04,0,0,0,5,wide and short,BlowingCandles
v_BlowingCandles_g15_c03,0,4,0,1,thin and short,BlowingCandles
v_BlowingCandles_g17_c02,0,3,0,2,thin and short,BlowingCandles
v_BlowingCandles_g18_c02,0,1,0,4,wide and short,BlowingCandles
v_BlowingCandles_g18_c03,0,0,0,5,wide and short,BlowingCandles
v_BlowingCandles_g20_c01,0,0,0,5,wide and short,BlowingCandles
v_BlowingCandles_g21_c01,0,1,0,4,wide and short,BlowingCandles
v_BlowingCandles_g21_c04,0,0,0,5,wide and short,BlowingCandles
v_BlowingCandles_g23_c02,0,1,0,4,wide and short,BlowingCandles
v_BlowingCandles_g23_c03,0,0,0,5,wide and short,BlowingCandles
v_BlowingCandles_g24_c01,0,0,0,5,wide and short,BlowingCandles
v_BlowingCandles_g24_c02,0,0,0,5,wide and short,BlowingCandles
v_BlowingCandles_g25_c02,0,4,0,1,thin and short,BlowingCandles
v_BodyWeightSquats_g03_c02,0,2,0,3,wide and short,BodyWeightSquats
v_Bowling_g01_c06,0,5,0,0,thin and short,Bowling
v_Bowling_g03_c01,0,4,0,1,thin and short,Bowling
v_Bowling_g03_c03,0,4,0,1,thin and short,Bowling
v_Bowling_g03_c06,0,3,0,2,thin and short,Bowling
v_Bowling_g04_c02,0,4,0,1,thin and short,Bowling
v_Bowling_g05_c02,0,4,0,1,thin and short,Bowling
v_Bowling_g05_c03,0,3,0,2,thin and short,Bowling
v_Bowling_g05_c04,0,4,0,1,thin and short,Bowling
v_Bowling_g06_c04,0,3,0,2,thin and short,Bowling
v_Bowling_g07_c05,0,3,0,2,thin and short,Bowling
v_Bowling_g09_c05,0,5,0,0,thin and short,Bowling
v_Bowling_g09_c06,0,3,0,2,thin and short,Bowling
v_Bowling_g09_c07,0,3,0,2,thin and short,Bowling
v_Bowling_g12_c03,0,1,0,4,wide and short,Bowling
v_Bowling_g12_c04,0,0,0,5,wide and short,Bowling
v_Bowling_g18_c05,0,5,0,0,thin and short,Bowling
v_Bowling_g20_c02,0,4,0,1,thin and short,Bowling
v_Bowling_g20_c04,0,5,0,0,thin and short,Bowling
v_Bowling_g21_c03,0,3,0,2,thin and short,Bowling
v_Bowling_g22_c04,0,4,0,1,thin and short,Bowling
v_Bowling_g23_c03,0,4,0,1,thin and short,Bowling
v_Bowling_g23_c04,0,3,0,2,thin and short,Bowling
v_Bowling_g23_c07,0,4,0,1,thin and short,Bowling
v_Bowling_g24_c03,0,3,0,2,thin and short,Bowling
v_Bowling_g24_c06,0,4,0,1,thin and short,Bowling
v_Bowling_g24_c07,0,5,0,0,thin and short,Bowling
v_BoxingSpeedBag_g11_c06,0,2,0,3,wide and short,BoxingSpeedBag
v_BreastStroke_g01_c04,0,5,0,0,thin and short,BreastStroke
v_BreastStroke_g04_c03,0,3,0,2,thin and short,BreastStroke
v_BreastStroke_g05_c02,0,1,0,4,wide and short,BreastStroke
v_BreastStroke_g05_c03,0,2,0,3,wide and short,BreastStroke
v_BreastStroke_g08_c01,0,2,0,3,wide and short,BreastStroke
v_BreastStroke_g08_c04,0,1,0,4,wide and short,BreastStroke
v_BreastStroke_g09_c01,0,3,0,2,thin and short,BreastStroke
v_BreastStroke_g10_c01,0,0,0,5,wide and short,BreastStroke
v_BreastStroke_g12_c03,0,3,0,2,thin and short,BreastStroke
v_BreastStroke_g14_c03,0,2,0,3,wide and short,BreastStroke
v_BreastStroke_g15_c02,0,1,0,4,wide and short,BreastStroke
v_BreastStroke_g16_c01,0,2,0,3,wide and short,BreastStroke
v_BreastStroke_g16_c04,0,2,0,3,wide and short,BreastStroke
v_BreastStroke_g17_c03,0,5,0,0,thin and short,BreastStroke
v_BreastStroke_g18_c04,0,2,0,3,wide and short,BreastStroke
v_BreastStroke_g22_c01,0,0,0,5,wide and short,BreastStroke
v_BreastStroke_g22_c03,0,0,0,5,wide and short,BreastStroke
v_BreastStroke_g24_c03,0,1,0,4,wide and short,BreastStroke
v_BreastStroke_g24_c04,0,0,0,5,wide and short,BreastStroke
v_BreastStroke_g25_c01,0,1,0,4,wide and short,BreastStroke
v_BreastStroke_g25_c03,0,1,0,4,wide and short,BreastStroke
v_CliffDiving_g01_c01,0,2,0,3,wide and short,CliffDiving
v_CliffDiving_g02_c02,0,2,0,3,wide and short,CliffDiving
v_CliffDiving_g02_c03,0,2,0,3,wide and short,CliffDiving
v_CliffDiving_g03_c05,0,4,0,1,thin and short,CliffDiving
v_CliffDiving_g05_c01,0,4,0,1,thin and short,CliffDiving
v_CliffDiving_g05_c03,0,4,0,1,thin and short,CliffDiving
v_CliffDiving_g06_c02,0,3,0,2,thin and short,CliffDiving
v_CliffDiving_g07_c04,0,4,0,1,thin and short,CliffDiving
v_CliffDiving_g07_c06,0,4,0,1,thin and short,CliffDiving
v_CliffDiving_g08_c02,0,0,0,5,wide and short,CliffDiving
v_CliffDiving_g09_c02,0,2,0,3,wide and short,CliffDiving
v_CliffDiving_g09_c06,0,1,0,4,wide and short,CliffDiving
v_CliffDiving_g10_c02,0,3,0,2,thin and short,CliffDiving
v_CliffDiving_g11_c02,0,1,0,4,wide and short,CliffDiving
v_CliffDiving_g11_c03,0,0,0,5,wide and short,CliffDiving
v_CliffDiving_g11_c05,0,2,0,3,wide and short,CliffDiving
v_CliffDiving_g12_c02,0,5,0,0,thin and short,CliffDiving
v_CliffDiving_g12_c04,0,4,0,1,thin and short,CliffDiving
v_CliffDiving_g12_c06,0,3,0,2,thin and short,CliffDiving
v_CliffDiving_g13_c04,0,3,0,2,thin and short,CliffDiving
v_CliffDiving_g14_c07,0,5,0,0,thin and short,CliffDiving
v_CliffDiving_g16_c01,0,2,0,3,wide and short,CliffDiving
v_CliffDiving_g17_c03,0,0,0,5,wide and short,CliffDiving
v_CliffDiving_g17_c04,0,1,0,4,wide and short,CliffDiving
v_CliffDiving_g18_c04,0,3,0,2,thin and short,CliffDiving
v_CliffDiving_g18_c05,0,5,0,0,thin and short,CliffDiving
v_CliffDiving_g19_c03,0,3,0,2,thin and short,CliffDiving
v_CliffDiving_g19_c07,0,3,0,2,thin and short,CliffDiving
v_CliffDiving_g22_c01,0,1,0,4,wide and short,CliffDiving
v_CliffDiving_g22_c02,0,0,0,5,wide and short,CliffDiving
v_CliffDiving_g22_c03,0,0,0,5,wide and short,CliffDiving
v_CricketBowling_g04_c05,0,4,0,1,thin and short,CricketBowling
v_CricketBowling_g06_c01,0,3,0,2,thin and short,CricketBowling
v_CuttingInKitchen_g09_c02,0,2,0,3,wide and short,CuttingInKitchen
v_Diving_g14_c02,0,4,0,1,thin and short,Diving
v_Diving_g21_c03,0,4,0,1,thin and short,Diving
v_Diving_g22_c01,0,4,0,1,thin and short,Diving
v_Diving_g23_c06,0,4,0,1,thin and short,Diving
v_Diving_g25_c04,0,4,0,1,thin and short,Diving
v_Drumming_g03_c03,0,3,0,2,thin and short,Drumming
v_Drumming_g05_c01,0,4,0,1,thin and short,Drumming
v_Drumming_g05_c04,0,3,0,2,thin and short,Drumming
v_Drumming_g08_c01,0,3,0,2,thin and short,Drumming
v_Drumming_g09_c04,0,1,0,4,wide and short,Drumming
v_Drumming_g13_c06,0,2,0,3,wide and short,Drumming
v_Drumming_g13_c07,0,0,0,5,wide and short,Drumming
v_Drumming_g18_c02,0,0,0,5,wide and short,Drumming
v_Drumming_g18_c03,0,0,0,5,wide and short,Drumming
v_Drumming_g18_c05,0,0,0,5,wide and short,Drumming
v_Drumming_g21_c03,0,3,0,2,thin and short,Drumming
v_Drumming_g21_c04,0,3,0,2,thin and short,Drumming
v_Drumming_g23_c02,0,5,0,0,thin and short,Drumming
v_Drumming_g23_c03,0,3,0,2,thin and short,Drumming
v_Drumming_g24_c01,0,0,0,5,wide and short,Drumming
v_Drumming_g24_c02,0,2,0,3,wide and short,Drumming
v_Drumming_g24_c07,0,1,0,4,wide and short,Drumming
v_FloorGymnastics_g04_c01,0,0,0,5,wide and short,FloorGymnastics
v_FloorGymnastics_g06_c01,0,5,0,0,thin and short,FloorGymnastics
v_FloorGymnastics_g06_c02,0,5,0,0,thin and short,FloorGymnastics
v_FloorGymnastics_g06_c03,0,5,0,0,thin and short,FloorGymnastics
v_FloorGymnastics_g07_c03,0,1,0,4,wide and short,FloorGymnastics
v_FloorGymnastics_g07_c06,0,1,0,4,wide and short,FloorGymnastics
v_FloorGymnastics_g08_c04,0,5,0,0,thin and short,FloorGymnastics
v_FloorGymnastics_g11_c02,0,2,0,3,wide and short,FloorGymnastics
v_FloorGymnastics_g12_c05,0,1,0,4,wide and short,FloorGymnastics
v_FloorGymnastics_g14_c05,0,1,0,4,wide and short,FloorGymnastics
v_FloorGymnastics_g16_c01,0,2,0,3,wide and short,FloorGymnastics
v_FloorGymnastics_g16_c04,0,2,0,3,wide and short,FloorGymnastics
v_FloorGymnastics_g18_c01,0,1,0,4,wide and short,FloorGymnastics
v_FloorGymnastics_g18_c05,0,1,0,4,wide and short,FloorGymnastics
v_FloorGymnastics_g20_c05,0,2,0,3,wide and short,FloorGymnastics
v_FloorGymnastics_g21_c01,0,2,0,3,wide and short,FloorGymnastics
v_FloorGymnastics_g22_c01,0,1,0,4,wide and short,FloorGymnastics
v_FloorGymnastics_g22_c02,0,2,0,3,wide and short,FloorGymnastics
v_FloorGymnastics_g24_c02,0,0,0,5,wide and short,FloorGymnastics
v_FrisbeeCatch_g03_c02,0,4,0,1,thin and short,FrisbeeCatch
v_FrisbeeCatch_g03_c03,0,3,0,2,thin and short,FrisbeeCatch
v_FrisbeeCatch_g05_c02,0,3,0,2,thin and short,FrisbeeCatch
v_FrisbeeCatch_g13_c01,0,2,0,3,wide and short,FrisbeeCatch
v_FrisbeeCatch_g13_c03,0,1,0,4,wide and short,FrisbeeCatch
v_FrisbeeCatch_g15_c03,0,3,0,2,thin and short,FrisbeeCatch
v_FrisbeeCatch_g16_c04,0,5,0,0,thin and short,FrisbeeCatch
v_FrisbeeCatch_g18_c01,0,3,0,2,thin and short,FrisbeeCatch
v_FrisbeeCatch_g20_c03,0,3,0,2,thin and short,FrisbeeCatch
v_FrisbeeCatch_g24_c02,0,3,0,2,thin and short,FrisbeeCatch
v_FrontCrawl_g01_c01,0,2,0,3,wide and short,FrontCrawl
v_FrontCrawl_g04_c01,0,0,0,5,wide and short,FrontCrawl
v_FrontCrawl_g04_c02,0,2,0,3,wide and short,FrontCrawl
v_FrontCrawl_g04_c06,0,2,0,3,wide and short,FrontCrawl
v_FrontCrawl_g07_c03,0,3,0,2,thin and short,FrontCrawl
v_FrontCrawl_g07_c05,0,5,0,0,thin and short,FrontCrawl
v_FrontCrawl_g07_c07,0,3,0,2,thin and short,FrontCrawl
v_FrontCrawl_g12_c04,0,4,0,1,thin and short,FrontCrawl
v_FrontCrawl_g13_c04,0,2,0,3,wide and short,FrontCrawl
v_FrontCrawl_g17_c01,0,1,0,4,wide and short,FrontCrawl
v_FrontCrawl_g17_c07,0,0,0,5,wide and short,FrontCrawl
v_FrontCrawl_g22_c02,0,2,0,3,wide and short,FrontCrawl
v_FrontCrawl_g22_c04,0,1,0,4,wide and short,FrontCrawl
v_FrontCrawl_g22_c05,0,1,0,4,wide and short,FrontCrawl
v_FrontCrawl_g23_c01,0,3,0,2,thin and short,FrontCrawl
v_FrontCrawl_g23_c03,0,3,0,2,thin and short,FrontCrawl
v_FrontCrawl_g23_c05,0,4,0,1,thin and short,FrontCrawl
v_FrontCrawl_g24_c01,0,3,0,2,thin and short,FrontCrawl
v_FrontCrawl_g24_c06,0,4,0,1,thin and short,FrontCrawl
v_GolfSwing_g08_c01,0,4,0,1,thin and short,GolfSwing
v_GolfSwing_g08_c05,0,3,0,2,thin and short,GolfSwing
v_GolfSwing_g10_c01,0,0,0,5,wide and short,GolfSwing
v_GolfSwing_g20_c01,0,0,0,5,wide and short,GolfSwing
v_GolfSwing_g20_c05,0,1,0,4,wide and short,GolfSwing
v_GolfSwing_g21_c01,0,4,0,1,thin and short,GolfSwing
v_GolfSwing_g21_c06,0,4,0,1,thin and short,GolfSwing
v_GolfSwing_g22_c04,0,0,0,5,wide and short,GolfSwing
v_GolfSwing_g22_c05,0,1,0,4,wide and short,GolfSwing
v_GolfSwing_g22_c06,0,0,0,5,wide and short,GolfSwing
v_HammerThrow_g01_c03,0,0,0,5,wide and short,HammerThrow
v_HammerThrow_g01_c06,0,2,0,3,wide and short,HammerThrow
v_HammerThrow_g02_c06,0,2,0,3,wide and short,HammerThrow
v_HammerThrow_g03_c01,0,0,0,5,wide and short,HammerThrow
v_HammerThrow_g03_c07,0,1,0,4,wide and short,HammerThrow
v_HammerThrow_g04_c01,0,4,0,1,thin and short,HammerThrow
v_HammerThrow_g04_c05,0,3,0,2,thin and short,HammerThrow
v_HammerThrow_g06_c04,0,4,0,1,thin and short,HammerThrow
v_HammerThrow_g08_c02,0,2,0,3,wide and short,HammerThrow
v_HammerThrow_g08_c03,0,1,0,4,wide and short,HammerThrow
v_HammerThrow_g08_c06,0,2,0,3,wide and short,HammerThrow
v_HammerThrow_g09_c01,0,2,0,3,wide and short,HammerThrow
v_HammerThrow_g09_c02,0,2,0,3,wide and short,HammerThrow
v_HammerThrow_g09_c07,0,1,0,4,wide and short,HammerThrow
v_HammerThrow_g10_c05,0,3,0,2,thin and short,HammerThrow
v_HammerThrow_g10_c06,0,4,0,1,thin and short,HammerThrow
v_HammerThrow_g11_c02,0,1,0,4,wide and short,HammerThrow
v_HammerThrow_g11_c03,0,1,0,4,wide and short,HammerThrow
v_HammerThrow_g12_c07,0,2,0,3,wide and short,HammerThrow
v_HammerThrow_g13_c01,0,1,0,4,wide and short,HammerThrow
v_HammerThrow_g13_c02,0,1,0,4,wide and short,HammerThrow
v_HammerThrow_g13_c06,0,1,0,4,wide and short,HammerThrow
v_HammerThrow_g14_c01,0,1,0,4,wide and short,HammerThrow
v_HammerThrow_g14_c04,0,0,0,5,wide and short,HammerThrow
v_HammerThrow_g14_c05,0,0,0,5,wide and short,HammerThrow
v_HammerThrow_g16_c01,0,1,0,4,wide and short,HammerThrow
v_HammerThrow_g16_c04,0,1,0,4,wide and short,HammerThrow
v_HammerThrow_g17_c02,0,1,0,4,wide and short,HammerThrow
v_HammerThrow_g17_c03,0,0,0,5,wide and short,HammerThrow
v_HammerThrow_g18_c02,0,1,0,4,wide and short,HammerThrow
v_HammerThrow_g18_c03,0,2,0,3,wide and short,HammerThrow
v_HammerThrow_g19_c01,0,5,0,0,thin and short,HammerThrow
v_HammerThrow_g19_c03,0,4,0,1,thin and short,HammerThrow
v_HammerThrow_g19_c05,0,3,0,2,thin and short,HammerThrow
v_HammerThrow_g21_c02,0,3,0,2,thin and short,HammerThrow
v_HammerThrow_g21_c04,0,4,0,1,thin and short,HammerThrow
v_HammerThrow_g22_c01,0,0,0,5,wide and short,HammerThrow
v_HammerThrow_g22_c02,0,2,0,3,wide and short,HammerThrow
v_HammerThrow_g22_c03,0,2,0,3,wide and short,HammerThrow
v_HammerThrow_g24_c02,0,2,0,3,wide and short,HammerThrow
v_HammerThrow_g25_c04,0,1,0,4,wide and short,HammerThrow
v_HammerThrow_g25_c05,0,2,0,3,wide and short,HammerThrow
v_Hammering_g02_c02,0,1,0,4,wide and short,Hammering
v_Hammering_g02_c03,0,2,0,3,wide and short,Hammering
v_Hammering_g04_c04,0,0,0,5,wide and short,Hammering
v_Hammering_g04_c05,0,0,0,5,wide and short,Hammering
v_Hammering_g06_c01,0,4,0,1,thin and short,Hammering
v_Hammering_g08_c01,0,2,0,3,wide and short,Hammering
v_Hammering_g08_c02,0,2,0,3,wide and short,Hammering
v_Hammering_g12_c04,0,3,0,2,thin and short,Hammering
v_Hammering_g12_c05,0,3,0,2,thin and short,Hammering
v_Hammering_g19_c06,0,1,0,4,wide and short,Hammering
v_Hammering_g23_c03,0,0,0,5,wide and short,Hammering
v_Hammering_g23_c06,0,0,0,5,wide and short,Hammering
v_HandstandWalking_g02_c01,0,0,0,5,wide and short,HandstandWalking
v_HandstandWalking_g02_c03,0,2,0,3,wide and short,HandstandWalking
v_HandstandWalking_g15_c01,0,2,0,3,wide and short,HandstandWalking
v_HandstandWalking_g16_c01,0,0,0,5,wide and short,HandstandWalking
v_HandstandWalking_g18_c01,0,2,0,3,wide and short,HandstandWalking
v_HighJump_g01_c03,0,3,0,2,thin and short,HighJump
v_HighJump_g03_c02,0,2,0,3,wide and short,HighJump
v_HighJump_g05_c02,0,5,0,0,thin and short,HighJump
v_HighJump_g05_c05,0,3,0,2,thin and short,HighJump
v_HighJump_g08_c03,0,3,0,2,thin and short,HighJump
v_HighJump_g09_c02,0,2,0,3,wide and short,HighJump
v_HighJump_g12_c03,0,0,0,5,wide and short,HighJump
v_HighJump_g12_c04,0,0,0,5,wide and short,HighJump
v_HighJump_g16_c05,0,5,0,0,thin and short,HighJump
v_HighJump_g18_c04,0,3,0,2,thin and short,HighJump
v_HighJump_g20_c03,0,2,0,3,wide and short,HighJump
v_HighJump_g21_c03,0,2,0,3,wide and short,HighJump
v_HighJump_g21_c04,0,2,0,3,wide and short,HighJump
v_HorseRace_g04_c01,0,0,0,5,wide and short,HorseRace
v_HorseRace_g04_c02,0,0,0,5,wide and short,HorseRace
v_HorseRace_g06_c06,0,3,0,2,thin and short,HorseRace
v_HorseRace_g16_c05,0,4,0,1,thin and short,HorseRace
v_HorseRace_g22_c01,0,0,0,5,wide and short,HorseRace
v_HorseRace_g22_c02,0,0,0,5,wide and short,HorseRace
v_HorseRace_g23_c03,0,3,0,2,thin and short,HorseRace
v_HorseRace_g23_c05,0,4,0,1,thin and short,HorseRace
v_HorseRace_g24_c06,0,5,0,0,thin and short,HorseRace
v_HorseRace_g24_c07,0,3,0,2,thin and short,HorseRace
v_HorseRiding_g04_c01,0,1,0,4,wide and short,HorseRiding
v_HorseRiding_g04_c02,0,2,0,3,wide and short,HorseRiding
v_HorseRiding_g04_c04,0,2,0,3,wide and short,HorseRiding
v_HorseRiding_g08_c05,0,5,0,0,thin and short,HorseRiding
v_HorseRiding_g08_c06,0,5,0,0,thin and short,HorseRiding
v_HorseRiding_g12_c01,0,2,0,3,wide and short,HorseRiding
v_HorseRiding_g12_c02,0,2,0,3,wide and short,HorseRiding
v_HorseRiding_g12_c06,0,2,0,3,wide and short,HorseRiding
v_HorseRiding_g13_c01,0,0,0,5,wide and short,HorseRiding
v_HorseRiding_g14_c02,0,2,0,3,wide and short,HorseRiding
v_HorseRiding_g14_c04,0,1,0,4,wide and short,HorseRiding
v_HorseRiding_g20_c01,0,3,0,2,thin and short,HorseRiding
v_HorseRiding_g20_c04,0,3,0,2,thin and short,HorseRiding
v_HorseRiding_g20_c06,0,3,0,2,thin and short,HorseRiding
v_HorseRiding_g21_c04,0,2,0,3,wide and short,HorseRiding
v_HorseRiding_g24_c01,0,3,0,2,thin and short,HorseRiding
v_HorseRiding_g24_c03,0,3,0,2,thin and short,HorseRiding
v_HorseRiding_g24_c04,0,3,0,2,thin and short,HorseRiding
v_HulaHoop_g01_c02,0,2,0,3,wide and short,HulaHoop
v_HulaHoop_g13_c06,0,2,0,3,wide and short,HulaHoop
v_HulaHoop_g15_c01,0,0,0,5,wide and short,HulaHoop
v_IceDancing_g01_c02,0,2,0,3,wide and short,IceDancing
v_IceDancing_g02_c05,0,1,0,4,wide and short,IceDancing
v_IceDancing_g04_c05,0,2,0,3,wide and short,IceDancing
v_IceDancing_g05_c06,0,2,0,3,wide and short,IceDancing
v_IceDancing_g06_c02,0,2,0,3,wide and short,IceDancing
v_IceDancing_g07_c02,0,2,0,3,wide and short,IceDancing
v_IceDancing_g07_c06,0,2,0,3,wide and short,IceDancing
v_IceDancing_g08_c01,0,2,0,3,wide and short,IceDancing
v_IceDancing_g08_c06,0,2,0,3,wide and short,IceDancing
v_IceDancing_g09_c01,0,4,0,1,thin and short,IceDancing
v_IceDancing_g09_c06,0,3,0,2,thin and short,IceDancing
v_IceDancing_g13_c04,0,1,0,4,wide and short,IceDancing
v_IceDancing_g14_c02,0,5,0,0,thin and short,IceDancing
v_IceDancing_g14_c04,0,4,0,1,thin and short,IceDancing
v_IceDancing_g16_c01,0,2,0,3,wide and short,IceDancing
v_IceDancing_g17_c04,0,3,0,2,thin and short,IceDancing
v_IceDancing_g19_c06,0,2,0,3,wide and short,IceDancing
v_IceDancing_g20_c01,0,4,0,1,thin and short,IceDancing
v_IceDancing_g20_c03,0,4,0,1,thin and short,IceDancing
v_IceDancing_g20_c06,0,5,0,0,thin and short,IceDancing
v_IceDancing_g21_c05,0,0,0,5,wide and short,IceDancing
v_IceDancing_g23_c07,0,2,0,3,wide and short,IceDancing
v_IceDancing_g24_c04,0,2,0,3,wide and short,IceDancing
v_IceDancing_g25_c05,0,2,0,3,wide and short,IceDancing
v_JavelinThrow_g01_c02,0,3,0,2,thin and short,JavelinThrow
v_JavelinThrow_g02_c04,0,3,0,2,thin and short,JavelinThrow
v_JavelinThrow_g05_c01,0,4,0,1,thin and short,JavelinThrow
v_JavelinThrow_g05_c06,0,5,0,0,thin and short,JavelinThrow
v_JavelinThrow_g08_c04,0,3,0,2,thin and short,JavelinThrow
v_JavelinThrow_g09_c04,0,0,0,5,wide and short,JavelinThrow
v_JavelinThrow_g11_c03,0,3,0,2,thin and short,JavelinThrow
v_JavelinThrow_g11_c04,0,3,0,2,thin and short,JavelinThrow
v_JavelinThrow_g12_c01,0,1,0,4,wide and short,JavelinThrow
v_JavelinThrow_g12_c04,0,2,0,3,wide and short,JavelinThrow
v_JavelinThrow_g13_c02,0,4,0,1,thin and short,JavelinThrow
v_JavelinThrow_g15_c05,0,2,0,3,wide and short,JavelinThrow
v_JavelinThrow_g16_c01,0,3,0,2,thin and short,JavelinThrow
v_JavelinThrow_g17_c02,0,2,0,3,wide and short,JavelinThrow
v_JavelinThrow_g17_c05,0,2,0,3,wide and short,JavelinThrow
v_JavelinThrow_g18_c01,0,0,0,5,wide and short,JavelinThrow
v_JavelinThrow_g18_c03,0,1,0,4,wide and short,JavelinThrow
v_JavelinThrow_g19_c01,0,1,0,4,wide and short,JavelinThrow
v_JavelinThrow_g19_c04,0,1,0,4,wide and short,JavelinThrow
v_JavelinThrow_g20_c02,0,2,0,3,wide and short,JavelinThrow
v_JavelinThrow_g20_c03,0,2,0,3,wide and short,JavelinThrow
v_JavelinThrow_g21_c01,0,2,0,3,wide and short,JavelinThrow
v_JavelinThrow_g21_c02,0,2,0,3,wide and short,JavelinThrow
v_JavelinThrow_g22_c01,0,2,0,3,wide and short,JavelinThrow
v_JavelinThrow_g24_c02,0,3,0,2,thin and short,JavelinThrow
v_JavelinThrow_g24_c03,0,5,0,0,thin and short,JavelinThrow
v_JavelinThrow_g25_c01,0,3,0,2,thin and short,JavelinThrow
v_JavelinThrow_g25_c04,0,4,0,1,thin and short,JavelinThrow
v_JugglingBalls_g03_c02,0,2,0,3,wide and short,JugglingBalls
v_JugglingBalls_g06_c01,0,3,0,2,thin and short,JugglingBalls
v_JugglingBalls_g06_c02,0,3,0,2,thin and short,JugglingBalls
v_JugglingBalls_g08_c02,0,3,0,2,thin and short,JugglingBalls
v_JugglingBalls_g09_c01,0,0,0,5,wide and short,JugglingBalls
v_JugglingBalls_g09_c03,0,2,0,3,wide and short,JugglingBalls
v_JugglingBalls_g09_c05,0,1,0,4,wide and short,JugglingBalls
v_JugglingBalls_g14_c04,0,1,0,4,wide and short,JugglingBalls
v_JugglingBalls_g14_c05,0,1,0,4,wide and short,JugglingBalls
v_JugglingBalls_g17_c01,0,2,0,3,wide and short,JugglingBalls
v_JugglingBalls_g17_c04,0,1,0,4,wide and short,JugglingBalls
v_JugglingBalls_g24_c01,0,2,0,3,wide and short,JugglingBalls
v_JugglingBalls_g24_c04,0,1,0,4,wide and short,JugglingBalls
v_JumpRope_g17_c05,0,4,0,1,thin and short,JumpRope
v_JumpingJack_g08_c03,0,3,0,2,thin and short,JumpingJack
v_JumpingJack_g12_c02,0,2,0,3,wide and short,JumpingJack
v_JumpingJack_g21_c01,0,1,0,4,wide and short,JumpingJack
v_JumpingJack_g21_c03,0,1,0,4,wide and short,JumpingJack
v_Knitting_g05_c04,0,2,0,3,wide and short,Knitting
v_Knitting_g05_c05,0,1,0,4,wide and short,Knitting
v_Knitting_g06_c03,0,1,0,4,wide and short,Knitting
v_Knitting_g06_c04,0,1,0,4,wide and short,Knitting
v_Knitting_g17_c04,0,5,0,0,thin and short,Knitting
v_Knitting_g17_c06,0,3,0,2,thin and short,Knitting
v_Knitting_g18_c02,0,2,0,3,wide and short,Knitting
v_Knitting_g18_c04,0,2,0,3,wide and short,Knitting
v_LongJump_g01_c01,0,2,0,3,wide and short,LongJump
v_LongJump_g01_c04,0,1,0,4,wide and short,LongJump
v_LongJump_g02_c03,0,2,0,3,wide and short,LongJump
v_LongJump_g02_c05,0,1,0,4,wide and short,LongJump
v_LongJump_g03_c04,0,3,0,2,thin and short,LongJump
v_LongJump_g07_c05,0,2,0,3,wide and short,LongJump
v_LongJump_g09_c05,0,4,0,1,thin and short,LongJump
v_LongJump_g09_c06,0,3,0,2,thin and short,LongJump
v_LongJump_g10_c06,0,2,0,3,wide and short,LongJump
v_LongJump_g11_c03,0,0,0,5,wide and short,LongJump
v_LongJump_g11_c05,0,1,0,4,wide and short,LongJump
v_LongJump_g12_c05,0,2,0,3,wide and short,LongJump
v_LongJump_g13_c04,0,2,0,3,wide and short,LongJump
v_LongJump_g14_c04,0,3,0,2,thin and short,LongJump
v_LongJump_g14_c05,0,3,0,2,thin and short,LongJump
v_LongJump_g17_c04,0,1,0,4,wide and short,LongJump
v_LongJump_g18_c01,0,3,0,2,thin and short,LongJump
v_LongJump_g18_c05,0,3,0,2,thin and short,LongJump
v_LongJump_g24_c04,0,1,0,4,wide and short,LongJump
v_LongJump_g25_c01,0,0,0,5,wide and short,LongJump
v_LongJump_g25_c04,0,1,0,4,wide and short,LongJump
v_MilitaryParade_g01_c05,0,3,0,2,thin and short,MilitaryParade
v_MilitaryParade_g01_c06,0,3,0,2,thin and short,MilitaryParade
v_MilitaryParade_g08_c05,0,5,0,0,thin and short,MilitaryParade
v_MilitaryParade_g10_c01,0,4,0,1,thin and short,MilitaryParade
v_MilitaryParade_g10_c04,0,4,0,1,thin and short,MilitaryParade
v_MilitaryParade_g11_c01,0,0,0,5,wide and short,MilitaryParade
v_MilitaryParade_g17_c02,0,4,0,1,thin and short,MilitaryParade
v_MilitaryParade_g18_c05,0,5,0,0,thin and short,MilitaryParade
v_MilitaryParade_g22_c02,0,5,0,0,thin and short,MilitaryParade
v_MilitaryParade_g23_c01,0,0,0,5,wide and short,MilitaryParade
v_MilitaryParade_g23_c04,0,2,0,3,wide and short,MilitaryParade
v_MoppingFloor_g01_c03,0,0,0,5,wide and short,MoppingFloor
v_MoppingFloor_g01_c04,0,0,0,5,wide and short,MoppingFloor
v_MoppingFloor_g08_c03,0,4,0,1,thin and short,MoppingFloor
v_MoppingFloor_g15_c04,0,5,0,0,thin and short,MoppingFloor
v_MoppingFloor_g19_c03,0,3,0,2,thin and short,MoppingFloor
v_MoppingFloor_g20_c02,0,3,0,2,thin and short,MoppingFloor
v_Nunchucks_g07_c02,0,2,0,3,wide and short,Nunchucks
v_Nunchucks_g10_c02,0,4,0,1,thin and short,Nunchucks
v_Nunchucks_g11_c03,0,1,0,4,wide and short,Nunchucks
v_Nunchucks_g11_c05,0,0,0,5,wide and short,Nunchucks
v_Nunchucks_g16_c01,0,3,0,2,thin and short,Nunchucks
v_Nunchucks_g17_c04,0,0,0,5,wide and short,Nunchucks
v_Nunchucks_g17_c05,0,2,0,3,wide and short,Nunchucks
v_Nunchucks_g19_c04,0,3,0,2,thin and short,Nunchucks
v_Nunchucks_g23_c02,0,2,0,3,wide and short,Nunchucks
v_Nunchucks_g23_c03,0,0,0,5,wide and short,Nunchucks
v_ParallelBars_g01_c03,0,2,0,3,wide and short,ParallelBars
v_ParallelBars_g04_c06,0,0,0,5,wide and short,ParallelBars
v_ParallelBars_g08_c04,0,2,0,3,wide and short,ParallelBars
v_ParallelBars_g08_c05,0,2,0,3,wide and short,ParallelBars
v_ParallelBars_g09_c05,0,2,0,3,wide and short,ParallelBars
v_ParallelBars_g10_c01,0,2,0,3,wide and short,ParallelBars
v_ParallelBars_g10_c03,0,1,0,4,wide and short,ParallelBars
v_ParallelBars_g11_c03,0,2,0,3,wide and short,ParallelBars
v_ParallelBars_g12_c01,0,2,0,3,wide and short,ParallelBars
v_ParallelBars_g13_c03,0,2,0,3,wide and short,ParallelBars
v_ParallelBars_g13_c04,0,2,0,3,wide and short,ParallelBars
v_ParallelBars_g14_c04,0,0,0,5,wide and short,ParallelBars
v_ParallelBars_g19_c03,0,2,0,3,wide and short,ParallelBars
v_ParallelBars_g22_c02,0,2,0,3,wide and short,ParallelBars
v_ParallelBars_g22_c04,0,1,0,4,wide and short,ParallelBars
v_ParallelBars_g23_c01,0,2,0,3,wide and short,ParallelBars
v_ParallelBars_g24_c02,0,1,0,4,wide and short,ParallelBars
v_PizzaTossing_g01_c03,0,2,0,3,wide and short,PizzaTossing
v_PizzaTossing_g01_c04,0,1,0,4,wide and short,PizzaTossing
v_PizzaTossing_g04_c01,0,3,0,2,thin and short,PizzaTossing
v_PizzaTossing_g06_c04,0,2,0,3,wide and short,PizzaTossing
v_PizzaTossing_g07_c04,0,3,0,2,thin and short,PizzaTossing
v_PizzaTossing_g10_c03,0,0,0,5,wide and short,PizzaTossing
v_PizzaTossing_g10_c04,0,2,0,3,wide and short,PizzaTossing
v_PizzaTossing_g12_c04,0,5,0,0,thin and short,PizzaTossing
v_PizzaTossing_g14_c02,0,2,0,3,wide and short,PizzaTossing
v_PizzaTossing_g16_c03,0,2,0,3,wide and short,PizzaTossing
v_PizzaTossing_g17_c01,0,2,0,3,wide and short,PizzaTossing
v_PizzaTossing_g19_c01,0,1,0,4,wide and short,PizzaTossing
v_PlayingDaf_g02_c07,0,3,0,2,thin and short,PlayingDaf
v_PlayingDaf_g04_c03,0,4,0,1,thin and short,PlayingDaf
v_PlayingDaf_g04_c05,0,3,0,2,thin and short,PlayingDaf
v_PlayingDaf_g04_c06,0,5,0,0,thin and short,PlayingDaf
v_PlayingDaf_g12_c03,0,3,0,2,thin and short,PlayingDaf
v_PlayingDaf_g14_c01,0,3,0,2,thin and short,PlayingDaf
v_PlayingDaf_g14_c02,0,4,0,1,thin and short,PlayingDaf
v_PlayingDaf_g14_c06,0,3,0,2,thin and short,PlayingDaf
v_PlayingDaf_g17_c01,0,3,0,2,thin and short,PlayingDaf
v_PlayingDaf_g18_c01,0,1,0,4,wide and short,PlayingDaf
v_PlayingDaf_g18_c03,0,1,0,4,wide and short,PlayingDaf
v_PlayingDaf_g22_c01,0,3,0,2,thin and short,PlayingDaf
v_PlayingDaf_g25_c01,0,1,0,4,wide and short,PlayingDaf
v_PlayingDhol_g08_c04,0,3,0,2,thin and short,PlayingDhol
v_PlayingFlute_g02_c05,0,3,0,2,thin and short,PlayingFlute
v_PlayingFlute_g09_c01,0,3,0,2,thin and short,PlayingFlute
v_PlayingFlute_g09_c06,0,3,0,2,thin and short,PlayingFlute
v_PlayingFlute_g17_c02,0,0,0,5,wide and short,PlayingFlute
v_PlayingFlute_g17_c05,0,2,0,3,wide and short,PlayingFlute
v_PlayingFlute_g20_c01,0,0,0,5,wide and short,PlayingFlute
v_PlayingFlute_g23_c02,0,1,0,4,wide and short,PlayingFlute
v_PlayingGuitar_g15_c04,0,3,0,2,thin and short,PlayingGuitar
v_PlayingGuitar_g15_c06,0,3,0,2,thin and short,PlayingGuitar
v_PlayingGuitar_g16_c02,0,2,0,3,wide and short,PlayingGuitar
v_PlayingPiano_g02_c04,0,3,0,2,thin and short,PlayingPiano
v_PlayingPiano_g15_c04,0,1,0,4,wide and short,PlayingPiano
v_PlayingPiano_g16_c03,0,2,0,3,wide and short,PlayingPiano
v_PlayingPiano_g17_c02,0,3,0,2,thin and short,PlayingPiano
v_PlayingPiano_g17_c05,0,3,0,2,thin and short,PlayingPiano
v_PlayingPiano_g18_c01,0,5,0,0,thin and short,PlayingPiano
v_PlayingPiano_g20_c01,0,1,0,4,wide and short,PlayingPiano
v_PlayingPiano_g20_c02,0,0,0,5,wide and short,PlayingPiano
v_PlayingSitar_g01_c04,0,3,0,2,thin and short,PlayingSitar
v_PlayingTabla_g18_c02,0,2,0,3,wide and short,PlayingTabla
v_PlayingViolin_g01_c02,0,2,0,3,wide and short,PlayingViolin
v_PlayingViolin_g02_c04,0,1,0,4,wide and short,PlayingViolin
v_PlayingViolin_g06_c03,0,3,0,2,thin and short,PlayingViolin
v_PlayingViolin_g08_c01,0,0,0,5,wide and short,PlayingViolin
v_PlayingViolin_g12_c02,0,1,0,4,wide and short,PlayingViolin
v_PlayingViolin_g12_c03,0,0,0,5,wide and short,PlayingViolin
v_PlayingViolin_g13_c01,0,1,0,4,wide and short,PlayingViolin
v_PlayingViolin_g14_c01,0,5,0,0,thin and short,PlayingViolin
v_PlayingViolin_g20_c02,0,2,0,3,wide and short,PlayingViolin
v_PlayingViolin_g22_c04,0,5,0,0,thin and short,PlayingViolin
v_PlayingViolin_g23_c03,0,1,0,4,wide and short,PlayingViolin
v_PlayingViolin_g23_c04,0,0,0,5,wide and short,PlayingViolin
v_PoleVault_g05_c02,0,5,0,0,thin and short,PoleVault
v_PoleVault_g05_c04,0,4,0,1,thin and short,PoleVault
v_PoleVault_g06_c05,0,3,0,2,thin and short,PoleVault
v_PoleVault_g07_c02,0,0,0,5,wide and short,PoleVault
v_PoleVault_g07_c04,0,0,0,5,wide and short,PoleVault
v_PoleVault_g09_c02,0,5,0,0,thin and short,PoleVault
v_PoleVault_g10_c07,1,2,0,2,thin and short,PoleVault
v_PoleVault_g11_c05,0,5,0,0,thin and short,PoleVault
v_PoleVault_g12_c02,0,4,0,1,thin and short,PoleVault
v_PoleVault_g12_c03,0,4,0,1,thin and short,PoleVault
v_PoleVault_g12_c07,0,3,0,2,thin and short,PoleVault
v_PoleVault_g13_c02,0,4,0,1,thin and short,PoleVault
v_PoleVault_g13_c04,0,3,0,2,thin and short,PoleVault
v_PoleVault_g15_c01,0,3,0,2,thin and short,PoleVault
v_PoleVault_g17_c01,0,3,0,2,thin and short,PoleVault
v_PoleVault_g17_c07,0,3,0,2,thin and short,PoleVault
v_PoleVault_g18_c01,0,3,0,2,thin and short,PoleVault
v_PoleVault_g18_c07,0,3,0,2,thin and short,PoleVault
v_PoleVault_g20_c02,0,3,0,2,thin and short,PoleVault
v_PoleVault_g21_c05,1,2,0,2,thin and short,PoleVault
v_PoleVault_g22_c01,0,1,0,4,wide and short,PoleVault
v_PoleVault_g24_c04,0,4,0,1,thin and short,PoleVault
v_PoleVault_g25_c02,0,3,0,2,thin and short,PoleVault
v_PoleVault_g25_c03,0,3,0,2,thin and short,PoleVault
v_PommelHorse_g01_c01,0,4,0,1,thin and short,PommelHorse
v_PommelHorse_g01_c04,0,3,0,2,thin and short,PommelHorse
v_PommelHorse_g03_c04,0,2,0,3,wide and short,PommelHorse
v_PommelHorse_g05_c03,0,2,0,3,wide and short,PommelHorse
v_PommelHorse_g06_c02,0,2,0,3,wide and short,PommelHorse
v_PommelHorse_g06_c04,0,0,0,5,wide and short,PommelHorse
v_PommelHorse_g07_c04,0,5,0,0,thin and short,PommelHorse
v_PommelHorse_g15_c03,0,2,0,3,wide and short,PommelHorse
v_PommelHorse_g18_c03,0,2,0,3,wide and short,PommelHorse
v_PommelHorse_g19_c02,0,2,0,3,wide and short,PommelHorse
v_PommelHorse_g20_c05,0,3,0,2,thin and short,PommelHorse
v_PommelHorse_g20_c06,0,4,0,1,thin and short,PommelHorse
v_PommelHorse_g21_c01,0,3,0,2,thin and short,PommelHorse
v_PommelHorse_g22_c04,0,0,0,5,wide and short,PommelHorse
v_PommelHorse_g22_c05,0,2,0,3,wide and short,PommelHorse
v_PommelHorse_g22_c07,0,2,0,3,wide and short,PommelHorse
v_PommelHorse_g23_c03,0,2,0,3,wide and short,PommelHorse
v_PullUps_g22_c02,0,2,0,3,wide and short,PullUps
v_PullUps_g22_c04,0,0,0,5,wide and short,PullUps
v_Punch_g02_c02,0,2,0,3,wide and short,Punch
v_Punch_g08_c01,0,2,0,3,wide and short,Punch
v_PushUps_g15_c01,0,2,0,3,wide and short,PushUps
v_PushUps_g20_c04,0,2,0,3,wide and short,PushUps
v_PushUps_g22_c04,0,2,0,3,wide and short,PushUps
v_PushUps_g25_c01,0,1,0,4,wide and short,PushUps
v_PushUps_g25_c03,0,1,0,4,wide and short,PushUps
v_RockClimbingIndoor_g02_c03,0,1,0,4,wide and short,RockClimbingIndoor
v_RockClimbingIndoor_g02_c04,0,2,0,3,wide and short,RockClimbingIndoor
v_RockClimbingIndoor_g04_c04,0,0,0,5,wide and short,RockClimbingIndoor
v_RockClimbingIndoor_g05_c01,0,2,0,3,wide and short,RockClimbingIndoor
v_RockClimbingIndoor_g05_c04,0,2,0,3,wide and short,RockClimbingIndoor
v_RockClimbingIndoor_g05_c06,0,0,0,5,wide and short,RockClimbingIndoor
v_RockClimbingIndoor_g06_c03,0,2,0,3,wide and short,RockClimbingIndoor
v_RockClimbingIndoor_g07_c02,0,3,0,2,thin and short,RockClimbingIndoor
v_RockClimbingIndoor_g08_c02,0,5,0,0,thin and short,RockClimbingIndoor
v_RockClimbingIndoor_g08_c03,0,3,0,2,thin and short,RockClimbingIndoor
v_RockClimbingIndoor_g08_c05,0,4,0,1,thin and short,RockClimbingIndoor
v_RockClimbingIndoor_g09_c02,0,1,0,4,wide and short,RockClimbingIndoor
v_RockClimbingIndoor_g09_c03,0,2,0,3,wide and short,RockClimbingIndoor
v_RockClimbingIndoor_g14_c01,0,3,0,2,thin and short,RockClimbingIndoor
v_RockClimbingIndoor_g15_c03,0,1,0,4,wide and short,RockClimbingIndoor
v_RockClimbingIndoor_g15_c04,0,2,0,3,wide and short,RockClimbingIndoor
v_RockClimbingIndoor_g16_c04,0,3,0,2,thin and short,RockClimbingIndoor
v_RockClimbingIndoor_g17_c01,0,4,0,1,thin and short,RockClimbingIndoor
v_RockClimbingIndoor_g17_c02,0,5,0,0,thin and short,RockClimbingIndoor
v_RockClimbingIndoor_g17_c05,0,4,0,1,thin and short,RockClimbingIndoor
v_RockClimbingIndoor_g18_c02,0,2,0,3,wide and short,RockClimbingIndoor
v_RockClimbingIndoor_g18_c03,0,1,0,4,wide and short,RockClimbingIndoor
v_RockClimbingIndoor_g22_c04,0,1,0,4,wide and short,RockClimbingIndoor
v_RockClimbingIndoor_g22_c07,0,2,0,3,wide and short,RockClimbingIndoor
v_RopeClimbing_g08_c04,1,1,0,3,wide and short,RopeClimbing
v_RopeClimbing_g12_c03,0,0,0,5,wide and short,RopeClimbing
v_RopeClimbing_g12_c04,0,0,0,5,wide and short,RopeClimbing
v_RopeClimbing_g14_c03,0,4,0,1,thin and short,RopeClimbing
v_RopeClimbing_g15_c04,0,5,0,0,thin and short,RopeClimbing
v_RopeClimbing_g15_c05,0,5,0,0,thin and short,RopeClimbing
v_RopeClimbing_g16_c05,0,0,0,5,wide and short,RopeClimbing
v_RopeClimbing_g23_c01,0,2,0,3,wide and short,RopeClimbing
v_SalsaSpin_g01_c07,0,1,0,4,wide and short,SalsaSpin
v_SalsaSpin_g04_c05,0,4,0,1,thin and short,SalsaSpin
v_SalsaSpin_g04_c06,0,4,0,1,thin and short,SalsaSpin
v_SalsaSpin_g06_c04,0,1,0,4,wide and short,SalsaSpin
v_SalsaSpin_g06_c05,0,2,0,3,wide and short,SalsaSpin
v_SalsaSpin_g07_c01,0,2,0,3,wide and short,SalsaSpin
v_SalsaSpin_g07_c02,0,1,0,4,wide and short,SalsaSpin
v_SalsaSpin_g09_c02,0,2,0,3,wide and short,SalsaSpin
v_SalsaSpin_g09_c04,0,2,0,3,wide and short,SalsaSpin
v_SalsaSpin_g10_c01,0,4,0,1,thin and short,SalsaSpin
v_SalsaSpin_g10_c03,0,3,0,2,thin and short,SalsaSpin
v_SalsaSpin_g11_c02,0,2,0,3,wide and short,SalsaSpin
v_SalsaSpin_g13_c02,0,2,0,3,wide and short,SalsaSpin
v_SalsaSpin_g13_c04,0,2,0,3,wide and short,SalsaSpin
v_SalsaSpin_g19_c04,0,2,0,3,wide and short,SalsaSpin
v_SalsaSpin_g22_c02,0,2,0,3,wide and short,SalsaSpin
v_SalsaSpin_g25_c01,0,1,0,4,wide and short,SalsaSpin
v_Shotput_g03_c01,0,4,0,1,thin and short,Shotput
v_Shotput_g03_c03,0,4,0,1,thin and short,Shotput
v_Shotput_g04_c02,0,0,0,5,wide and short,Shotput
v_Shotput_g04_c05,0,2,0,3,wide and short,Shotput
v_Shotput_g05_c05,0,4,0,1,thin and short,Shotput
v_Shotput_g05_c06,0,3,0,2,thin and short,Shotput
v_Shotput_g05_c07,0,3,0,2,thin and short,Shotput
v_Shotput_g08_c07,0,1,0,4,wide and short,Shotput
v_Shotput_g09_c06,0,1,0,4,wide and short,Shotput
v_Shotput_g09_c07,0,1,0,4,wide and short,Shotput
v_Shotput_g10_c01,0,3,0,2,thin and short,Shotput
v_Shotput_g10_c04,0,3,0,2,thin and short,Shotput
v_Shotput_g12_c03,0,1,0,4,wide and short,Shotput
v_Shotput_g12_c05,0,1,0,4,wide and short,Shotput
v_Shotput_g12_c07,0,1,0,4,wide and short,Shotput
v_Shotput_g13_c01,0,1,0,4,wide and short,Shotput
v_Shotput_g13_c02,0,0,0,5,wide and short,Shotput
v_Shotput_g14_c01,0,1,0,4,wide and short,Shotput
v_Shotput_g14_c02,0,0,0,5,wide and short,Shotput
v_Shotput_g15_c02,0,5,0,0,thin and short,Shotput
v_Shotput_g15_c04,0,5,0,0,thin and short,Shotput
v_Shotput_g15_c05,0,3,0,2,thin and short,Shotput
v_Shotput_g16_c01,0,3,0,2,thin and short,Shotput
v_Shotput_g16_c03,0,5,0,0,thin and short,Shotput
v_Shotput_g17_c02,0,3,0,2,thin and short,Shotput
v_Shotput_g18_c01,0,0,0,5,wide and short,Shotput
v_Shotput_g19_c03,0,3,0,2,thin and short,Shotput
v_Shotput_g20_c02,0,3,0,2,thin and short,Shotput
v_Shotput_g21_c01,0,1,0,4,wide and short,Shotput
v_Shotput_g21_c04,0,0,0,5,wide and short,Shotput
v_Shotput_g23_c07,0,1,0,4,wide and short,Shotput
v_Shotput_g24_c01,0,2,0,3,wide and short,Shotput
v_Shotput_g24_c04,0,2,0,3,wide and short,Shotput
v_SkateBoarding_g01_c02,0,3,0,2,thin and short,SkateBoarding
v_SkateBoarding_g02_c02,0,3,0,2,thin and short,SkateBoarding
v_SkateBoarding_g02_c03,0,4,0,1,thin and short,SkateBoarding
v_SkateBoarding_g03_c01,0,1,0,4,wide and short,SkateBoarding
v_SkateBoarding_g03_c03,0,1,0,4,wide and short,SkateBoarding
v_SkateBoarding_g04_c02,0,3,0,2,thin and short,SkateBoarding
v_SkateBoarding_g04_c03,0,4,0,1,thin and short,SkateBoarding
v_SkateBoarding_g05_c01,0,2,0,3,wide and short,SkateBoarding
v_SkateBoarding_g10_c03,0,4,0,1,thin and short,SkateBoarding
v_SkateBoarding_g10_c04,0,4,0,1,thin and short,SkateBoarding
v_SkateBoarding_g10_c07,0,3,0,2,thin and short,SkateBoarding
v_SkateBoarding_g13_c01,0,0,0,5,wide and short,SkateBoarding
v_SkateBoarding_g13_c03,0,2,0,3,wide and short,SkateBoarding
v_SkateBoarding_g16_c03,0,3,0,2,thin and short,SkateBoarding
v_SkateBoarding_g18_c03,0,3,0,2,thin and short,SkateBoarding
v_SkateBoarding_g18_c06,0,5,0,0,thin and short,SkateBoarding
v_SkateBoarding_g19_c02,0,4,0,1,thin and short,SkateBoarding
v_SkateBoarding_g21_c03,0,0,0,5,wide and short,SkateBoarding
v_SkateBoarding_g21_c04,0,0,0,5,wide and short,SkateBoarding
v_SkateBoarding_g22_c04,0,0,0,5,wide and short,SkateBoarding
v_SkateBoarding_g23_c04,0,3,0,2,thin and short,SkateBoarding
v_SkateBoarding_g25_c01,0,5,0,0,thin and short,SkateBoarding
v_SkateBoarding_g25_c04,0,3,0,2,thin and short,SkateBoarding
v_Skiing_g01_c02,0,2,0,3,wide and short,Skiing
v_Skiing_g01_c05,0,2,0,3,wide and short,Skiing
v_Skiing_g02_c02,0,2,0,3,wide and short,Skiing
v_Skiing_g02_c05,0,1,0,4,wide and short,Skiing
v_Skiing_g03_c03,0,3,0,2,thin and short,Skiing
v_Skiing_g03_c04,0,3,0,2,thin and short,Skiing
v_Skiing_g04_c01,0,1,0,4,wide and short,Skiing
v_Skiing_g04_c02,0,2,0,3,wide and short,Skiing
v_Skiing_g04_c07,0,2,0,3,wide and short,Skiing
v_Skiing_g05_c04,0,2,0,3,wide and short,Skiing
v_Skiing_g06_c03,0,1,0,4,wide and short,Skiing
v_Skiing_g06_c04,0,2,0,3,wide and short,Skiing
v_Skiing_g08_c02,0,1,0,4,wide and short,Skiing
v_Skiing_g08_c06,0,1,0,4,wide and short,Skiing
v_Skiing_g09_c02,0,1,0,4,wide and short,Skiing
v_Skiing_g12_c04,0,2,0,3,wide and short,Skiing
v_Skiing_g13_c06,0,2,0,3,wide and short,Skiing
v_Skiing_g15_c02,0,2,0,3,wide and short,Skiing
v_Skiing_g15_c04,0,2,0,3,wide and short,Skiing
v_Skiing_g18_c04,0,2,0,3,wide and short,Skiing
v_Skiing_g20_c05,0,2,0,3,wide and short,Skiing
v_Skiing_g21_c02,0,2,0,3,wide and short,Skiing
v_Skiing_g24_c02,0,2,0,3,wide and short,Skiing
v_Skiing_g24_c03,0,0,0,5,wide and short,Skiing
v_Skiing_g24_c06,0,2,0,3,wide and short,Skiing
v_SkyDiving_g04_c02,0,1,0,4,wide and short,SkyDiving
v_SkyDiving_g04_c03,0,0,0,5,wide and short,SkyDiving
v_SkyDiving_g05_c01,0,2,0,3,wide and short,SkyDiving
v_SkyDiving_g05_c02,0,1,0,4,wide and short,SkyDiving
v_SkyDiving_g09_c02,0,1,0,4,wide and short,SkyDiving
v_SkyDiving_g11_c01,0,0,0,5,wide and short,SkyDiving
v_SkyDiving_g11_c02,0,2,0,3,wide and short,SkyDiving
v_SkyDiving_g12_c02,0,3,0,2,thin and short,SkyDiving
v_SkyDiving_g16_c02,0,5,0,0,thin and short,SkyDiving
v_SkyDiving_g17_c03,0,5,0,0,thin and short,SkyDiving
v_SkyDiving_g17_c05,0,4,0,1,thin and short,SkyDiving
v_SkyDiving_g18_c01,0,4,0,1,thin and short,SkyDiving
v_SkyDiving_g19_c01,0,3,0,2,thin and short,SkyDiving
v_SkyDiving_g20_c03,0,3,0,2,thin and short,SkyDiving
v_SkyDiving_g20_c05,0,4,0,1,thin and short,SkyDiving
v_SkyDiving_g21_c02,0,3,0,2,thin and short,SkyDiving
v_SkyDiving_g22_c04,0,1,0,4,wide and short,SkyDiving
v_SkyDiving_g23_c03,0,2,0,3,wide and short,SkyDiving
v_SkyDiving_g25_c03,0,3,0,2,thin and short,SkyDiving
v_SoccerJuggling_g02_c05,0,3,0,2,thin and short,SoccerJuggling
v_SoccerJuggling_g03_c01,0,4,0,1,thin and short,SoccerJuggling
v_SoccerJuggling_g07_c02,0,3,0,2,thin and short,SoccerJuggling
v_SoccerJuggling_g07_c03,0,4,0,1,thin and short,SoccerJuggling
v_SoccerJuggling_g07_c05,0,3,0,2,thin and short,SoccerJuggling
v_SoccerJuggling_g09_c04,0,2,0,3,wide and short,SoccerJuggling
v_SoccerJuggling_g09_c07,0,2,0,3,wide and short,SoccerJuggling
v_SoccerJuggling_g10_c02,0,2,0,3,wide and short,SoccerJuggling
v_SoccerJuggling_g10_c04,0,0,0,5,wide and short,SoccerJuggling
v_SoccerJuggling_g11_c04,0,2,0,3,wide and short,SoccerJuggling
v_SoccerJuggling_g13_c04,0,4,0,1,thin and short,SoccerJuggling
v_SoccerJuggling_g13_c05,0,3,0,2,thin and short,SoccerJuggling
v_SoccerJuggling_g18_c01,0,2,0,3,wide and short,SoccerJuggling
v_SoccerJuggling_g19_c05,0,3,0,2,thin and short,SoccerJuggling
v_SoccerJuggling_g19_c06,0,4,0,1,thin and short,SoccerJuggling
v_SoccerJuggling_g22_c03,0,5,0,0,thin and short,SoccerJuggling
v_SoccerJuggling_g22_c04,0,5,0,0,thin and short,SoccerJuggling
v_SoccerJuggling_g22_c07,0,4,0,1,thin and short,SoccerJuggling
v_SoccerJuggling_g23_c03,0,1,0,4,wide and short,SoccerJuggling
v_SoccerJuggling_g23_c04,0,1,0,4,wide and short,SoccerJuggling
v_SoccerJuggling_g23_c06,0,2,0,3,wide and short,SoccerJuggling
v_SoccerJuggling_g24_c01,0,3,0,2,thin and short,SoccerJuggling
v_StillRings_g02_c02,0,1,0,4,wide and short,StillRings
v_StillRings_g02_c04,0,1,0,4,wide and short,StillRings
v_StillRings_g04_c02,0,1,0,4,wide and short,StillRings
v_StillRings_g04_c04,0,2,0,3,wide and short,StillRings
v_StillRings_g05_c01,0,2,0,3,wide and short,StillRings
v_StillRings_g09_c03,0,0,0,5,wide and short,StillRings
v_StillRings_g10_c06,0,3,0,2,thin and short,StillRings
v_StillRings_g12_c02,0,2,0,3,wide and short,StillRings
v_StillRings_g12_c04,0,1,0,4,wide and short,StillRings
v_StillRings_g13_c04,0,0,0,5,wide and short,StillRings
v_StillRings_g17_c04,0,0,0,5,wide and short,StillRings
v_StillRings_g18_c04,0,3,0,2,thin and short,StillRings
v_StillRings_g19_c04,0,1,0,4,wide and short,StillRings
v_StillRings_g21_c01,0,1,0,4,wide and short,StillRings
v_StillRings_g21_c02,0,2,0,3,wide and short,StillRings
v_StillRings_g21_c04,0,2,0,3,wide and short,StillRings
v_StillRings_g23_c04,0,2,0,3,wide and short,StillRings
v_SumoWrestling_g02_c02,0,1,0,4,wide and short,SumoWrestling
v_SumoWrestling_g03_c03,0,4,0,1,thin and short,SumoWrestling
v_SumoWrestling_g05_c03,0,4,0,1,thin and short,SumoWrestling
v_SumoWrestling_g09_c02,0,2,0,3,wide and short,SumoWrestling
v_SumoWrestling_g11_c02,0,1,0,4,wide and short,SumoWrestling
v_SumoWrestling_g12_c04,0,2,0,3,wide and short,SumoWrestling
v_SumoWrestling_g16_c03,0,0,0,5,wide and short,SumoWrestling
v_SumoWrestling_g17_c03,0,1,0,4,wide and short,SumoWrestling
v_SumoWrestling_g20_c04,0,4,0,1,thin and short,SumoWrestling
v_SumoWrestling_g21_c03,0,2,0,3,wide and short,SumoWrestling
v_SumoWrestling_g23_c03,0,0,0,5,wide and short,SumoWrestling
v_SumoWrestling_g25_c04,0,2,0,3,wide and short,SumoWrestling
v_Surfing_g01_c02,0,3,0,2,thin and short,Surfing
v_Surfing_g01_c03,0,3,0,2,thin and short,Surfing
v_Surfing_g01_c05,0,4,0,1,thin and short,Surfing
v_Surfing_g02_c01,0,2,0,3,wide and short,Surfing
v_Surfing_g04_c02,0,1,0,4,wide and short,Surfing
v_Surfing_g05_c02,0,2,0,3,wide and short,Surfing
v_Surfing_g05_c04,0,2,0,3,wide and short,Surfing
v_Surfing_g06_c01,0,1,0,4,wide and short,Surfing
v_Surfing_g06_c04,0,2,0,3,wide and short,Surfing
v_Surfing_g07_c02,0,2,0,3,wide and short,Surfing
v_Surfing_g08_c02,0,3,0,2,thin and short,Surfing
v_Surfing_g08_c05,0,3,0,2,thin and short,Surfing
v_Surfing_g08_c06,0,4,0,1,thin and short,Surfing
v_Surfing_g09_c02,0,0,0,5,wide and short,Surfing
v_Surfing_g09_c05,0,1,0,4,wide and short,Surfing
v_Surfing_g12_c02,0,2,0,3,wide and short,Surfing
v_Surfing_g12_c04,0,0,0,5,wide and short,Surfing
v_Surfing_g12_c06,0,1,0,4,wide and short,Surfing
v_Surfing_g13_c03,0,4,0,1,thin and short,Surfing
v_Surfing_g14_c01,0,0,0,5,wide and short,Surfing
v_Surfing_g14_c04,0,1,0,4,wide and short,Surfing
v_Surfing_g15_c01,0,5,0,0,thin and short,Surfing
v_Surfing_g15_c04,0,4,0,1,thin and short,Surfing
v_Surfing_g15_c07,0,4,0,1,thin and short,Surfing
v_Surfing_g16_c05,0,3,0,2,thin and short,Surfing
v_Surfing_g16_c06,0,4,0,1,thin and short,Surfing
v_Surfing_g17_c03,0,1,0,4,wide and short,Surfing
v_Surfing_g17_c06,0,1,0,4,wide and short,Surfing
v_Surfing_g17_c07,0,0,0,5,wide and short,Surfing
v_Surfing_g18_c01,0,3,0,2,thin and short,Surfing
v_Surfing_g19_c02,0,1,0,4,wide and short,Surfing
v_Surfing_g19_c04,0,2,0,3,wide and short,Surfing
v_Surfing_g20_c04,0,3,0,2,thin and short,Surfing
v_Surfing_g20_c05,0,3,0,2,thin and short,Surfing
v_Surfing_g22_c04,0,2,0,3,wide and short,Surfing
v_Surfing_g23_c03,0,2,0,3,wide and short,Surfing
v_Surfing_g24_c04,0,1,0,4,wide and short,Surfing
v_Surfing_g25_c03,0,3,0,2,thin and short,Surfing
v_Swing_g01_c03,0,1,0,4,wide and short,Swing
v_Swing_g01_c04,0,1,0,4,wide and short,Swing
v_Swing_g06_c04,0,3,0,2,thin and short,Swing
v_Swing_g06_c07,0,3,0,2,thin and short,Swing
v_Swing_g07_c02,0,3,0,2,thin and short,Swing
v_Swing_g14_c02,0,2,0,3,wide and short,Swing
v_Swing_g14_c03,0,2,0,3,wide and short,Swing
v_Swing_g18_c03,0,3,0,2,thin and short,Swing
v_Swing_g22_c04,0,4,0,1,thin and short,Swing
v_Swing_g22_c05,0,3,0,2,thin and short,Swing
v_Swing_g23_c01,0,3,0,2,thin and short,Swing
v_Swing_g23_c03,0,3,0,2,thin and short,Swing
v_Swing_g24_c04,0,3,0,2,thin and short,Swing
v_TableTennisShot_g09_c01,0,4,0,1,thin and short,TableTennisShot
v_TableTennisShot_g09_c02,0,4,0,1,thin and short,TableTennisShot
v_TableTennisShot_g09_c06,0,5,0,0,thin and short,TableTennisShot
v_TableTennisShot_g12_c01,0,4,0,1,thin and short,TableTennisShot
v_TableTennisShot_g20_c07,0,0,0,5,wide and short,TableTennisShot
v_TableTennisShot_g25_c03,0,5,0,0,thin and short,TableTennisShot
v_TableTennisShot_g25_c04,0,4,0,1,thin and short,TableTennisShot
v_TableTennisShot_g25_c05,0,3,0,2,thin and short,TableTennisShot
v_TaiChi_g03_c02,0,2,0,3,wide and short,TaiChi
v_TaiChi_g04_c03,0,2,0,3,wide and short,TaiChi
v_TaiChi_g04_c04,0,1,0,4,wide and short,TaiChi
v_TaiChi_g05_c01,0,3,0,2,thin and short,TaiChi
v_TaiChi_g07_c01,0,1,0,4,wide and short,TaiChi
v_TaiChi_g07_c03,0,1,0,4,wide and short,TaiChi
v_TaiChi_g08_c03,0,2,0,3,wide and short,TaiChi
v_TaiChi_g08_c04,0,0,0,5,wide and short,TaiChi
v_TaiChi_g12_c02,0,4,0,1,thin and short,TaiChi
v_TaiChi_g14_c01,0,4,0,1,thin and short,TaiChi
v_TaiChi_g15_c02,0,0,0,5,wide and short,TaiChi
v_TaiChi_g19_c04,0,2,0,3,wide and short,TaiChi
v_TaiChi_g20_c02,0,4,0,1,thin and short,TaiChi
v_TaiChi_g23_c04,0,3,0,2,thin and short,TaiChi
v_TennisSwing_g03_c07,0,4,0,1,thin and short,TennisSwing
v_TennisSwing_g05_c01,0,1,0,4,wide and short,TennisSwing
v_TennisSwing_g05_c07,0,1,0,4,wide and short,TennisSwing
v_TennisSwing_g11_c02,0,2,0,3,wide and short,TennisSwing
v_TennisSwing_g11_c05,0,1,0,4,wide and short,TennisSwing
v_TennisSwing_g11_c07,0,1,0,4,wide and short,TennisSwing
v_TennisSwing_g14_c01,0,3,0,2,thin and short,TennisSwing
v_TennisSwing_g14_c03,0,3,0,2,thin and short,TennisSwing
v_TennisSwing_g15_c04,0,3,0,2,thin and short,TennisSwing
v_TennisSwing_g21_c03,0,3,0,2,thin and short,TennisSwing
v_TennisSwing_g23_c02,0,4,0,1,thin and short,TennisSwing
v_TennisSwing_g24_c01,0,3,0,2,thin and short,TennisSwing
v_ThrowDiscus_g02_c01,0,0,0,5,wide and short,ThrowDiscus
v_ThrowDiscus_g02_c02,0,0,0,5,wide and short,ThrowDiscus
v_ThrowDiscus_g02_c03,0,0,0,5,wide and short,ThrowDiscus
v_ThrowDiscus_g04_c04,0,2,0,3,wide and short,ThrowDiscus
v_ThrowDiscus_g05_c02,0,1,0,4,wide and short,ThrowDiscus
v_ThrowDiscus_g05_c05,0,1,0,4,wide and short,ThrowDiscus
v_ThrowDiscus_g06_c02,0,2,0,3,wide and short,ThrowDiscus
v_ThrowDiscus_g06_c04,0,2,0,3,wide and short,ThrowDiscus
v_ThrowDiscus_g07_c05,0,3,0,2,thin and short,ThrowDiscus
v_ThrowDiscus_g07_c06,0,3,0,2,thin and short,ThrowDiscus
v_ThrowDiscus_g08_c01,0,3,0,2,thin and short,ThrowDiscus
v_ThrowDiscus_g09_c01,0,3,0,2,thin and short,ThrowDiscus
v_ThrowDiscus_g09_c03,0,3,0,2,thin and short,ThrowDiscus
v_ThrowDiscus_g10_c01,0,2,0,3,wide and short,ThrowDiscus
v_ThrowDiscus_g10_c02,0,2,0,3,wide and short,ThrowDiscus
v_ThrowDiscus_g11_c03,0,4,0,1,thin and short,ThrowDiscus
v_ThrowDiscus_g14_c02,0,1,0,4,wide and short,ThrowDiscus
v_ThrowDiscus_g14_c04,0,1,0,4,wide and short,ThrowDiscus
v_ThrowDiscus_g17_c02,0,3,0,2,thin and short,ThrowDiscus
v_ThrowDiscus_g18_c02,0,0,0,5,wide and short,ThrowDiscus
v_ThrowDiscus_g18_c05,0,2,0,3,wide and short,ThrowDiscus
v_ThrowDiscus_g19_c01,0,1,0,4,wide and short,ThrowDiscus
v_ThrowDiscus_g19_c04,0,1,0,4,wide and short,ThrowDiscus
v_ThrowDiscus_g21_c07,0,4,0,1,thin and short,ThrowDiscus
v_ThrowDiscus_g22_c04,0,5,0,0,thin and short,ThrowDiscus
v_ThrowDiscus_g24_c02,0,3,0,2,thin and short,ThrowDiscus
v_ThrowDiscus_g25_c01,0,1,0,4,wide and short,ThrowDiscus
v_ThrowDiscus_g25_c03,0,0,0,5,wide and short,ThrowDiscus
v_TrampolineJumping_g01_c01,0,1,0,4,wide and short,TrampolineJumping
v_TrampolineJumping_g01_c04,0,2,0,3,wide and short,TrampolineJumping
v_TrampolineJumping_g03_c03,0,1,0,4,wide and short,TrampolineJumping
v_TrampolineJumping_g05_c01,0,2,0,3,wide and short,TrampolineJumping
v_TrampolineJumping_g05_c02,0,2,0,3,wide and short,TrampolineJumping
v_TrampolineJumping_g09_c05,0,3,0,2,thin and short,TrampolineJumping
v_TrampolineJumping_g11_c04,0,3,0,2,thin and short,TrampolineJumping
v_TrampolineJumping_g11_c06,0,3,0,2,thin and short,TrampolineJumping
v_TrampolineJumping_g14_c03,0,0,0,5,wide and short,TrampolineJumping
v_TrampolineJumping_g14_c04,0,2,0,3,wide and short,TrampolineJumping
v_TrampolineJumping_g15_c02,0,2,0,3,wide and short,TrampolineJumping
v_TrampolineJumping_g15_c04,0,0,0,5,wide and short,TrampolineJumping
v_TrampolineJumping_g19_c02,0,2,0,3,wide and short,TrampolineJumping
v_TrampolineJumping_g19_c06,0,2,0,3,wide and short,TrampolineJumping
v_TrampolineJumping_g23_c01,0,2,0,3,wide and short,TrampolineJumping
v_TrampolineJumping_g23_c03,0,1,0,4,wide and short,TrampolineJumping
v_TrampolineJumping_g24_c02,0,2,0,3,wide and short,TrampolineJumping
v_TrampolineJumping_g25_c01,0,0,0,5,wide and short,TrampolineJumping
v_TrampolineJumping_g25_c04,0,2,0,3,wide and short,TrampolineJumping
v_Typing_g04_c02,0,5,0,0,thin and short,Typing
v_Typing_g12_c01,0,1,0,4,wide and short,Typing
v_Typing_g17_c01,0,2,0,3,wide and short,Typing
v_Typing_g17_c02,0,1,0,4,wide and short,Typing
v_UnevenBars_g04_c02,0,1,0,4,wide and short,UnevenBars
v_UnevenBars_g06_c02,0,2,0,3,wide and short,UnevenBars
v_UnevenBars_g06_c03,0,1,0,4,wide and short,UnevenBars
v_UnevenBars_g07_c01,0,2,0,3,wide and short,UnevenBars
v_UnevenBars_g07_c02,0,1,0,4,wide and short,UnevenBars
v_UnevenBars_g12_c03,0,2,0,3,wide and short,UnevenBars
v_UnevenBars_g14_c04,0,2,0,3,wide and short,UnevenBars
v_UnevenBars_g15_c01,0,3,0,2,thin and short,UnevenBars
v_UnevenBars_g15_c02,0,3,0,2,thin and short,UnevenBars
v_UnevenBars_g15_c06,0,4,0,1,thin and short,UnevenBars
v_UnevenBars_g16_c05,0,0,0,5,wide and short,UnevenBars
v_UnevenBars_g18_c04,0,2,0,3,wide and short,UnevenBars
v_UnevenBars_g22_c01,0,2,0,3,wide and short,UnevenBars
v_UnevenBars_g24_c01,0,0,0,5,wide and short,UnevenBars
v_UnevenBars_g25_c02,0,0,0,5,wide and short,UnevenBars
v_VolleyballSpiking_g06_c04,0,4,0,1,thin and short,VolleyballSpiking
v_VolleyballSpiking_g13_c01,0,4,0,1,thin and short,VolleyballSpiking
v_VolleyballSpiking_g13_c03,0,3,0,2,thin and short,VolleyballSpiking
v_WalkingWithDog_g01_c04,0,0,0,5,wide and short,WalkingWithDog
v_WalkingWithDog_g03_c01,0,0,0,5,wide and short,WalkingWithDog
v_WalkingWithDog_g03_c02,0,1,0,4,wide and short,WalkingWithDog
v_WalkingWithDog_g04_c01,0,1,0,4,wide and short,WalkingWithDog
v_WalkingWithDog_g04_c05,0,2,0,3,wide and short,WalkingWithDog
v_WalkingWithDog_g05_c01,0,5,0,0,thin and short,WalkingWithDog
v_WalkingWithDog_g05_c02,0,5,0,0,thin and short,WalkingWithDog
v_WalkingWithDog_g06_c03,0,2,0,3,wide and short,WalkingWithDog
v_WalkingWithDog_g07_c04,0,4,0,1,thin and short,WalkingWithDog
v_WalkingWithDog_g07_c05,0,5,0,0,thin and short,WalkingWithDog
v_WalkingWithDog_g08_c05,0,1,0,4,wide and short,WalkingWithDog
v_WalkingWithDog_g10_c01,0,5,0,0,thin and short,WalkingWithDog
v_WalkingWithDog_g12_c05,0,1,0,4,wide and short,WalkingWithDog
v_WalkingWithDog_g13_c02,0,4,0,1,thin and short,WalkingWithDog
v_WalkingWithDog_g13_c05,0,4,0,1,thin and short,WalkingWithDog
v_WalkingWithDog_g14_c01,0,0,0,5,wide and short,WalkingWithDog
v_WalkingWithDog_g14_c02,0,2,0,3,wide and short,WalkingWithDog
v_WalkingWithDog_g15_c01,0,1,0,4,wide and short,WalkingWithDog
v_WalkingWithDog_g15_c03,0,1,0,4,wide and short,WalkingWithDog
v_WalkingWithDog_g16_c02,0,0,0,5,wide and short,WalkingWithDog
v_WalkingWithDog_g16_c03,0,2,0,3,wide and short,WalkingWithDog
v_WalkingWithDog_g17_c02,0,1,0,4,wide and short,WalkingWithDog
v_WalkingWithDog_g17_c03,0,1,0,4,wide and short,WalkingWithDog
v_WalkingWithDog_g18_c03,0,3,0,2,thin and short,WalkingWithDog
v_WalkingWithDog_g19_c02,0,3,0,2,thin and short,WalkingWithDog
v_WalkingWithDog_g20_c05,0,2,0,3,wide and short,WalkingWithDog
v_WalkingWithDog_g20_c06,0,0,0,5,wide and short,WalkingWithDog
v_WalkingWithDog_g20_c07,0,2,0,3,wide and short,WalkingWithDog
v_WalkingWithDog_g21_c04,0,4,0,1,thin and short,WalkingWithDog
v_WalkingWithDog_g22_c04,0,1,0,4,wide and short,WalkingWithDog
v_WalkingWithDog_g23_c01,0,5,0,0,thin and short,WalkingWithDog
v_WallPushups_g09_c02,0,0,0,5,wide and short,WallPushups
v_WallPushups_g09_c05,0,2,0,3,wide and short,WallPushups
v_WallPushups_g18_c02,0,4,0,1,thin and short,WallPushups
v_WallPushups_g18_c05,0,5,0,0,thin and short,WallPushups
v_WallPushups_g21_c01,0,4,0,1,thin and short,WallPushups
v_WallPushups_g21_c03,0,3,0,2,thin and short,WallPushups
v_WallPushups_g21_c05,0,3,0,2,thin and short,WallPushups
v_WritingOnBoard_g01_c01,0,1,0,4,wide and short,WritingOnBoard
v_WritingOnBoard_g05_c05,0,3,0,2,thin and short,WritingOnBoard
v_WritingOnBoard_g12_c02,0,1,0,4,wide and short,WritingOnBoard
v_WritingOnBoard_g12_c03,0,2,0,3,wide and short,WritingOnBoard
v_WritingOnBoard_g13_c04,0,0,0,5,wide and short,WritingOnBoard
v_WritingOnBoard_g13_c05,0,0,0,5,wide and short,WritingOnBoard
v_WritingOnBoard_g13_c06,0,0,0,5,wide and short,WritingOnBoard
v_WritingOnBoard_g14_c01,0,5,0,0,thin and short,WritingOnBoard
v_WritingOnBoard_g15_c04,0,3,0,2,thin and short,WritingOnBoard
v_WritingOnBoard_g16_c01,0,3,0,2,thin and short,WritingOnBoard
v_WritingOnBoard_g16_c02,1,2,0,2,thin and short,WritingOnBoard
v_WritingOnBoard_g17_c01,0,5,0,0,thin and short,WritingOnBoard
v_WritingOnBoard_g17_c02,0,3,0,2,thin and short,WritingOnBoard
v_WritingOnBoard_g18_c03,3,1,0,1,thin and tall,WritingOnBoard
v_WritingOnBoard_g18_c05,1,0,0,4,wide and short,WritingOnBoard
v_WritingOnBoard_g18_c06,0,1,0,4,wide and short,WritingOnBoard
v_WritingOnBoard_g18_c07,1,1,0,3,wide and short,WritingOnBoard
v_WritingOnBoard_g20_c07,0,3,0,2,thin and short,WritingOnBoard
v_WritingOnBoard_g22_c01,0,3,0,2,thin and short,WritingOnBoard
v_WritingOnBoard_g23_c01,0,3,0,2,thin and short,WritingOnBoard
v_WritingOnBoard_g23_c02,0,5,0,0,thin and short,WritingOnBoard
v_WritingOnBoard_g23_c07,0,3,0,2,thin and short,WritingOnBoard
v_WritingOnBoard_g24_c01,1,2,0,2,thin and short,WritingOnBoard
v_WritingOnBoard_g25_c03,0,1,0,4,wide and short,WritingOnBoard
v_WritingOnBoard_g25_c05,0,1,0,4,wide and short,WritingOnBoard
v_WritingOnBoard_g25_c06,2,1,0,2,thin and tall,WritingOnBoard
v_YoYo_g01_c06,0,1,0,4,wide and short,YoYo
v_YoYo_g02_c01,0,1,0,4,wide and short,YoYo
v_YoYo_g14_c03,0,1,0,4,wide and short,YoYo
v_YoYo_g14_c04,0,2,0,3,wide and short,YoYo
v_YoYo_g16_c02,0,2,0,3,wide and short,YoYo
v_YoYo_g16_c04,0,2,0,3,wide and short,YoYo
v_YoYo_g16_c06,0,2,0,3,wide and short,YoYo
v_YoYo_g18_c01,0,2,0,3,wide and short,YoYo
v_YoYo_g19_c03,0,2,0,3,wide and short,YoYo
v_YoYo_g21_c03,0,1,0,4,wide and short,YoYo
v_YoYo_g21_c04,0,0,0,5,wide and short,YoYo
v_YoYo_g22_c04,0,2,0,3,wide and short,YoYo
v_YoYo_g23_c03,0,2,0,3,wide and short,YoYo
