video_name,black_count,brown_count,blonde_count,red_count,gray_count,white_count,final,category
v_ApplyEyeMakeup_g13_c01,0,0,5,0,0,0,blonde,ApplyEyeMakeup
v_ApplyEyeMakeup_g13_c02,0,0,5,0,0,0,blonde,ApplyEyeMakeup
v_ApplyEyeMakeup_g13_c03,1,0,4,0,0,0,blonde,ApplyEyeMakeup
v_ApplyEyeMakeup_g21_c05,5,0,0,0,0,0,black,ApplyEyeMakeup
v_ApplyEyeMakeup_g23_c03,3,0,2,0,0,0,black,ApplyEyeMakeup
v_ApplyEyeMakeup_g25_c01,3,0,2,0,0,0,black,ApplyEyeMakeup
v_ApplyEyeMakeup_g25_c03,3,0,2,0,0,0,black,ApplyEyeMakeup
v_ApplyEyeMakeup_g25_c06,5,0,0,0,0,0,black,ApplyEyeMakeup
v_ApplyLipstick_g01_c04,1,0,4,0,0,0,blonde,ApplyLipstick
v_ApplyLipstick_g05_c03,3,0,2,0,0,0,black,ApplyLipstick
v_ApplyLipstick_g05_c04,3,0,2,0,0,0,black,ApplyLipstick
v_ApplyLipstick_g13_c04,5,0,0,0,0,0,black,ApplyLipstick
v_Archery_g01_c01,1,0,0,4,0,0,red,Archery
v_Archery_g01_c05,1,1,3,0,0,0,blonde,Archery
v_Archery_g01_c07,1,0,0,4,0,0,red,Archery
v_Archery_g06_c04,0,0,5,0,0,0,blonde,Archery
v_Archery_g06_c05,0,0,5,0,0,0,blonde,Archery
v_Archery_g08_c02,5,0,0,0,0,0,black,Archery
v_Archery_g10_c07,2,0,3,0,0,0,blonde,Archery
v_Archery_g11_c01,0,2,3,0,0,0,blonde,Archery
v_Archery_g11_c04,0,1,4,0,0,0,blonde,Archery
v_Archery_g11_c05,4,0,1,0,0,0,black,Archery
v_Archery_g11_c06,3,0,2,0,0,0,black,Archery
v_Archery_g22_c03,2,0,3,0,0,0,blonde,Archery
v_Archery_g22_c05,2,0,3,0,0,0,blonde,Archery
v_Archery_g23_c06,1,0,4,0,0,0,blonde,Archery
v_BabyCrawling_g03_c04,3,0,2,0,0,0,black,BabyCrawling
v_BabyCrawling_g13_c04,3,0,2,0,0,0,black,BabyCrawling
v_BabyCrawling_g18_c04,2,0,0,0,0,3,white,BabyCrawling
v_BabyCrawling_g18_c06,0,0,2,0,0,3,white,BabyCrawling
v_BandMarching_g02_c01,4,0,1,0,0,0,black,BandMarching
v_BandMarching_g03_c06,3,0,2,0,0,0,black,BandMarching
v_BandMarching_g11_c01,3,0,2,0,0,0,black,BandMarching
v_BandMarching_g11_c05,4,0,1,0,0,0,black,BandMarching
v_BandMarching_g15_c04,3,0,2,0,0,0,black,BandMarching
v_BandMarching_g15_c05,4,0,1,0,0,0,black,BandMarching
v_BandMarching_g15_c06,4,0,1,0,0,0,black,BandMarching
v_BandMarching_g20_c05,2,0,3,0,0,0,blonde,BandMarching
v_BandMarching_g20_c06,0,0,5,0,0,0,blonde,BandMarching
v_BandMarching_g21_c02,3,0,2,0,0,0,black,BandMarching
v_BandMarching_g22_c03,5,0,0,0,0,0,black,BandMarching
v_BaseballPitch_g15_c06,4,0,1,0,0,0,black,BaseballPitch
v_BaseballPitch_g15_c07,5,0,0,0,0,0,black,BaseballPitch
v_BasketballDunk_g02_c04,3,0,2,0,0,0,black,BasketballDunk
v_BasketballDunk_g07_c02,5,0,0,0,0,0,black,BasketballDunk
v_BasketballDunk_g09_c05,3,0,2,0,0,0,black,BasketballDunk
v_BasketballDunk_g21_c04,3,0,2,0,0,0,black,BasketballDunk
v_Basketball_g07_c03,5,0,0,0,0,0,black,Basketball
v_Basketball_g11_c03,5,0,0,0,0,0,black,Basketball
v_Basketball_g17_c02,5,0,0,0,0,0,black,Basketball
v_Basketball_g20_c04,4,0,1,0,0,0,black,Basketball
v_Basketball_g23_c02,2,0,3,0,0,0,blonde,Basketball
v_BenchPress_g10_c01,2,0,3,0,0,0,blonde,BenchPress
v_BenchPress_g10_c04,1,0,4,0,0,0,blonde,BenchPress
v_BenchPress_g12_c01,3,0,2,0,0,0,black,BenchPress
v_BenchPress_g15_c01,0,0,5,0,0,0,blonde,BenchPress
v_BenchPress_g15_c03,1,0,4,0,0,0,blonde,BenchPress
v_Biking_g05_c05,4,0,1,0,0,0,black,Biking
v_Biking_g05_c06,3,0,2,0,0,0,black,Biking
v_Biking_g06_c03,4,0,1,0,0,0,black,Biking
v_Biking_g07_c04,5,0,0,0,0,0,black,Biking
v_Biking_g11_c01,1,0,4,0,0,0,blonde,Biking
v_Biking_g11_c02,2,0,3,0,0,0,blonde,Biking
v_Biking_g11_c03,2,0,3,0,0,0,blonde,Biking
v_Biking_g20_c01,3,0,2,0,0,0,black,Biking
v_Biking_g20_c03,5,0,0,0,0,0,black,Biking
v_Biking_g20_c05,5,0,0,0,0,0,black,Biking
v_Biking_g24_c05,4,0,1,0,0,0,black,Biking
v_Biking_g24_c06,4,0,1,0,0,0,black,Biking
v_Biking_g24_c07,5,0,0,0,0,0,black,Biking
v_Biking_g25_c03,0,0,5,0,0,0,blonde,Biking
v_Biking_g25_c04,0,0,5,0,0,0,blonde,Biking
v_Billiards_g01_c02,4,0,1,0,0,0,black,Billiards
v_Billiards_g01_c03,2,1,2,0,0,0,black,Billiards
v_Billiards_g02_c04,3,1,1,0,0,0,black,Billiards
v_Billiards_g02_c06,3,0,2,0,0,0,black,Billiards
v_Billiards_g02_c07,5,0,0,0,0,0,black,Billiards
v_Billiards_g04_c02,3,0,2,0,0,0,black,Billiards
v_Billiards_g04_c04,5,0,0,0,0,0,black,Billiards
v_Billiards_g07_c02,0,0,5,0,0,0,blonde,Billiards
v_Billiards_g07_c03,0,0,5,0,0,0,blonde,Billiards
v_Billiards_g10_c02,0,2,3,0,0,0,blonde,Billiards
v_Billiards_g10_c05,0,0,5,0,0,0,blonde,Billiards
v_Billiards_g15_c03,4,0,1,0,0,0,black,Billiards
v_Billiards_g15_c06,4,0,1,0,0,0,black,Billiards
v_Billiards_g16_c03,3,0,2,0,0,0,black,Billiards
v_Billiards_g18_c03,0,0,5,0,0,0,blonde,Billiards
v_Billiards_g19_c05,5,0,0,0,0,0,black,Billiards
v_Billiards_g19_c07,3,0,2,0,0,0,black,Billiards
v_Billiards_g20_c02,2,0,3,0,0,0,blonde,Billiards
v_BlowDryHair_g02_c05,0,3,2,0,0,0,brown,BlowDryHair
v_BlowDryHair_g03_c01,1,0,4,0,0,0,blonde,BlowDryHair
v_BlowDryHair_g04_c03,0,3,2,0,0,0,brown,BlowDryHair
v_BlowDryHair_g04_c05,0,3,2,0,0,0,brown,BlowDryHair
v_BlowDryHair_g06_c04,1,0,4,0,0,0,blonde,BlowDryHair
v_BlowDryHair_g06_c05,1,2,2,0,0,0,brown,BlowDryHair
v_BlowDryHair_g06_c06,0,2,3,0,0,0,blonde,BlowDryHair
v_BlowDryHair_g08_c05,2,0,3,0,0,0,blonde,BlowDryHair
v_BlowDryHair_g08_c07,2,0,3,0,0,0,blonde,BlowDryHair
v_BlowDryHair_g12_c05,0,0,1,0,0,4,white,BlowDryHair
v_BlowDryHair_g16_c02,1,0,4,0,0,0,blonde,BlowDryHair
v_BlowDryHair_g22_c01,2,1,2,0,0,0,black,BlowDryHair
v_BlowDryHair_g22_c04,1,2,2,0,0,0,brown,BlowDryHair
v_BlowDryHair_g23_c07,2,1,2,0,0,0,black,BlowDryHair
v_BlowingCandles_g03_c02,1,2,2,0,0,0,brown,BlowingCandles
v_BlowingCandles_g11_c03,0,0,5,0,0,0,blonde,BlowingCandles
v_BlowingCandles_g11_c04,0,0,5,0,0,0,blonde,BlowingCandles
v_BlowingCandles_g12_c02,0,0,5,0,0,0,blonde,BlowingCandles
v_BlowingCandles_g12_c03,0,1,4,0,0,0,blonde,BlowingCandles
v_BlowingCandles_g12_c06,1,0,4,0,0,0,blonde,BlowingCandles
v_BlowingCandles_g19_c04,5,0,0,0,0,0,black,BlowingCandles
v_BlowingCandles_g20_c04,5,0,0,0,0,0,black,BlowingCandles
v_BodyWeightSquats_g11_c01,1,0,4,0,0,0,blonde,BodyWeightSquats
v_Bowling_g03_c02,0,0,5,0,0,0,blonde,Bowling
v_Bowling_g03_c06,0,0,5,0,0,0,blonde,Bowling
v_Bowling_g07_c04,4,0,1,0,0,0,black,Bowling
v_Bowling_g07_c05,5,0,0,0,0,0,black,Bowling
v_Bowling_g07_c07,5,0,0,0,0,0,black,Bowling
v_Bowling_g10_c01,0,0,5,0,0,0,blonde,Bowling
v_Bowling_g17_c03,3,0,2,0,0,0,black,Bowling
v_Bowling_g20_c01,4,0,1,0,0,0,black,Bowling
v_Bowling_g20_c04,5,0,0,0,0,0,black,Bowling
v_Bowling_g21_c01,5,0,0,0,0,0,black,Bowling
v_Bowling_g22_c03,0,0,5,0,0,0,blonde,Bowling
v_Bowling_g22_c04,0,0,5,0,0,0,blonde,Bowling
v_Bowling_g22_c07,0,0,5,0,0,0,blonde,Bowling
v_Bowling_g23_c04,4,0,1,0,0,0,black,Bowling
v_Bowling_g23_c06,5,0,0,0,0,0,black,Bowling
v_BoxingPunchingBag_g05_c03,2,0,3,0,0,0,blonde,BoxingPunchingBag
v_BoxingPunchingBag_g07_c02,3,0,2,0,0,0,black,BoxingPunchingBag
v_BoxingPunchingBag_g08_c05,4,0,1,0,0,0,black,BoxingPunchingBag
v_BoxingPunchingBag_g09_c01,4,0,1,0,0,0,black,BoxingPunchingBag
v_BoxingPunchingBag_g09_c03,3,0,2,0,0,0,black,BoxingPunchingBag
v_BoxingPunchingBag_g14_c01,4,0,1,0,0,0,black,BoxingPunchingBag
v_BoxingPunchingBag_g16_c03,3,0,2,0,0,0,black,BoxingPunchingBag
v_BoxingPunchingBag_g16_c05,3,0,2,0,0,0,black,BoxingPunchingBag
v_BoxingPunchingBag_g16_c07,3,0,2,0,0,0,black,BoxingPunchingBag
v_BoxingPunchingBag_g20_c06,3,0,2,0,0,0,black,BoxingPunchingBag
v_BoxingPunchingBag_g22_c03,2,0,3,0,0,0,blonde,BoxingPunchingBag
v_BoxingPunchingBag_g22_c05,2,0,3,0,0,0,blonde,BoxingPunchingBag
v_BoxingPunchingBag_g25_c04,3,0,2,0,0,0,black,BoxingPunchingBag
v_BoxingSpeedBag_g01_c04,5,0,0,0,0,0,black,BoxingSpeedBag
v_BoxingSpeedBag_g18_c01,2,3,0,0,0,0,brown,BoxingSpeedBag
v_BoxingSpeedBag_g19_c02,1,0,4,0,0,0,blonde,BoxingSpeedBag
v_BoxingSpeedBag_g19_c04,0,0,5,0,0,0,blonde,BoxingSpeedBag
v_BreastStroke_g02_c03,1,0,4,0,0,0,blonde,BreastStroke
v_BreastStroke_g05_c01,4,0,1,0,0,0,black,BreastStroke
v_BreastStroke_g08_c03,3,0,2,0,0,0,black,BreastStroke
v_BreastStroke_g09_c01,4,0,1,0,0,0,black,BreastStroke
v_BreastStroke_g10_c01,3,0,2,0,0,0,black,BreastStroke
v_BreastStroke_g18_c01,3,0,2,0,0,0,black,BreastStroke
v_BreastStroke_g18_c04,5,0,0,0,0,0,black,BreastStroke
v_BreastStroke_g22_c03,2,1,2,0,0,0,black,BreastStroke
v_BreastStroke_g23_c03,2,0,3,0,0,0,blonde,BreastStroke
v_BreastStroke_g25_c04,4,0,1,0,0,0,black,BreastStroke
v_BrushingTeeth_g02_c01,2,1,2,0,0,0,black,BrushingTeeth
v_BrushingTeeth_g02_c06,2,1,2,0,0,0,black,BrushingTeeth
v_BrushingTeeth_g04_c03,1,0,4,0,0,0,blonde,BrushingTeeth
v_BrushingTeeth_g04_c04,1,0,4,0,0,0,blonde,BrushingTeeth
v_BrushingTeeth_g06_c02,4,0,1,0,0,0,black,BrushingTeeth
v_BrushingTeeth_g06_c04,4,0,1,0,0,0,black,BrushingTeeth
v_BrushingTeeth_g07_c01,2,1,2,0,0,0,black,BrushingTeeth
v_BrushingTeeth_g07_c03,0,0,5,0,0,0,blonde,BrushingTeeth
v_BrushingTeeth_g07_c04,0,1,4,0,0,0,blonde,BrushingTeeth
v_BrushingTeeth_g12_c03,2,0,3,0,0,0,blonde,BrushingTeeth
v_BrushingTeeth_g12_c06,2,0,3,0,0,0,blonde,BrushingTeeth
v_BrushingTeeth_g20_c01,3,0,2,0,0,0,black,BrushingTeeth
v_BrushingTeeth_g21_c03,3,0,2,0,0,0,black,BrushingTeeth
v_CleanAndJerk_g06_c04,5,0,0,0,0,0,black,CleanAndJerk
v_CleanAndJerk_g10_c04,4,0,1,0,0,0,black,CleanAndJerk
v_CleanAndJerk_g17_c03,4,0,1,0,0,0,black,CleanAndJerk
v_CleanAndJerk_g20_c05,4,0,1,0,0,0,black,CleanAndJerk
v_CleanAndJerk_g20_c06,5,0,0,0,0,0,black,CleanAndJerk
v_CleanAndJerk_g22_c02,0,0,5,0,0,0,blonde,CleanAndJerk
v_CleanAndJerk_g22_c03,0,0,5,0,0,0,blonde,CleanAndJerk
v_CliffDiving_g01_c02,2,1,2,0,0,0,black,CliffDiving
v_CliffDiving_g02_c03,2,0,3,0,0,0,blonde,CliffDiving
v_CliffDiving_g02_c04,1,0,4,0,0,0,blonde,CliffDiving
v_CliffDiving_g05_c03,3,0,2,0,0,0,black,CliffDiving
v_CliffDiving_g07_c05,3,0,2,0,0,0,black,CliffDiving
v_CliffDiving_g09_c04,4,1,0,0,0,0,black,CliffDiving
v_CliffDiving_g09_c06,5,0,0,0,0,0,black,CliffDiving
v_CliffDiving_g10_c05,1,0,4,0,0,0,blonde,CliffDiving
v_CliffDiving_g11_c06,3,1,1,0,0,0,black,CliffDiving
v_CliffDiving_g13_c04,3,0,2,0,0,0,black,CliffDiving
v_CliffDiving_g14_c06,2,0,2,0,0,1,black,CliffDiving
v_CliffDiving_g15_c01,3,0,2,0,0,0,black,CliffDiving
v_CliffDiving_g16_c03,3,0,2,0,0,0,black,CliffDiving
v_CliffDiving_g17_c01,4,0,1,0,0,0,black,CliffDiving
v_CliffDiving_g17_c05,4,0,1,0,0,0,black,CliffDiving
v_CliffDiving_g19_c01,3,0,2,0,0,0,black,CliffDiving
v_CliffDiving_g19_c03,4,0,1,0,0,0,black,CliffDiving
v_CliffDiving_g20_c01,4,0,1,0,0,0,black,CliffDiving
v_CliffDiving_g20_c06,3,0,2,0,0,0,black,CliffDiving
v_CliffDiving_g22_c06,3,0,2,0,0,0,black,CliffDiving
v_CliffDiving_g24_c02,3,0,2,0,0,0,black,CliffDiving
v_CliffDiving_g25_c04,3,0,2,0,0,0,black,CliffDiving
v_CricketBowling_g02_c03,3,0,2,0,0,0,black,CricketBowling
v_CricketBowling_g02_c06,5,0,0,0,0,0,black,CricketBowling
v_CricketBowling_g03_c01,2,0,3,0,0,0,blonde,CricketBowling
v_CricketBowling_g03_c02,2,0,3,0,0,0,blonde,CricketBowling
v_CricketBowling_g06_c04,3,0,2,0,0,0,black,CricketBowling
v_CricketBowling_g06_c05,5,0,0,0,0,0,black,CricketBowling
v_CricketBowling_g14_c01,1,0,4,0,0,0,blonde,CricketBowling
v_CricketBowling_g14_c02,0,0,5,0,0,0,blonde,CricketBowling
v_CricketBowling_g15_c05,5,0,0,0,0,0,black,CricketBowling
v_CricketBowling_g19_c07,3,0,2,0,0,0,black,CricketBowling
v_CricketBowling_g20_c02,3,0,2,0,0,0,black,CricketBowling
v_CricketBowling_g20_c05,5,0,0,0,0,0,black,CricketBowling
v_CricketBowling_g22_c03,2,0,3,0,0,0,blonde,CricketBowling
v_CricketBowling_g22_c04,0,0,5,0,0,0,blonde,CricketBowling
v_CricketBowling_g22_c07,2,0,3,0,0,0,blonde,CricketBowling
v_CricketBowling_g24_c04,1,0,4,0,0,0,blonde,CricketBowling
v_CricketShot_g05_c03,4,0,1,0,0,0,black,CricketShot
v_CricketShot_g05_c06,5,0,0,0,0,0,black,CricketShot
v_CricketShot_g05_c07,5,0,0,0,0,0,black,CricketShot
v_CricketShot_g08_c03,3,0,2,0,0,0,black,CricketShot
v_CricketShot_g12_c07,1,2,2,0,0,0,brown,CricketShot
v_CricketShot_g24_c02,5,0,0,0,0,0,black,CricketShot
v_CricketShot_g24_c04,5,0,0,0,0,0,black,CricketShot
v_CuttingInKitchen_g03_c04,0,1,4,0,0,0,blonde,CuttingInKitchen
v_CuttingInKitchen_g04_c02,0,3,2,0,0,0,brown,CuttingInKitchen
v_CuttingInKitchen_g04_c03,0,2,2,0,0,1,brown,CuttingInKitchen
v_CuttingInKitchen_g05_c01,3,1,1,0,0,0,black,CuttingInKitchen
v_CuttingInKitchen_g13_c01,0,3,2,0,0,0,brown,CuttingInKitchen
v_CuttingInKitchen_g13_c02,0,3,2,0,0,0,brown,CuttingInKitchen
v_CuttingInKitchen_g17_c03,0,0,5,0,0,0,blonde,CuttingInKitchen
v_CuttingInKitchen_g17_c04,0,3,2,0,0,0,brown,CuttingInKitchen
v_CuttingInKitchen_g24_c03,0,3,2,0,0,0,brown,CuttingInKitchen
v_CuttingInKitchen_g24_c04,1,3,1,0,0,0,brown,CuttingInKitchen
v_CuttingInKitchen_g25_c05,0,0,5,0,0,0,blonde,CuttingInKitchen
v_CuttingInKitchen_g25_c06,0,0,5,0,0,0,blonde,CuttingInKitchen
v_Diving_g02_c05,3,0,2,0,0,0,black,Diving
v_Diving_g05_c02,3,0,2,0,0,0,black,Diving
v_Diving_g10_c01,5,0,0,0,0,0,black,Diving
v_Diving_g10_c07,3,0,2,0,0,0,black,Diving
v_Diving_g11_c03,3,0,2,0,0,0,black,Diving
v_Diving_g12_c05,4,0,1,0,0,0,black,Diving
v_Diving_g14_c02,4,1,0,0,0,0,black,Diving
v_Diving_g21_c03,3,0,2,0,0,0,black,Diving
v_Diving_g23_c06,4,0,1,0,0,0,black,Diving
v_Drumming_g02_c01,2,0,3,0,0,0,blonde,Drumming
v_Drumming_g03_c02,0,0,5,0,0,0,blonde,Drumming
v_Drumming_g03_c05,1,0,4,0,0,0,blonde,Drumming
v_Drumming_g04_c07,5,0,0,0,0,0,black,Drumming
v_Drumming_g05_c04,3,0,2,0,0,0,black,Drumming
v_Drumming_g10_c06,3,0,2,0,0,0,black,Drumming
v_Drumming_g13_c07,4,0,1,0,0,0,black,Drumming
v_Drumming_g16_c07,2,0,3,0,0,0,blonde,Drumming
v_Drumming_g18_c02,0,0,5,0,0,0,blonde,Drumming
v_Drumming_g18_c03,1,0,4,0,0,0,blonde,Drumming
v_Drumming_g18_c06,2,0,3,0,0,0,blonde,Drumming
v_Drumming_g19_c01,4,0,1,0,0,0,black,Drumming
v_Drumming_g22_c03,2,0,3,0,0,0,blonde,Drumming
v_Drumming_g25_c04,4,0,1,0,0,0,black,Drumming
v_Drumming_g25_c07,3,0,2,0,0,0,black,Drumming
v_FieldHockeyPenalty_g07_c01,5,0,0,0,0,0,black,FieldHockeyPenalty
v_FieldHockeyPenalty_g08_c01,4,0,1,0,0,0,black,FieldHockeyPenalty
v_FieldHockeyPenalty_g13_c02,0,0,5,0,0,0,blonde,FieldHockeyPenalty
v_FieldHockeyPenalty_g13_c04,0,0,5,0,0,0,blonde,FieldHockeyPenalty
v_FieldHockeyPenalty_g15_c01,4,0,1,0,0,0,black,FieldHockeyPenalty
v_FieldHockeyPenalty_g15_c03,5,0,0,0,0,0,black,FieldHockeyPenalty
v_FieldHockeyPenalty_g16_c02,4,0,1,0,0,0,black,FieldHockeyPenalty
v_FieldHockeyPenalty_g17_c03,0,0,5,0,0,0,blonde,FieldHockeyPenalty
v_FieldHockeyPenalty_g17_c04,0,0,5,0,0,0,blonde,FieldHockeyPenalty
v_FieldHockeyPenalty_g19_c01,0,0,5,0,0,0,blonde,FieldHockeyPenalty
v_FieldHockeyPenalty_g19_c02,2,0,3,0,0,0,blonde,FieldHockeyPenalty
v_FloorGymnastics_g09_c07,4,0,1,0,0,0,black,FloorGymnastics
v_FloorGymnastics_g21_c04,3,0,2,0,0,0,black,FloorGymnastics
v_FloorGymnastics_g21_c05,4,0,1,0,0,0,black,FloorGymnastics
v_FrisbeeCatch_g01_c04,3,0,2,0,0,0,black,FrisbeeCatch
v_FrisbeeCatch_g07_c02,3,0,2,0,0,0,black,FrisbeeCatch
v_FrisbeeCatch_g08_c01,4,0,1,0,0,0,black,FrisbeeCatch
v_FrisbeeCatch_g08_c05,5,0,0,0,0,0,black,FrisbeeCatch
v_FrisbeeCatch_g11_c04,3,0,2,0,0,0,black,FrisbeeCatch
v_FrisbeeCatch_g12_c04,3,0,2,0,0,0,black,FrisbeeCatch
v_FrisbeeCatch_g13_c04,3,0,2,0,0,0,black,FrisbeeCatch
v_FrontCrawl_g03_c03,3,0,2,0,0,0,black,FrontCrawl
v_FrontCrawl_g04_c03,2,0,3,0,0,0,blonde,FrontCrawl
v_FrontCrawl_g05_c02,1,0,4,0,0,0,blonde,FrontCrawl
v_FrontCrawl_g08_c03,1,0,2,0,0,2,blonde,FrontCrawl
v_FrontCrawl_g09_c03,3,0,2,0,0,0,black,FrontCrawl
v_FrontCrawl_g10_c05,3,0,2,0,0,0,black,FrontCrawl
v_FrontCrawl_g11_c02,4,0,1,0,0,0,black,FrontCrawl
v_FrontCrawl_g11_c06,4,0,1,0,0,0,black,FrontCrawl
v_FrontCrawl_g11_c07,2,0,2,0,0,1,black,FrontCrawl
v_FrontCrawl_g14_c03,3,0,2,0,0,0,black,FrontCrawl
v_FrontCrawl_g14_c05,3,0,2,0,0,0,black,FrontCrawl
v_FrontCrawl_g17_c02,3,0,2,0,0,0,black,FrontCrawl
v_FrontCrawl_g17_c04,3,0,2,0,0,0,black,FrontCrawl
v_FrontCrawl_g19_c03,0,0,5,0,0,0,blonde,FrontCrawl
v_FrontCrawl_g19_c04,2,0,3,0,0,0,blonde,FrontCrawl
v_FrontCrawl_g22_c01,4,0,1,0,0,0,black,FrontCrawl
v_FrontCrawl_g22_c06,4,0,1,0,0,0,black,FrontCrawl
v_FrontCrawl_g24_c02,4,1,0,0,0,0,black,FrontCrawl
v_FrontCrawl_g24_c03,2,0,3,0,0,0,blonde,FrontCrawl
v_GolfSwing_g02_c01,5,0,0,0,0,0,black,GolfSwing
v_GolfSwing_g06_c01,3,0,2,0,0,0,black,GolfSwing
v_GolfSwing_g11_c02,5,0,0,0,0,0,black,GolfSwing
v_GolfSwing_g12_c01,4,0,1,0,0,0,black,GolfSwing
v_GolfSwing_g13_c04,5,0,0,0,0,0,black,GolfSwing
v_GolfSwing_g14_c01,5,0,0,0,0,0,black,GolfSwing
v_GolfSwing_g15_c04,0,0,5,0,0,0,blonde,GolfSwing
v_GolfSwing_g16_c03,4,0,1,0,0,0,black,GolfSwing
v_GolfSwing_g17_c05,5,0,0,0,0,0,black,GolfSwing
v_GolfSwing_g17_c06,5,0,0,0,0,0,black,GolfSwing
v_GolfSwing_g21_c05,2,0,3,0,0,0,blonde,GolfSwing
v_GolfSwing_g23_c04,4,0,1,0,0,0,black,GolfSwing
v_GolfSwing_g24_c07,4,0,1,0,0,0,black,GolfSwing
v_GolfSwing_g25_c02,0,0,5,0,0,0,blonde,GolfSwing
v_GolfSwing_g25_c03,0,0,5,0,0,0,blonde,GolfSwing
v_Haircut_g03_c01,0,4,1,0,0,0,brown,Haircut
v_Haircut_g03_c03,3,0,2,0,0,0,black,Haircut
v_Haircut_g03_c05,5,0,0,0,0,0,black,Haircut
v_Haircut_g06_c04,0,0,5,0,0,0,blonde,Haircut
v_Haircut_g08_c04,3,2,0,0,0,0,black,Haircut
v_Haircut_g08_c06,0,5,0,0,0,0,brown,Haircut
v_Haircut_g09_c03,1,0,4,0,0,0,blonde,Haircut
v_Haircut_g11_c04,0,3,2,0,0,0,brown,Haircut
v_Haircut_g12_c02,1,3,1,0,0,0,brown,Haircut
v_Haircut_g12_c04,0,4,1,0,0,0,brown,Haircut
v_Haircut_g13_c02,0,5,0,0,0,0,brown,Haircut
v_Haircut_g13_c04,0,5,0,0,0,0,brown,Haircut
v_Haircut_g16_c05,0,5,0,0,0,0,brown,Haircut
v_Haircut_g18_c01,2,0,3,0,0,0,blonde,Haircut
v_Haircut_g20_c03,5,0,0,0,0,0,black,Haircut
v_Haircut_g20_c06,5,0,0,0,0,0,black,Haircut
v_Haircut_g20_c07,5,0,0,0,0,0,black,Haircut
v_Haircut_g25_c03,4,0,1,0,0,0,black,Haircut
v_HammerThrow_g01_c03,5,0,0,0,0,0,black,HammerThrow
v_HammerThrow_g01_c05,5,0,0,0,0,0,black,HammerThrow
v_HammerThrow_g03_c04,3,0,2,0,0,0,black,HammerThrow
v_HammerThrow_g06_c04,5,0,0,0,0,0,black,HammerThrow
v_HammerThrow_g09_c04,3,0,2,0,0,0,black,HammerThrow
v_HammerThrow_g09_c05,3,0,2,0,0,0,black,HammerThrow
v_HammerThrow_g15_c04,1,0,4,0,0,0,blonde,HammerThrow
v_HammerThrow_g22_c05,3,0,2,0,0,0,black,HammerThrow
v_Hammering_g03_c01,3,0,2,0,0,0,black,Hammering
v_Hammering_g03_c03,3,0,2,0,0,0,black,Hammering
v_Hammering_g06_c06,3,0,2,0,0,0,black,Hammering
v_Hammering_g07_c03,4,0,1,0,0,0,black,Hammering
v_Hammering_g08_c02,4,0,1,0,0,0,black,Hammering
v_Hammering_g22_c04,2,0,3,0,0,0,blonde,Hammering
v_Hammering_g22_c07,2,0,3,0,0,0,blonde,Hammering
v_Hammering_g23_c04,2,0,3,0,0,0,blonde,Hammering
v_Hammering_g23_c05,1,0,4,0,0,0,blonde,Hammering
v_Hammering_g23_c06,0,0,5,0,0,0,blonde,Hammering
v_Hammering_g24_c01,4,0,1,0,0,0,black,Hammering
v_Hammering_g24_c02,3,0,2,0,0,0,black,Hammering
v_HandstandPushups_g02_c01,1,0,4,0,0,0,blonde,HandstandPushups
v_HandstandPushups_g02_c02,0,0,5,0,0,0,blonde,HandstandPushups
v_HandstandPushups_g04_c01,3,0,2,0,0,0,black,HandstandPushups
v_HandstandPushups_g09_c04,2,0,3,0,0,0,blonde,HandstandPushups
v_HandstandPushups_g18_c06,2,0,3,0,0,0,blonde,HandstandPushups
v_HandstandPushups_g20_c01,5,0,0,0,0,0,black,HandstandPushups
v_HandstandPushups_g21_c02,2,0,3,0,0,0,blonde,HandstandPushups
v_HandstandPushups_g21_c04,1,0,4,0,0,0,blonde,HandstandPushups
v_HandstandWalking_g03_c04,5,0,0,0,0,0,black,HandstandWalking
v_HandstandWalking_g05_c05,2,0,3,0,0,0,blonde,HandstandWalking
v_HandstandWalking_g06_c02,2,0,3,0,0,0,blonde,HandstandWalking
v_HandstandWalking_g06_c04,0,0,5,0,0,0,blonde,HandstandWalking
v_HandstandWalking_g07_c02,3,0,2,0,0,0,black,HandstandWalking
v_HandstandWalking_g07_c03,5,0,0,0,0,0,black,HandstandWalking
v_HandstandWalking_g12_c02,3,0,2,0,0,0,black,HandstandWalking
v_HandstandWalking_g14_c04,1,0,4,0,0,0,blonde,HandstandWalking
v_HandstandWalking_g15_c01,3,0,2,0,0,0,black,HandstandWalking
v_HandstandWalking_g16_c02,3,0,2,0,0,0,black,HandstandWalking
v_HandstandWalking_g17_c01,4,0,1,0,0,0,black,HandstandWalking
v_HandstandWalking_g18_c04,0,0,5,0,0,0,blonde,HandstandWalking
v_HandstandWalking_g18_c06,0,0,5,0,0,0,blonde,HandstandWalking
v_HandstandWalking_g18_c07,0,1,4,0,0,0,blonde,HandstandWalking
v_HandstandWalking_g23_c02,0,2,3,0,0,0,blonde,HandstandWalking
v_HandstandWalking_g25_c02,0,1,4,0,0,0,blonde,HandstandWalking
v_HandstandWalking_g25_c04,4,0,1,0,0,0,black,HandstandWalking
v_HeadMassage_g04_c01,1,0,4,0,0,0,blonde,HeadMassage
v_HeadMassage_g04_c04,1,0,4,0,0,0,blonde,HeadMassage
v_HeadMassage_g06_c05,3,0,2,0,0,0,black,HeadMassage
v_HeadMassage_g06_c06,3,0,2,0,0,0,black,HeadMassage
v_HeadMassage_g06_c07,4,0,1,0,0,0,black,HeadMassage
v_HeadMassage_g10_c02,0,4,1,0,0,0,brown,HeadMassage
v_HeadMassage_g18_c01,2,0,3,0,0,0,blonde,HeadMassage
v_HeadMassage_g18_c04,2,0,3,0,0,0,blonde,HeadMassage
v_HeadMassage_g21_c01,3,0,2,0,0,0,black,HeadMassage
v_HeadMassage_g24_c04,3,0,2,0,0,0,black,HeadMassage
v_HighJump_g02_c05,1,0,4,0,0,0,blonde,HighJump
v_HighJump_g03_c03,3,0,2,0,0,0,black,HighJump
v_HighJump_g05_c01,1,0,4,0,0,0,blonde,HighJump
v_HighJump_g05_c03,2,0,3,0,0,0,blonde,HighJump
v_HighJump_g10_c02,0,0,5,0,0,0,blonde,HighJump
v_HighJump_g10_c04,1,0,4,0,0,0,blonde,HighJump
v_HighJump_g11_c05,3,0,2,0,0,0,black,HighJump
v_HighJump_g14_c01,3,0,2,0,0,0,black,HighJump
v_HighJump_g19_c04,5,0,0,0,0,0,black,HighJump
v_HighJump_g20_c03,3,0,2,0,0,0,black,HighJump
v_HighJump_g20_c05,3,0,2,0,0,0,black,HighJump
v_HighJump_g22_c01,3,0,2,0,0,0,black,HighJump
v_HighJump_g22_c04,4,0,1,0,0,0,black,HighJump
v_HighJump_g24_c04,3,0,2,0,0,0,black,HighJump
v_HorseRace_g04_c01,3,0,2,0,0,0,black,HorseRace
v_HorseRace_g06_c03,3,0,2,0,0,0,black,HorseRace
v_HorseRace_g06_c06,4,0,1,0,0,0,black,HorseRace
v_HorseRace_g13_c05,3,0,2,0,0,0,black,HorseRace
v_HorseRace_g23_c01,4,0,1,0,0,0,black,HorseRace
v_HorseRace_g23_c04,4,0,1,0,0,0,black,HorseRace
v_HorseRiding_g01_c02,0,1,4,0,0,0,blonde,HorseRiding
v_HorseRiding_g01_c03,0,1,4,0,0,0,blonde,HorseRiding
v_HorseRiding_g01_c04,1,4,0,0,0,0,brown,HorseRiding
v_HorseRiding_g01_c07,1,4,0,0,0,0,brown,HorseRiding
v_HorseRiding_g03_c01,0,1,4,0,0,0,blonde,HorseRiding
v_HorseRiding_g04_c05,5,0,0,0,0,0,black,HorseRiding
v_HorseRiding_g04_c06,5,0,0,0,0,0,black,HorseRiding
v_HorseRiding_g04_c07,5,0,0,0,0,0,black,HorseRiding
v_HorseRiding_g05_c06,5,0,0,0,0,0,black,HorseRiding
v_HorseRiding_g05_c07,4,0,1,0,0,0,black,HorseRiding
v_HorseRiding_g06_c04,0,2,3,0,0,0,blonde,HorseRiding
v_HorseRiding_g07_c02,0,2,3,0,0,0,blonde,HorseRiding
v_HorseRiding_g07_c05,0,2,3,0,0,0,blonde,HorseRiding
v_HorseRiding_g08_c04,0,1,0,0,0,4,white,HorseRiding
v_HorseRiding_g08_c06,0,4,1,0,0,0,brown,HorseRiding
v_HorseRiding_g09_c04,0,0,2,0,0,3,white,HorseRiding
v_HorseRiding_g09_c05,0,0,0,0,0,5,white,HorseRiding
v_HorseRiding_g09_c06,0,0,2,0,0,3,white,HorseRiding
v_HorseRiding_g10_c05,0,3,2,0,0,0,brown,HorseRiding
v_HorseRiding_g10_c06,0,0,0,0,0,5,white,HorseRiding
v_HorseRiding_g10_c07,0,5,0,0,0,0,brown,HorseRiding
v_HorseRiding_g11_c05,0,0,5,0,0,0,blonde,HorseRiding
v_HorseRiding_g11_c07,0,2,3,0,0,0,blonde,HorseRiding
v_HorseRiding_g12_c02,1,0,2,0,0,2,blonde,HorseRiding
v_HorseRiding_g12_c05,0,0,5,0,0,0,blonde,HorseRiding
v_HorseRiding_g13_c01,2,0,2,0,0,1,black,HorseRiding
v_HorseRiding_g15_c04,0,0,2,0,0,3,white,HorseRiding
v_HorseRiding_g15_c05,0,0,2,0,0,3,white,HorseRiding
v_HorseRiding_g15_c06,0,0,2,0,0,3,white,HorseRiding
v_HorseRiding_g16_c03,0,0,0,0,0,5,white,HorseRiding
v_HorseRiding_g16_c05,0,0,0,0,0,5,white,HorseRiding
v_HorseRiding_g16_c06,0,0,1,0,0,4,white,HorseRiding
v_HorseRiding_g18_c06,1,0,4,0,0,0,blonde,HorseRiding
v_HorseRiding_g19_c04,1,3,1,0,0,0,brown,HorseRiding
v_HorseRiding_g19_c05,0,2,3,0,0,0,blonde,HorseRiding
v_HorseRiding_g19_c06,0,4,1,0,0,0,brown,HorseRiding
v_HorseRiding_g19_c07,0,2,3,0,0,0,blonde,HorseRiding
v_HorseRiding_g20_c03,0,1,3,0,0,1,blonde,HorseRiding
v_HorseRiding_g21_c03,2,0,3,0,0,0,blonde,HorseRiding
v_HorseRiding_g21_c04,1,3,1,0,0,0,brown,HorseRiding
v_HorseRiding_g21_c05,0,4,1,0,0,0,brown,HorseRiding
v_HorseRiding_g21_c06,0,0,5,0,0,0,blonde,HorseRiding
v_HorseRiding_g22_c04,0,3,2,0,0,0,brown,HorseRiding
v_HorseRiding_g22_c06,4,0,1,0,0,0,black,HorseRiding
v_HorseRiding_g23_c02,4,0,1,0,0,0,black,HorseRiding
v_HorseRiding_g23_c05,0,0,0,0,0,5,white,HorseRiding
v_HorseRiding_g23_c06,5,0,0,0,0,0,black,HorseRiding
v_HorseRiding_g24_c01,5,0,0,0,0,0,black,HorseRiding
v_HorseRiding_g24_c03,5,0,0,0,0,0,black,HorseRiding
v_HorseRiding_g24_c07,2,0,3,0,0,0,blonde,HorseRiding
v_HulaHoop_g05_c04,4,0,1,0,0,0,black,HulaHoop
v_HulaHoop_g08_c01,5,0,0,0,0,0,black,HulaHoop
v_HulaHoop_g08_c04,4,0,1,0,0,0,black,HulaHoop
v_HulaHoop_g15_c05,5,0,0,0,0,0,black,HulaHoop
v_HulaHoop_g16_c01,3,0,2,0,0,0,black,HulaHoop
v_HulaHoop_g16_c04,3,0,2,0,0,0,black,HulaHoop
v_HulaHoop_g24_c02,2,0,3,0,0,0,blonde,HulaHoop
v_HulaHoop_g25_c02,5,0,0,0,0,0,black,HulaHoop
v_HulaHoop_g25_c04,3,0,2,0,0,0,black,HulaHoop
v_IceDancing_g22_c05,2,0,3,0,0,0,blonde,IceDancing
v_IceDancing_g22_c06,2,0,3,0,0,0,blonde,IceDancing
v_IceDancing_g22_c07,2,0,3,0,0,0,blonde,IceDancing
v_JavelinThrow_g01_c03,3,0,2,0,0,0,black,JavelinThrow
v_JavelinThrow_g02_c02,3,0,2,0,0,0,black,JavelinThrow
v_JavelinThrow_g04_c02,5,0,0,0,0,0,black,JavelinThrow
v_JavelinThrow_g11_c01,5,0,0,0,0,0,black,JavelinThrow
v_JavelinThrow_g12_c02,4,0,1,0,0,0,black,JavelinThrow
v_JavelinThrow_g22_c03,5,0,0,0,0,0,black,JavelinThrow
v_JavelinThrow_g24_c03,3,0,2,0,0,0,black,JavelinThrow
v_JavelinThrow_g24_c04,3,0,2,0,0,0,black,JavelinThrow
v_JugglingBalls_g02_c02,3,0,2,0,0,0,black,JugglingBalls
v_JugglingBalls_g02_c03,3,0,2,0,0,0,black,JugglingBalls
v_JugglingBalls_g10_c03,3,1,1,0,0,0,black,JugglingBalls
v_JumpRope_g01_c01,2,0,3,0,0,0,blonde,JumpRope
v_JumpRope_g13_c02,3,0,2,0,0,0,black,JumpRope
v_JumpRope_g13_c04,3,0,2,0,0,0,black,JumpRope
v_JumpRope_g19_c03,4,0,1,0,0,0,black,JumpRope
v_JumpRope_g22_c04,3,0,2,0,0,0,black,JumpRope
v_JumpRope_g22_c06,3,0,2,0,0,0,black,JumpRope
v_JumpingJack_g05_c02,0,0,1,0,0,4,white,JumpingJack
v_JumpingJack_g05_c04,0,0,2,0,0,3,white,JumpingJack
v_JumpingJack_g07_c02,1,0,4,0,0,0,blonde,JumpingJack
v_JumpingJack_g07_c04,2,0,3,0,0,0,blonde,JumpingJack
v_JumpingJack_g08_c04,2,0,3,0,0,0,blonde,JumpingJack
v_JumpingJack_g09_c06,4,0,1,0,0,0,black,JumpingJack
v_JumpingJack_g11_c03,0,0,5,0,0,0,blonde,JumpingJack
v_JumpingJack_g11_c04,0,0,5,0,0,0,blonde,JumpingJack
v_JumpingJack_g17_c03,2,0,3,0,0,0,blonde,JumpingJack
v_JumpingJack_g17_c04,0,0,5,0,0,0,blonde,JumpingJack
v_JumpingJack_g20_c02,5,0,0,0,0,0,black,JumpingJack
v_Kayaking_g04_c04,3,0,2,0,0,0,black,Kayaking
v_Kayaking_g04_c07,4,0,1,0,0,0,black,Kayaking
v_Kayaking_g06_c05,5,0,0,0,0,0,black,Kayaking
v_Kayaking_g06_c06,5,0,0,0,0,0,black,Kayaking
v_Kayaking_g07_c02,1,0,4,0,0,0,blonde,Kayaking
v_Kayaking_g07_c03,1,0,4,0,0,0,blonde,Kayaking
v_Kayaking_g10_c04,2,0,3,0,0,0,blonde,Kayaking
v_Kayaking_g11_c02,3,0,2,0,0,0,black,Kayaking
v_Kayaking_g11_c07,3,0,2,0,0,0,black,Kayaking
v_Kayaking_g12_c03,1,0,4,0,0,0,blonde,Kayaking
v_Kayaking_g12_c04,1,0,4,0,0,0,blonde,Kayaking
v_Kayaking_g13_c01,0,0,5,0,0,0,blonde,Kayaking
v_Kayaking_g13_c04,2,0,3,0,0,0,blonde,Kayaking
v_Kayaking_g15_c03,2,0,3,0,0,0,blonde,Kayaking
v_Kayaking_g15_c06,0,0,5,0,0,0,blonde,Kayaking
v_Kayaking_g16_c01,1,0,0,0,0,4,white,Kayaking
v_Kayaking_g16_c05,1,0,4,0,0,0,blonde,Kayaking
v_Kayaking_g18_c03,2,0,3,0,0,0,blonde,Kayaking
v_Kayaking_g18_c04,2,0,3,0,0,0,blonde,Kayaking
v_Kayaking_g18_c06,2,0,3,0,0,0,blonde,Kayaking
v_Kayaking_g19_c01,4,0,1,0,0,0,black,Kayaking
v_Kayaking_g19_c03,5,0,0,0,0,0,black,Kayaking
v_Kayaking_g20_c07,0,0,5,0,0,0,blonde,Kayaking
v_Kayaking_g21_c03,2,1,2,0,0,0,black,Kayaking
v_Kayaking_g21_c04,5,0,0,0,0,0,black,Kayaking
v_Kayaking_g22_c04,3,0,2,0,0,0,black,Kayaking
v_Kayaking_g22_c07,3,0,2,0,0,0,black,Kayaking
v_Kayaking_g23_c04,3,0,2,0,0,0,black,Kayaking
v_Kayaking_g24_c03,2,0,3,0,0,0,blonde,Kayaking
v_Kayaking_g25_c01,2,0,3,0,0,0,blonde,Kayaking
v_Kayaking_g25_c03,0,0,5,0,0,0,blonde,Kayaking
v_Knitting_g08_c01,2,0,0,3,0,0,red,Knitting
v_Knitting_g09_c04,0,3,2,0,0,0,brown,Knitting
v_Knitting_g17_c01,0,5,0,0,0,0,brown,Knitting
v_Knitting_g17_c02,0,4,1,0,0,0,brown,Knitting
v_Knitting_g20_c01,3,0,2,0,0,0,black,Knitting
v_Knitting_g20_c04,0,3,2,0,0,0,brown,Knitting
v_Knitting_g22_c03,0,2,3,0,0,0,blonde,Knitting
v_Knitting_g23_c02,0,3,2,0,0,0,brown,Knitting
v_Knitting_g25_c05,1,0,4,0,0,0,blonde,Knitting
v_Knitting_g25_c06,2,0,3,0,0,0,blonde,Knitting
v_LongJump_g01_c07,4,0,1,0,0,0,black,LongJump
v_LongJump_g03_c01,3,0,2,0,0,0,black,LongJump
v_LongJump_g03_c02,3,0,2,0,0,0,black,LongJump
v_LongJump_g06_c01,1,3,1,0,0,0,brown,LongJump
v_LongJump_g08_c02,2,0,3,0,0,0,blonde,LongJump
v_LongJump_g08_c06,2,0,3,0,0,0,blonde,LongJump
v_LongJump_g09_c01,0,0,5,0,0,0,blonde,LongJump
v_LongJump_g09_c04,1,0,4,0,0,0,blonde,LongJump
v_LongJump_g11_c01,3,0,2,0,0,0,black,LongJump
v_LongJump_g15_c03,3,0,2,0,0,0,black,LongJump
v_LongJump_g15_c04,5,0,0,0,0,0,black,LongJump
v_LongJump_g17_c01,3,0,2,0,0,0,black,LongJump
v_LongJump_g17_c05,3,1,1,0,0,0,black,LongJump
v_LongJump_g20_c02,3,0,2,0,0,0,black,LongJump
v_Lunges_g02_c04,2,0,3,0,0,0,blonde,Lunges
v_Lunges_g03_c03,2,0,3,0,0,0,blonde,Lunges
v_Lunges_g11_c01,5,0,0,0,0,0,black,Lunges
v_Lunges_g11_c05,4,0,1,0,0,0,black,Lunges
v_Lunges_g18_c02,0,0,5,0,0,0,blonde,Lunges
v_Lunges_g21_c04,1,0,4,0,0,0,blonde,Lunges
v_Lunges_g21_c05,0,0,5,0,0,0,blonde,Lunges
v_MilitaryParade_g02_c01,1,0,4,0,0,0,blonde,MilitaryParade
v_MilitaryParade_g02_c02,0,0,5,0,0,0,blonde,MilitaryParade
v_MilitaryParade_g07_c03,3,0,2,0,0,0,black,MilitaryParade
v_MilitaryParade_g08_c01,5,0,0,0,0,0,black,MilitaryParade
v_MilitaryParade_g10_c01,4,0,1,0,0,0,black,MilitaryParade
v_MilitaryParade_g12_c01,3,0,2,0,0,0,black,MilitaryParade
v_MilitaryParade_g13_c02,4,0,1,0,0,0,black,MilitaryParade
v_MilitaryParade_g14_c05,3,0,2,0,0,0,black,MilitaryParade
v_MilitaryParade_g15_c02,3,0,2,0,0,0,black,MilitaryParade
v_MilitaryParade_g15_c04,3,0,2,0,0,0,black,MilitaryParade
v_MilitaryParade_g16_c01,0,0,5,0,0,0,blonde,MilitaryParade
v_MilitaryParade_g16_c03,0,0,5,0,0,0,blonde,MilitaryParade
v_MilitaryParade_g17_c02,4,0,1,0,0,0,black,MilitaryParade
v_MilitaryParade_g18_c03,2,0,3,0,0,0,blonde,MilitaryParade
v_MilitaryParade_g24_c03,2,0,3,0,0,0,blonde,MilitaryParade
v_MilitaryParade_g24_c04,0,0,5,0,0,0,blonde,MilitaryParade
v_MilitaryParade_g25_c05,3,0,2,0,0,0,black,MilitaryParade
v_MilitaryParade_g25_c06,3,0,2,0,0,0,black,MilitaryParade
v_Mixing_g04_c03,0,3,2,0,0,0,brown,Mixing
v_Mixing_g05_c01,0,5,0,0,0,0,brown,Mixing
v_Mixing_g05_c02,0,4,1,0,0,0,brown,Mixing
v_Mixing_g05_c05,0,5,0,0,0,0,brown,Mixing
v_Mixing_g11_c01,5,0,0,0,0,0,black,Mixing
v_Mixing_g11_c07,3,0,2,0,0,0,black,Mixing
v_Mixing_g13_c05,5,0,0,0,0,0,black,Mixing
v_Mixing_g17_c03,1,2,2,0,0,0,brown,Mixing
v_Mixing_g20_c02,0,4,1,0,0,0,brown,Mixing
v_Mixing_g20_c04,0,5,0,0,0,0,brown,Mixing
v_MoppingFloor_g09_c02,2,2,1,0,0,0,black,MoppingFloor
v_MoppingFloor_g14_c02,0,3,2,0,0,0,brown,MoppingFloor
v_MoppingFloor_g14_c04,2,1,2,0,0,0,black,MoppingFloor
v_MoppingFloor_g15_c02,1,1,2,0,0,1,blonde,MoppingFloor
v_MoppingFloor_g15_c03,0,0,5,0,0,0,blonde,MoppingFloor
v_MoppingFloor_g16_c03,0,4,1,0,0,0,brown,MoppingFloor
v_MoppingFloor_g17_c02,5,0,0,0,0,0,black,MoppingFloor
v_MoppingFloor_g17_c06,4,0,1,0,0,0,black,MoppingFloor
v_MoppingFloor_g18_c01,2,0,3,0,0,0,blonde,MoppingFloor
v_MoppingFloor_g18_c05,1,0,4,0,0,0,blonde,MoppingFloor
v_MoppingFloor_g18_c06,0,0,5,0,0,0,blonde,MoppingFloor
v_MoppingFloor_g25_c02,4,0,1,0,0,0,black,MoppingFloor
v_Nunchucks_g07_c01,2,0,3,0,0,0,blonde,Nunchucks
v_Nunchucks_g08_c02,0,2,3,0,0,0,blonde,Nunchucks
v_Nunchucks_g10_c01,2,0,3,0,0,0,blonde,Nunchucks
v_Nunchucks_g10_c05,2,0,3,0,0,0,blonde,Nunchucks
v_ParallelBars_g05_c02,4,0,1,0,0,0,black,ParallelBars
v_ParallelBars_g05_c03,3,0,2,0,0,0,black,ParallelBars
v_ParallelBars_g16_c03,3,0,2,0,0,0,black,ParallelBars
v_ParallelBars_g17_c04,3,0,2,0,0,0,black,ParallelBars
v_ParallelBars_g19_c02,3,0,2,0,0,0,black,ParallelBars
v_ParallelBars_g25_c04,3,0,2,0,0,0,black,ParallelBars
v_PizzaTossing_g01_c01,4,0,1,0,0,0,black,PizzaTossing
v_PizzaTossing_g02_c05,3,0,2,0,0,0,black,PizzaTossing
v_PizzaTossing_g24_c04,4,0,1,0,0,0,black,PizzaTossing
v_PizzaTossing_g25_c04,4,0,1,0,0,0,black,PizzaTossing
v_PlayingCello_g02_c07,3,0,2,0,0,0,black,PlayingCello
v_PlayingCello_g05_c01,1,0,4,0,0,0,blonde,PlayingCello
v_PlayingCello_g05_c05,2,0,3,0,0,0,blonde,PlayingCello
v_PlayingCello_g20_c04,2,0,3,0,0,0,blonde,PlayingCello
v_PlayingCello_g25_c05,5,0,0,0,0,0,black,PlayingCello
v_PlayingCello_g25_c06,5,0,0,0,0,0,black,PlayingCello
v_PlayingCello_g25_c07,3,0,2,0,0,0,black,PlayingCello
v_PlayingDaf_g04_c01,5,0,0,0,0,0,black,PlayingDaf
v_PlayingDaf_g04_c02,5,0,0,0,0,0,black,PlayingDaf
v_PlayingDaf_g04_c03,3,0,2,0,0,0,black,PlayingDaf
v_PlayingDaf_g14_c05,1,0,4,0,0,0,blonde,PlayingDaf
v_PlayingDaf_g25_c01,4,0,1,0,0,0,black,PlayingDaf
v_PlayingDaf_g25_c03,3,0,2,0,0,0,black,PlayingDaf
v_PlayingDhol_g01_c06,3,0,2,0,0,0,black,PlayingDhol
v_PlayingDhol_g01_c07,4,0,1,0,0,0,black,PlayingDhol
v_PlayingDhol_g11_c05,2,0,3,0,0,0,blonde,PlayingDhol
v_PlayingDhol_g17_c01,3,0,2,0,0,0,black,PlayingDhol
v_PlayingDhol_g17_c02,4,0,1,0,0,0,black,PlayingDhol
v_PlayingDhol_g17_c03,4,0,1,0,0,0,black,PlayingDhol
v_PlayingDhol_g21_c07,1,0,4,0,0,0,blonde,PlayingDhol
v_PlayingDhol_g24_c04,3,0,2,0,0,0,black,PlayingDhol
v_PlayingDhol_g25_c03,2,0,3,0,0,0,blonde,PlayingDhol
v_PlayingDhol_g25_c04,0,0,5,0,0,0,blonde,PlayingDhol
v_PlayingDhol_g25_c06,1,1,3,0,0,0,blonde,PlayingDhol
v_PlayingFlute_g02_c02,1,0,4,0,0,0,blonde,PlayingFlute
v_PlayingFlute_g04_c02,2,0,3,0,0,0,blonde,PlayingFlute
v_PlayingFlute_g04_c06,1,0,4,0,0,0,blonde,PlayingFlute
v_PlayingFlute_g04_c07,0,0,5,0,0,0,blonde,PlayingFlute
v_PlayingFlute_g06_c03,0,0,3,0,2,0,blonde,PlayingFlute
v_PlayingFlute_g08_c03,5,0,0,0,0,0,black,PlayingFlute
v_PlayingFlute_g08_c04,5,0,0,0,0,0,black,PlayingFlute
v_PlayingFlute_g08_c06,5,0,0,0,0,0,black,PlayingFlute
v_PlayingFlute_g10_c01,3,0,2,0,0,0,black,PlayingFlute
v_PlayingFlute_g10_c02,5,0,0,0,0,0,black,PlayingFlute
v_PlayingFlute_g14_c01,1,0,4,0,0,0,blonde,PlayingFlute
v_PlayingFlute_g14_c02,2,0,3,0,0,0,blonde,PlayingFlute
v_PlayingFlute_g19_c03,0,0,2,0,3,0,gray,PlayingFlute
v_PlayingFlute_g19_c04,0,0,1,0,4,0,gray,PlayingFlute
v_PlayingFlute_g19_c05,0,0,0,0,5,0,gray,PlayingFlute
v_PlayingGuitar_g03_c04,3,0,2,0,0,0,black,PlayingGuitar
v_PlayingGuitar_g08_c06,2,0,3,0,0,0,blonde,PlayingGuitar
v_PlayingGuitar_g14_c06,3,0,2,0,0,0,black,PlayingGuitar
v_PlayingGuitar_g15_c04,1,0,4,0,0,0,blonde,PlayingGuitar
v_PlayingGuitar_g17_c02,3,0,2,0,0,0,black,PlayingGuitar
v_PlayingGuitar_g22_c05,5,0,0,0,0,0,black,PlayingGuitar
v_PlayingGuitar_g23_c02,1,0,4,0,0,0,blonde,PlayingGuitar
v_PlayingGuitar_g23_c06,1,0,4,0,0,0,blonde,PlayingGuitar
v_PlayingGuitar_g23_c07,2,0,3,0,0,0,blonde,PlayingGuitar
v_PlayingPiano_g01_c01,0,0,2,0,0,3,white,PlayingPiano
v_PlayingPiano_g01_c04,0,0,0,0,1,4,white,PlayingPiano
v_PlayingPiano_g06_c03,0,0,0,0,3,2,gray,PlayingPiano
v_PlayingPiano_g06_c04,0,0,0,0,4,1,gray,PlayingPiano
v_PlayingPiano_g10_c02,1,0,3,0,1,0,blonde,PlayingPiano
v_PlayingPiano_g12_c04,0,0,3,0,0,2,blonde,PlayingPiano
v_PlayingPiano_g13_c03,1,0,4,0,0,0,blonde,PlayingPiano
v_PlayingPiano_g15_c03,0,0,2,0,0,3,white,PlayingPiano
v_PlayingPiano_g18_c03,0,0,0,5,0,0,red,PlayingPiano
v_PlayingPiano_g18_c04,0,0,1,4,0,0,red,PlayingPiano
v_PlayingPiano_g19_c01,0,0,0,0,2,3,white,PlayingPiano
v_PlayingPiano_g23_c01,0,0,0,0,0,5,white,PlayingPiano
v_PlayingPiano_g23_c03,0,0,5,0,0,0,blonde,PlayingPiano
v_PlayingSitar_g05_c02,2,0,3,0,0,0,blonde,PlayingSitar
v_PlayingSitar_g05_c03,2,0,3,0,0,0,blonde,PlayingSitar
v_PlayingSitar_g05_c07,2,0,3,0,0,0,blonde,PlayingSitar
v_PlayingSitar_g11_c03,3,0,2,0,0,0,black,PlayingSitar
v_PlayingSitar_g11_c05,3,0,2,0,0,0,black,PlayingSitar
v_PlayingSitar_g11_c06,3,0,2,0,0,0,black,PlayingSitar
v_PlayingSitar_g12_c03,0,0,5,0,0,0,blonde,PlayingSitar
v_PlayingSitar_g12_c04,0,0,5,0,0,0,blonde,PlayingSitar
v_PlayingSitar_g14_c01,3,0,2,0,0,0,black,PlayingSitar
v_PlayingSitar_g14_c03,3,0,2,0,0,0,black,PlayingSitar
v_PlayingSitar_g16_c03,2,0,3,0,0,0,blonde,PlayingSitar
v_PlayingSitar_g19_c04,3,0,2,0,0,0,black,PlayingSitar
v_PlayingSitar_g19_c05,3,0,2,0,0,0,black,PlayingSitar
v_PlayingSitar_g19_c07,4,0,1,0,0,0,black,PlayingSitar
v_PlayingSitar_g21_c02,4,0,1,0,0,0,black,PlayingSitar
v_PlayingSitar_g21_c04,3,0,2,0,0,0,black,PlayingSitar
v_PlayingSitar_g21_c05,5,0,0,0,0,0,black,PlayingSitar
v_PlayingSitar_g22_c01,5,0,0,0,0,0,black,PlayingSitar
v_PlayingSitar_g22_c02,5,0,0,0,0,0,black,PlayingSitar
v_PlayingTabla_g04_c03,1,0,1,0,0,3,white,PlayingTabla
v_PlayingTabla_g04_c05,0,0,2,0,0,3,white,PlayingTabla
v_PlayingTabla_g05_c01,0,0,5,0,0,0,blonde,PlayingTabla
v_PlayingTabla_g06_c01,4,0,1,0,0,0,black,PlayingTabla
v_PlayingTabla_g07_c02,2,0,3,0,0,0,blonde,PlayingTabla
v_PlayingTabla_g10_c04,4,0,1,0,0,0,black,PlayingTabla
v_PlayingTabla_g24_c02,1,0,4,0,0,0,blonde,PlayingTabla
v_PlayingViolin_g03_c01,0,0,4,0,1,0,blonde,PlayingViolin
v_PlayingViolin_g03_c03,0,0,5,0,0,0,blonde,PlayingViolin
v_PlayingViolin_g14_c04,0,0,5,0,0,0,blonde,PlayingViolin
v_PlayingViolin_g23_c04,1,0,4,0,0,0,blonde,PlayingViolin
v_PlayingViolin_g25_c01,0,0,1,0,4,0,gray,PlayingViolin
v_PlayingViolin_g25_c03,0,0,1,0,4,0,gray,PlayingViolin
v_PoleVault_g01_c01,3,0,2,0,0,0,black,PoleVault
v_PoleVault_g04_c06,5,0,0,0,0,0,black,PoleVault
v_PoleVault_g16_c06,4,0,1,0,0,0,black,PoleVault
v_PoleVault_g17_c05,3,0,2,0,0,0,black,PoleVault
v_PoleVault_g18_c02,3,0,2,0,0,0,black,PoleVault
v_PoleVault_g18_c05,3,0,2,0,0,0,black,PoleVault
v_PoleVault_g18_c07,3,0,2,0,0,0,black,PoleVault
v_PoleVault_g19_c05,3,0,2,0,0,0,black,PoleVault
v_PoleVault_g20_c04,3,0,2,0,0,0,black,PoleVault
v_PoleVault_g23_c02,3,0,2,0,0,0,black,PoleVault
v_PoleVault_g23_c05,4,0,1,0,0,0,black,PoleVault
v_PommelHorse_g25_c04,3,0,2,0,0,0,black,PommelHorse
v_PullUps_g03_c01,3,0,2,0,0,0,black,PullUps
v_PullUps_g04_c02,2,0,3,0,0,0,blonde,PullUps
v_PullUps_g11_c03,0,0,5,0,0,0,blonde,PullUps
v_PullUps_g11_c04,0,0,5,0,0,0,blonde,PullUps
v_PullUps_g16_c02,3,0,2,0,0,0,black,PullUps
v_Punch_g02_c01,5,0,0,0,0,0,black,Punch
v_Punch_g06_c02,2,0,3,0,0,0,blonde,Punch
v_Punch_g06_c04,2,0,3,0,0,0,blonde,Punch
v_Punch_g06_c05,2,0,3,0,0,0,blonde,Punch
v_Punch_g07_c06,2,0,3,0,0,0,blonde,Punch
v_Punch_g08_c01,2,0,3,0,0,0,blonde,Punch
v_Punch_g08_c04,2,0,3,0,0,0,blonde,Punch
v_Punch_g10_c02,0,0,5,0,0,0,blonde,Punch
v_Punch_g11_c01,4,0,1,0,0,0,black,Punch
v_Punch_g11_c03,3,0,2,0,0,0,black,Punch
v_Punch_g12_c01,4,0,1,0,0,0,black,Punch
v_Punch_g13_c07,3,0,2,0,0,0,black,Punch
v_Punch_g18_c01,3,0,2,0,0,0,black,Punch
v_Punch_g18_c04,3,0,2,0,0,0,black,Punch
v_Punch_g18_c07,3,0,2,0,0,0,black,Punch
v_Punch_g20_c04,3,0,2,0,0,0,black,Punch
v_Punch_g21_c03,4,0,1,0,0,0,black,Punch
v_Punch_g21_c04,3,0,2,0,0,0,black,Punch
v_Punch_g21_c06,3,0,2,0,0,0,black,Punch
v_Punch_g23_c02,3,0,2,0,0,0,black,Punch
v_Punch_g23_c06,5,0,0,0,0,0,black,Punch
v_Punch_g25_c04,1,0,4,0,0,0,blonde,Punch
v_Punch_g25_c05,0,0,5,0,0,0,blonde,Punch
v_PushUps_g03_c02,4,0,1,0,0,0,black,PushUps
v_PushUps_g09_c02,0,0,5,0,0,0,blonde,PushUps
v_PushUps_g09_c04,1,0,4,0,0,0,blonde,PushUps
v_PushUps_g10_c01,1,0,4,0,0,0,blonde,PushUps
v_PushUps_g10_c02,1,0,4,0,0,0,blonde,PushUps
v_PushUps_g16_c03,0,0,5,0,0,0,blonde,PushUps
v_PushUps_g16_c04,1,0,4,0,0,0,blonde,PushUps
v_PushUps_g19_c02,2,0,3,0,0,0,blonde,PushUps
v_PushUps_g19_c03,1,0,4,0,0,0,blonde,PushUps
v_PushUps_g22_c01,0,0,5,0,0,0,blonde,PushUps
v_PushUps_g22_c02,0,0,5,0,0,0,blonde,PushUps
v_Rafting_g01_c03,1,0,4,0,0,0,blonde,Rafting
v_Rafting_g01_c04,2,0,3,0,0,0,blonde,Rafting
v_Rafting_g02_c01,2,0,3,0,0,0,blonde,Rafting
v_Rafting_g03_c02,0,0,5,0,0,0,blonde,Rafting
v_Rafting_g03_c04,0,0,5,0,0,0,blonde,Rafting
v_Rafting_g06_c03,2,0,3,0,0,0,blonde,Rafting
v_Rafting_g07_c01,1,0,4,0,0,0,blonde,Rafting
v_Rafting_g07_c03,2,0,3,0,0,0,blonde,Rafting
v_Rafting_g08_c05,3,0,2,0,0,0,black,Rafting
v_Rafting_g08_c06,3,0,2,0,0,0,black,Rafting
v_Rafting_g11_c04,1,0,4,0,0,0,blonde,Rafting
v_Rafting_g12_c02,4,0,1,0,0,0,black,Rafting
v_Rafting_g13_c01,3,0,2,0,0,0,black,Rafting
v_Rafting_g13_c03,4,0,1,0,0,0,black,Rafting
v_Rafting_g14_c04,5,0,0,0,0,0,black,Rafting
v_Rafting_g14_c05,3,0,2,0,0,0,black,Rafting
v_Rafting_g15_c01,1,0,4,0,0,0,blonde,Rafting
v_Rafting_g15_c04,1,0,4,0,0,0,blonde,Rafting
v_Rafting_g16_c01,3,0,2,0,0,0,black,Rafting
v_Rafting_g16_c05,4,0,1,0,0,0,black,Rafting
v_Rafting_g17_c02,3,0,2,0,0,0,black,Rafting
v_Rafting_g21_c03,3,0,2,0,0,0,black,Rafting
v_Rafting_g22_c03,0,0,5,0,0,0,blonde,Rafting
v_Rafting_g22_c04,0,0,5,0,0,0,blonde,Rafting
v_Rafting_g25_c03,4,0,1,0,0,0,black,Rafting
v_RockClimbingIndoor_g10_c01,5,0,0,0,0,0,black,RockClimbingIndoor
v_RockClimbingIndoor_g12_c03,0,0,5,0,0,0,blonde,RockClimbingIndoor
v_RockClimbingIndoor_g12_c05,1,0,4,0,0,0,blonde,RockClimbingIndoor
v_RockClimbingIndoor_g23_c03,3,0,2,0,0,0,black,RockClimbingIndoor
v_RockClimbingIndoor_g24_c06,5,0,0,0,0,0,black,RockClimbingIndoor
v_RopeClimbing_g02_c02,4,0,1,0,0,0,black,RopeClimbing
v_RopeClimbing_g02_c04,4,0,1,0,0,0,black,RopeClimbing
v_RopeClimbing_g03_c04,3,0,2,0,0,0,black,RopeClimbing
v_RopeClimbing_g07_c02,3,0,2,0,0,0,black,RopeClimbing
v_RopeClimbing_g07_c04,3,0,2,0,0,0,black,RopeClimbing
v_RopeClimbing_g11_c04,4,0,1,0,0,0,black,RopeClimbing
v_RopeClimbing_g12_c03,4,0,1,0,0,0,black,RopeClimbing
v_RopeClimbing_g20_c01,0,3,2,0,0,0,brown,RopeClimbing
v_RopeClimbing_g23_c02,3,0,2,0,0,0,black,RopeClimbing
v_Rowing_g10_c04,4,0,1,0,0,0,black,Rowing
v_SalsaSpin_g02_c01,2,0,3,0,0,0,blonde,SalsaSpin
v_SalsaSpin_g02_c04,1,0,4,0,0,0,blonde,SalsaSpin
v_SalsaSpin_g05_c01,2,0,3,0,0,0,blonde,SalsaSpin
v_SalsaSpin_g05_c02,1,0,4,0,0,0,blonde,SalsaSpin
v_SalsaSpin_g05_c04,2,0,3,0,0,0,blonde,SalsaSpin
v_SalsaSpin_g06_c01,3,0,2,0,0,0,black,SalsaSpin
v_SalsaSpin_g08_c01,3,0,2,0,0,0,black,SalsaSpin
v_SalsaSpin_g08_c04,3,0,2,0,0,0,black,SalsaSpin
v_SalsaSpin_g11_c02,0,0,5,0,0,0,blonde,SalsaSpin
v_SalsaSpin_g11_c03,1,0,4,0,0,0,blonde,SalsaSpin
v_SalsaSpin_g11_c06,1,0,4,0,0,0,blonde,SalsaSpin
v_SalsaSpin_g16_c05,3,0,2,0,0,0,black,SalsaSpin
v_ShavingBeard_g02_c01,0,0,5,0,0,0,blonde,ShavingBeard
v_ShavingBeard_g02_c02,0,0,5,0,0,0,blonde,ShavingBeard
v_ShavingBeard_g02_c03,0,0,5,0,0,0,blonde,ShavingBeard
v_ShavingBeard_g05_c01,0,0,5,0,0,0,blonde,ShavingBeard
v_ShavingBeard_g05_c02,1,0,4,0,0,0,blonde,ShavingBeard
v_ShavingBeard_g05_c03,0,0,5,0,0,0,blonde,ShavingBeard
v_ShavingBeard_g06_c01,0,5,0,0,0,0,brown,ShavingBeard
v_ShavingBeard_g06_c06,1,3,1,0,0,0,brown,ShavingBeard
v_ShavingBeard_g06_c07,0,4,1,0,0,0,brown,ShavingBeard
v_ShavingBeard_g08_c04,2,1,2,0,0,0,black,ShavingBeard
v_ShavingBeard_g08_c05,4,0,1,0,0,0,black,ShavingBeard
v_ShavingBeard_g08_c07,4,0,1,0,0,0,black,ShavingBeard
v_ShavingBeard_g12_c04,3,1,1,0,0,0,black,ShavingBeard
v_ShavingBeard_g12_c05,1,2,2,0,0,0,brown,ShavingBeard
v_ShavingBeard_g13_c01,0,5,0,0,0,0,brown,ShavingBeard
v_ShavingBeard_g13_c02,0,5,0,0,0,0,brown,ShavingBeard
v_ShavingBeard_g16_c02,3,0,2,0,0,0,black,ShavingBeard
v_ShavingBeard_g16_c03,2,1,2,0,0,0,black,ShavingBeard
v_ShavingBeard_g20_c01,0,0,5,0,0,0,blonde,ShavingBeard
v_ShavingBeard_g20_c02,0,0,5,0,0,0,blonde,ShavingBeard
v_ShavingBeard_g20_c06,2,0,3,0,0,0,blonde,ShavingBeard
v_ShavingBeard_g21_c03,4,0,1,0,0,0,black,ShavingBeard
v_ShavingBeard_g21_c05,3,2,0,0,0,0,black,ShavingBeard
v_ShavingBeard_g21_c07,5,0,0,0,0,0,black,ShavingBeard
v_ShavingBeard_g22_c01,0,0,1,0,0,4,white,ShavingBeard
v_ShavingBeard_g22_c02,0,0,0,0,0,5,white,ShavingBeard
v_ShavingBeard_g22_c03,0,0,1,0,1,3,white,ShavingBeard
v_Shotput_g07_c04,5,0,0,0,0,0,black,Shotput
v_Shotput_g07_c05,5,0,0,0,0,0,black,Shotput
v_Shotput_g07_c07,5,0,0,0,0,0,black,Shotput
v_Shotput_g09_c03,3,0,2,0,0,0,black,Shotput
v_Shotput_g09_c04,5,0,0,0,0,0,black,Shotput
v_Shotput_g09_c05,5,0,0,0,0,0,black,Shotput
v_Shotput_g10_c01,5,0,0,0,0,0,black,Shotput
v_Shotput_g10_c02,4,0,1,0,0,0,black,Shotput
v_Shotput_g11_c06,4,0,1,0,0,0,black,Shotput
v_Shotput_g12_c03,3,0,2,0,0,0,black,Shotput
v_Shotput_g12_c04,5,0,0,0,0,0,black,Shotput
v_Shotput_g12_c07,3,0,2,0,0,0,black,Shotput
v_Shotput_g15_c01,3,0,2,0,0,0,black,Shotput
v_Shotput_g15_c02,5,0,0,0,0,0,black,Shotput
v_Shotput_g23_c06,5,0,0,0,0,0,black,Shotput
v_Shotput_g24_c01,4,0,1,0,0,0,black,Shotput
v_SkateBoarding_g01_c01,2,0,3,0,0,0,blonde,SkateBoarding
v_SkateBoarding_g01_c04,0,0,5,0,0,0,blonde,SkateBoarding
v_SkateBoarding_g02_c02,5,0,0,0,0,0,black,SkateBoarding
v_SkateBoarding_g02_c04,5,0,0,0,0,0,black,SkateBoarding
v_SkateBoarding_g03_c03,3,0,2,0,0,0,black,SkateBoarding
v_SkateBoarding_g04_c05,0,0,5,0,0,0,blonde,SkateBoarding
v_SkateBoarding_g06_c03,0,0,4,0,0,1,blonde,SkateBoarding
v_SkateBoarding_g06_c04,1,1,3,0,0,0,blonde,SkateBoarding
v_SkateBoarding_g07_c01,2,0,3,0,0,0,blonde,SkateBoarding
v_SkateBoarding_g07_c04,2,0,3,0,0,0,blonde,SkateBoarding
v_SkateBoarding_g09_c01,0,0,5,0,0,0,blonde,SkateBoarding
v_SkateBoarding_g09_c04,0,0,5,0,0,0,blonde,SkateBoarding
v_SkateBoarding_g11_c05,3,0,2,0,0,0,black,SkateBoarding
v_SkateBoarding_g12_c05,5,0,0,0,0,0,black,SkateBoarding
v_SkateBoarding_g13_c03,1,0,4,0,0,0,blonde,SkateBoarding
v_SkateBoarding_g15_c01,2,0,3,0,0,0,blonde,SkateBoarding
v_SkateBoarding_g15_c02,0,0,5,0,0,0,blonde,SkateBoarding
v_SkateBoarding_g15_c03,1,0,4,0,0,0,blonde,SkateBoarding
v_SkateBoarding_g17_c01,1,0,4,0,0,0,blonde,SkateBoarding
v_SkateBoarding_g18_c02,0,0,5,0,0,0,blonde,SkateBoarding
v_SkateBoarding_g18_c04,0,0,5,0,0,0,blonde,SkateBoarding
v_SkateBoarding_g18_c05,0,0,5,0,0,0,blonde,SkateBoarding
v_SkateBoarding_g19_c02,0,0,5,0,0,0,blonde,SkateBoarding
v_SkateBoarding_g19_c05,1,0,4,0,0,0,blonde,SkateBoarding
v_SkateBoarding_g20_c05,5,0,0,0,0,0,black,SkateBoarding
v_SkateBoarding_g21_c04,5,0,0,0,0,0,black,SkateBoarding
v_SkateBoarding_g22_c05,0,0,5,0,0,0,blonde,SkateBoarding
v_SkateBoarding_g25_c02,0,0,5,0,0,0,blonde,SkateBoarding
v_SkateBoarding_g25_c05,1,0,4,0,0,0,blonde,SkateBoarding
v_Skiing_g03_c02,3,0,2,0,0,0,black,Skiing
v_Skiing_g05_c01,4,0,1,0,0,0,black,Skiing
v_Skiing_g06_c03,1,0,4,0,0,0,blonde,Skiing
v_Skiing_g07_c04,0,0,5,0,0,0,blonde,Skiing
v_Skiing_g09_c01,5,0,0,0,0,0,black,Skiing
v_Skiing_g09_c06,3,0,2,0,0,0,black,Skiing
v_Skiing_g13_c04,0,0,5,0,0,0,blonde,Skiing
v_Skiing_g13_c05,0,0,5,0,0,0,blonde,Skiing
v_Skiing_g14_c01,2,0,3,0,0,0,blonde,Skiing
v_Skiing_g14_c02,1,0,4,0,0,0,blonde,Skiing
v_Skiing_g15_c03,5,0,0,0,0,0,black,Skiing
v_Skiing_g15_c05,4,0,1,0,0,0,black,Skiing
v_Skiing_g16_c05,2,0,3,0,0,0,blonde,Skiing
v_Skiing_g17_c04,5,0,0,0,0,0,black,Skiing
v_Skiing_g18_c02,4,0,1,0,0,0,black,Skiing
v_Skiing_g19_c06,3,0,2,0,0,0,black,Skiing
v_Skiing_g21_c01,4,0,1,0,0,0,black,Skiing
v_Skiing_g22_c01,2,0,3,0,0,0,blonde,Skiing
v_Skiing_g22_c05,0,0,5,0,0,0,blonde,Skiing
v_Skiing_g24_c02,1,0,4,0,0,0,blonde,Skiing
v_Skiing_g24_c05,2,0,3,0,0,0,blonde,Skiing
v_Skijet_g05_c03,0,0,5,0,0,0,blonde,Skijet
v_Skijet_g08_c03,5,0,0,0,0,0,black,Skijet
v_Skijet_g09_c02,0,0,5,0,0,0,blonde,Skijet
v_Skijet_g10_c01,2,0,3,0,0,0,blonde,Skijet
v_Skijet_g11_c04,3,0,2,0,0,0,black,Skijet
v_Skijet_g17_c01,1,0,4,0,0,0,blonde,Skijet
v_Skijet_g18_c02,2,0,3,0,0,0,blonde,Skijet
v_Skijet_g18_c04,0,0,5,0,0,0,blonde,Skijet
v_Skijet_g20_c01,3,0,2,0,0,0,black,Skijet
v_Skijet_g24_c01,1,0,4,0,0,0,blonde,Skijet
v_Skijet_g24_c02,1,0,4,0,0,0,blonde,Skijet
v_SkyDiving_g01_c01,3,0,2,0,0,0,black,SkyDiving
v_SkyDiving_g03_c03,2,0,3,0,0,0,blonde,SkyDiving
v_SkyDiving_g03_c05,0,0,5,0,0,0,blonde,SkyDiving
v_SkyDiving_g04_c01,1,0,4,0,0,0,blonde,SkyDiving
v_SkyDiving_g05_c02,3,0,2,0,0,0,black,SkyDiving
v_SkyDiving_g09_c04,2,0,3,0,0,0,blonde,SkyDiving
v_SkyDiving_g10_c05,3,0,2,0,0,0,black,SkyDiving
v_SkyDiving_g11_c01,1,0,4,0,0,0,blonde,SkyDiving
v_SkyDiving_g11_c02,0,0,5,0,0,0,blonde,SkyDiving
v_SkyDiving_g14_c04,1,0,4,0,0,0,blonde,SkyDiving
v_SkyDiving_g16_c03,1,0,4,0,0,0,blonde,SkyDiving
v_SkyDiving_g16_c04,0,0,5,0,0,0,blonde,SkyDiving
v_SkyDiving_g19_c02,0,1,4,0,0,0,blonde,SkyDiving
v_SkyDiving_g19_c03,1,1,3,0,0,0,blonde,SkyDiving
v_SkyDiving_g21_c04,4,0,1,0,0,0,black,SkyDiving
v_SkyDiving_g23_c02,4,0,1,0,0,0,black,SkyDiving
v_SkyDiving_g24_c04,2,0,3,0,0,0,blonde,SkyDiving
v_SkyDiving_g25_c01,0,0,5,0,0,0,blonde,SkyDiving
v_SkyDiving_g25_c03,0,0,5,0,0,0,blonde,SkyDiving
v_SoccerJuggling_g05_c05,3,0,2,0,0,0,black,SoccerJuggling
v_SoccerJuggling_g09_c01,3,0,2,0,0,0,black,SoccerJuggling
v_SoccerJuggling_g09_c04,3,0,2,0,0,0,black,SoccerJuggling
v_SoccerJuggling_g09_c05,4,0,1,0,0,0,black,SoccerJuggling
v_SoccerJuggling_g11_c03,3,0,2,0,0,0,black,SoccerJuggling
v_SoccerJuggling_g13_c04,2,0,3,0,0,0,blonde,SoccerJuggling
v_SoccerJuggling_g17_c06,4,0,1,0,0,0,black,SoccerJuggling
v_SoccerJuggling_g17_c07,5,0,0,0,0,0,black,SoccerJuggling
v_SoccerJuggling_g19_c06,3,0,2,0,0,0,black,SoccerJuggling
v_SoccerJuggling_g25_c02,2,0,3,0,0,0,blonde,SoccerJuggling
v_SoccerJuggling_g25_c03,1,0,4,0,0,0,blonde,SoccerJuggling
v_SoccerPenalty_g21_c01,3,0,2,0,0,0,black,SoccerPenalty
v_StillRings_g09_c02,4,0,1,0,0,0,black,StillRings
v_SumoWrestling_g02_c01,0,0,5,0,0,0,blonde,SumoWrestling
v_SumoWrestling_g02_c02,0,0,5,0,0,0,blonde,SumoWrestling
v_SumoWrestling_g03_c02,0,0,5,0,0,0,blonde,SumoWrestling
v_SumoWrestling_g04_c03,4,0,1,0,0,0,black,SumoWrestling
v_SumoWrestling_g11_c02,3,0,2,0,0,0,black,SumoWrestling
v_SumoWrestling_g13_c03,2,0,3,0,0,0,blonde,SumoWrestling
v_SumoWrestling_g13_c05,1,0,4,0,0,0,blonde,SumoWrestling
v_SumoWrestling_g14_c03,5,0,0,0,0,0,black,SumoWrestling
v_SumoWrestling_g16_c01,5,0,0,0,0,0,black,SumoWrestling
v_SumoWrestling_g17_c03,0,0,5,0,0,0,blonde,SumoWrestling
v_SumoWrestling_g17_c04,1,0,4,0,0,0,blonde,SumoWrestling
v_SumoWrestling_g18_c06,4,0,1,0,0,0,black,SumoWrestling
v_SumoWrestling_g19_c01,3,0,2,0,0,0,black,SumoWrestling
v_SumoWrestling_g22_c03,4,0,1,0,0,0,black,SumoWrestling
v_SumoWrestling_g24_c01,5,0,0,0,0,0,black,SumoWrestling
v_Surfing_g01_c02,0,0,5,0,0,0,blonde,Surfing
v_Surfing_g01_c04,0,0,5,0,0,0,blonde,Surfing
v_Surfing_g02_c01,1,0,4,0,0,0,blonde,Surfing
v_Surfing_g02_c02,1,0,4,0,0,0,blonde,Surfing
v_Surfing_g02_c04,2,0,3,0,0,0,blonde,Surfing
v_Surfing_g03_c02,3,0,2,0,0,0,black,Surfing
v_Surfing_g04_c01,0,0,5,0,0,0,blonde,Surfing
v_Surfing_g04_c04,0,0,5,0,0,0,blonde,Surfing
v_Surfing_g05_c03,1,0,4,0,0,0,blonde,Surfing
v_Surfing_g06_c04,2,0,3,0,0,0,blonde,Surfing
v_Surfing_g07_c04,5,0,0,0,0,0,black,Surfing
v_Surfing_g08_c06,4,0,1,0,0,0,black,Surfing
v_Surfing_g09_c01,3,0,2,0,0,0,black,Surfing
v_Surfing_g09_c03,3,0,2,0,0,0,black,Surfing
v_Surfing_g10_c02,5,0,0,0,0,0,black,Surfing
v_Surfing_g10_c03,5,0,0,0,0,0,black,Surfing
v_Surfing_g12_c06,2,0,3,0,0,0,blonde,Surfing
v_Surfing_g13_c01,2,0,3,0,0,0,blonde,Surfing
v_Surfing_g15_c03,3,0,2,0,0,0,black,Surfing
v_Surfing_g15_c04,4,0,1,0,0,0,black,Surfing
v_Surfing_g15_c07,3,0,2,0,0,0,black,Surfing
v_Surfing_g16_c01,5,0,0,0,0,0,black,Surfing
v_Surfing_g16_c02,3,0,2,0,0,0,black,Surfing
v_Surfing_g16_c06,3,0,2,0,0,0,black,Surfing
v_Surfing_g17_c01,3,0,2,0,0,0,black,Surfing
v_Surfing_g17_c04,5,0,0,0,0,0,black,Surfing
v_Surfing_g17_c05,5,0,0,0,0,0,black,Surfing
v_Surfing_g18_c02,3,0,2,0,0,0,black,Surfing
v_Surfing_g19_c03,3,0,2,0,0,0,black,Surfing
v_Surfing_g21_c02,2,0,3,0,0,0,blonde,Surfing
v_Surfing_g24_c03,2,0,3,0,0,0,blonde,Surfing
v_Surfing_g24_c04,1,0,4,0,0,0,blonde,Surfing
v_Swing_g04_c05,3,0,2,0,0,0,black,Swing
v_TableTennisShot_g01_c06,3,0,2,0,0,0,black,TableTennisShot
v_TableTennisShot_g04_c02,0,0,0,0,0,5,white,TableTennisShot
v_TableTennisShot_g04_c03,0,0,0,0,0,5,white,TableTennisShot
v_TableTennisShot_g09_c04,2,0,3,0,0,0,blonde,TableTennisShot
v_TableTennisShot_g09_c05,2,0,3,0,0,0,blonde,TableTennisShot
v_TableTennisShot_g14_c01,3,0,2,0,0,0,black,TableTennisShot
v_TableTennisShot_g14_c03,5,0,0,0,0,0,black,TableTennisShot
v_TableTennisShot_g17_c03,0,0,5,0,0,0,blonde,TableTennisShot
v_TaiChi_g05_c01,0,0,5,0,0,0,blonde,TaiChi
v_TaiChi_g12_c04,3,0,2,0,0,0,black,TaiChi
v_TaiChi_g13_c01,2,0,3,0,0,0,blonde,TaiChi
v_TaiChi_g14_c03,4,0,1,0,0,0,black,TaiChi
v_TaiChi_g17_c01,0,0,0,0,0,5,white,TaiChi
v_TaiChi_g17_c02,1,0,0,0,0,4,white,TaiChi
v_TaiChi_g19_c04,2,0,3,0,0,0,blonde,TaiChi
v_TennisSwing_g07_c07,0,0,5,0,0,0,blonde,TennisSwing
v_TennisSwing_g09_c07,5,0,0,0,0,0,black,TennisSwing
v_TennisSwing_g19_c01,3,0,2,0,0,0,black,TennisSwing
v_TennisSwing_g20_c01,3,0,2,0,0,0,black,TennisSwing
v_TennisSwing_g21_c05,5,0,0,0,0,0,black,TennisSwing
v_TennisSwing_g21_c06,4,0,1,0,0,0,black,TennisSwing
v_TennisSwing_g23_c04,5,0,0,0,0,0,black,TennisSwing
v_TennisSwing_g24_c05,5,0,0,0,0,0,black,TennisSwing
v_ThrowDiscus_g02_c06,4,0,1,0,0,0,black,ThrowDiscus
v_ThrowDiscus_g02_c07,4,0,1,0,0,0,black,ThrowDiscus
v_ThrowDiscus_g03_c02,2,0,3,0,0,0,blonde,ThrowDiscus
v_ThrowDiscus_g03_c03,2,0,3,0,0,0,blonde,ThrowDiscus
v_ThrowDiscus_g04_c03,0,0,5,0,0,0,blonde,ThrowDiscus
v_ThrowDiscus_g04_c04,0,0,5,0,0,0,blonde,ThrowDiscus
v_ThrowDiscus_g06_c03,0,2,3,0,0,0,blonde,ThrowDiscus
v_ThrowDiscus_g07_c03,3,0,2,0,0,0,black,ThrowDiscus
v_ThrowDiscus_g07_c06,4,0,1,0,0,0,black,ThrowDiscus
v_ThrowDiscus_g09_c01,3,0,2,0,0,0,black,ThrowDiscus
v_ThrowDiscus_g12_c01,3,0,2,0,0,0,black,ThrowDiscus
v_ThrowDiscus_g12_c05,5,0,0,0,0,0,black,ThrowDiscus
v_ThrowDiscus_g13_c04,0,0,5,0,0,0,blonde,ThrowDiscus
v_ThrowDiscus_g13_c05,0,0,5,0,0,0,blonde,ThrowDiscus
v_ThrowDiscus_g14_c03,3,0,2,0,0,0,black,ThrowDiscus
v_ThrowDiscus_g15_c01,3,0,2,0,0,0,black,ThrowDiscus
v_ThrowDiscus_g17_c02,3,0,2,0,0,0,black,ThrowDiscus
v_ThrowDiscus_g18_c02,3,0,2,0,0,0,black,ThrowDiscus
v_ThrowDiscus_g18_c07,3,0,2,0,0,0,black,ThrowDiscus
v_ThrowDiscus_g21_c05,3,0,2,0,0,0,black,ThrowDiscus
v_ThrowDiscus_g21_c07,4,0,1,0,0,0,black,ThrowDiscus
v_ThrowDiscus_g22_c01,0,0,5,0,0,0,blonde,ThrowDiscus
v_ThrowDiscus_g22_c03,2,0,3,0,0,0,blonde,ThrowDiscus
v_ThrowDiscus_g24_c04,4,0,1,0,0,0,black,ThrowDiscus
v_TrampolineJumping_g05_c04,3,0,2,0,0,0,black,TrampolineJumping
v_TrampolineJumping_g14_c03,3,0,2,0,0,0,black,TrampolineJumping
v_TrampolineJumping_g17_c02,0,0,5,0,0,0,blonde,TrampolineJumping
v_TrampolineJumping_g22_c03,4,0,1,0,0,0,black,TrampolineJumping
v_Typing_g03_c01,1,0,4,0,0,0,blonde,Typing
v_Typing_g14_c02,1,0,2,0,0,2,blonde,Typing
v_Typing_g14_c04,2,0,3,0,0,0,blonde,Typing
v_Typing_g17_c01,3,0,2,0,0,0,black,Typing
v_Typing_g22_c01,2,0,3,0,0,0,blonde,Typing
v_Typing_g22_c04,2,0,3,0,0,0,blonde,Typing
v_UnevenBars_g03_c01,1,2,2,0,0,0,brown,UnevenBars
v_UnevenBars_g07_c04,3,0,1,0,0,1,black,UnevenBars
v_VolleyballSpiking_g03_c03,1,0,4,0,0,0,blonde,VolleyballSpiking
v_VolleyballSpiking_g03_c04,0,0,5,0,0,0,blonde,VolleyballSpiking
v_VolleyballSpiking_g05_c01,5,0,0,0,0,0,black,VolleyballSpiking
v_VolleyballSpiking_g11_c01,2,0,3,0,0,0,blonde,VolleyballSpiking
v_VolleyballSpiking_g11_c06,0,0,5,0,0,0,blonde,VolleyballSpiking
v_VolleyballSpiking_g13_c06,3,0,2,0,0,0,black,VolleyballSpiking
v_VolleyballSpiking_g16_c04,5,0,0,0,0,0,black,VolleyballSpiking
v_VolleyballSpiking_g21_c02,0,0,5,0,0,0,blonde,VolleyballSpiking
v_VolleyballSpiking_g21_c03,0,0,5,0,0,0,blonde,VolleyballSpiking
v_VolleyballSpiking_g22_c02,3,0,2,0,0,0,black,VolleyballSpiking
v_VolleyballSpiking_g23_c04,4,0,1,0,0,0,black,VolleyballSpiking
v_WalkingWithDog_g01_c01,0,0,5,0,0,0,blonde,WalkingWithDog
v_WalkingWithDog_g02_c02,2,1,2,0,0,0,black,WalkingWithDog
v_WalkingWithDog_g04_c01,1,0,4,0,0,0,blonde,WalkingWithDog
v_WalkingWithDog_g04_c02,0,3,2,0,0,0,brown,WalkingWithDog
v_WalkingWithDog_g04_c04,2,0,3,0,0,0,blonde,WalkingWithDog
v_WalkingWithDog_g05_c01,2,0,3,0,0,0,blonde,WalkingWithDog
v_WalkingWithDog_g05_c02,0,0,5,0,0,0,blonde,WalkingWithDog
v_WalkingWithDog_g05_c05,0,0,0,0,0,5,white,WalkingWithDog
v_WalkingWithDog_g06_c02,5,0,0,0,0,0,black,WalkingWithDog
v_WalkingWithDog_g06_c04,0,1,1,0,0,3,white,WalkingWithDog
v_WalkingWithDog_g06_c05,0,0,0,0,0,5,white,WalkingWithDog
v_WalkingWithDog_g07_c03,2,0,0,0,0,3,white,WalkingWithDog
v_WalkingWithDog_g07_c05,3,0,2,0,0,0,black,WalkingWithDog
v_WalkingWithDog_g07_c06,4,0,1,0,0,0,black,WalkingWithDog
v_WalkingWithDog_g08_c01,3,0,2,0,0,0,black,WalkingWithDog
v_WalkingWithDog_g08_c02,3,0,2,0,0,0,black,WalkingWithDog
v_WalkingWithDog_g09_c06,0,0,3,0,0,2,blonde,WalkingWithDog
v_WalkingWithDog_g10_c01,5,0,0,0,0,0,black,WalkingWithDog
v_WalkingWithDog_g10_c02,5,0,0,0,0,0,black,WalkingWithDog
v_WalkingWithDog_g12_c03,0,3,2,0,0,0,brown,WalkingWithDog
v_WalkingWithDog_g12_c05,4,0,1,0,0,0,black,WalkingWithDog
v_WalkingWithDog_g13_c03,0,0,5,0,0,0,blonde,WalkingWithDog
v_WalkingWithDog_g13_c05,2,0,3,0,0,0,blonde,WalkingWithDog
v_WalkingWithDog_g14_c02,2,0,3,0,0,0,blonde,WalkingWithDog
v_WalkingWithDog_g15_c04,0,0,5,0,0,0,blonde,WalkingWithDog
v_WalkingWithDog_g16_c04,2,0,3,0,0,0,blonde,WalkingWithDog
v_WalkingWithDog_g16_c05,0,0,5,0,0,0,blonde,WalkingWithDog
v_WalkingWithDog_g20_c02,4,0,1,0,0,0,black,WalkingWithDog
v_WalkingWithDog_g21_c01,0,1,2,0,0,2,blonde,WalkingWithDog
v_WalkingWithDog_g22_c01,0,0,1,0,0,4,white,WalkingWithDog
v_WalkingWithDog_g23_c03,0,0,5,0,0,0,blonde,WalkingWithDog
v_WalkingWithDog_g23_c04,0,0,2,0,0,3,white,WalkingWithDog
v_WalkingWithDog_g25_c03,0,5,0,0,0,0,brown,WalkingWithDog
v_WalkingWithDog_g25_c04,0,4,1,0,0,0,brown,WalkingWithDog
v_WallPushups_g02_c01,5,0,0,0,0,0,black,WallPushups
v_WritingOnBoard_g10_c07,4,0,1,0,0,0,black,WritingOnBoard
v_WritingOnBoard_g11_c01,1,2,2,0,0,0,brown,WritingOnBoard
v_WritingOnBoard_g11_c04,0,0,5,0,0,0,blonde,WritingOnBoard
v_WritingOnBoard_g11_c06,1,0,4,0,0,0,blonde,WritingOnBoard
v_WritingOnBoard_g16_c06,2,0,3,0,0,0,blonde,WritingOnBoard
v_WritingOnBoard_g20_c06,0,0,5,0,0,0,blonde,WritingOnBoard
v_WritingOnBoard_g20_c07,0,0,5,0,0,0,blonde,WritingOnBoard
v_WritingOnBoard_g21_c01,0,0,5,0,0,0,blonde,WritingOnBoard
v_WritingOnBoard_g21_c02,0,0,5,0,0,0,blonde,WritingOnBoard
v_WritingOnBoard_g21_c04,1,2,2,0,0,0,brown,WritingOnBoard
v_WritingOnBoard_g22_c04,5,0,0,0,0,0,black,WritingOnBoard
v_WritingOnBoard_g22_c05,3,0,2,0,0,0,black,WritingOnBoard
v_WritingOnBoard_g22_c07,3,2,0,0,0,0,black,WritingOnBoard
v_WritingOnBoard_g23_c07,4,0,1,0,0,0,black,WritingOnBoard
v_WritingOnBoard_g24_c05,5,0,0,0,0,0,black,WritingOnBoard
v_WritingOnBoard_g24_c06,5,0,0,0,0,0,black,WritingOnBoard
v_WritingOnBoard_g24_c07,3,0,2,0,0,0,black,WritingOnBoard
v_YoYo_g07_c03,3,0,2,0,0,0,black,YoYo
v_YoYo_g13_c01,2,0,3,0,0,0,blonde,YoYo
v_YoYo_g13_c02,2,0,3,0,0,0,blonde,YoYo
v_YoYo_g19_c01,2,0,3,0,0,0,blonde,YoYo
v_YoYo_g19_c04,2,0,3,0,0,0,blonde,YoYo
v_YoYo_g19_c05,1,0,4,0,0,0,blonde,YoYo
v_YoYo_g22_c04,4,0,1,0,0,0,black,YoYo
v_YoYo_g25_c05,1,0,4,0,0,0,blonde,YoYo
