video_name,white_count,asian_count,black_count,middle_eastern_count,indian_count,hispanic_count,final,category
v_ApplyEyeMakeup_g02_c04,1,0,4,0,0,0,black,ApplyEyeMakeup
v_ApplyEyeMakeup_g04_c01,0,5,0,0,0,0,asian,ApplyEyeMakeup
v_ApplyEyeMakeup_g04_c02,0,5,0,0,0,0,asian,ApplyEyeMakeup
v_ApplyEyeMakeup_g04_c03,0,0,5,0,0,0,black,ApplyEyeMakeup
v_ApplyEyeMakeup_g05_c04,0,0,5,0,0,0,black,ApplyEyeMakeup
v_ApplyEyeMakeup_g05_c06,4,0,1,0,0,0,white,ApplyEyeMakeup
v_ApplyEyeMakeup_g05_c07,2,0,3,0,0,0,black,ApplyEyeMakeup
v_ApplyEyeMakeup_g07_c01,1,0,4,0,0,0,black,ApplyEyeMakeup
v_ApplyEyeMakeup_g07_c02,0,0,5,0,0,0,black,ApplyEyeMakeup
v_ApplyEyeMakeup_g08_c03,4,1,0,0,0,0,white,ApplyEyeMakeup
v_ApplyEyeMakeup_g13_c01,4,1,0,0,0,0,white,ApplyEyeMakeup
v_ApplyEyeMakeup_g13_c02,5,0,0,0,0,0,white,ApplyEyeMakeup
v_ApplyEyeMakeup_g13_c05,3,2,0,0,0,0,white,ApplyEyeMakeup
v_ApplyEyeMakeup_g14_c04,2,2,1,0,0,0,white,ApplyEyeMakeup
v_ApplyEyeMakeup_g15_c01,3,2,0,0,0,0,white,ApplyEyeMakeup
v_ApplyEyeMakeup_g15_c04,4,0,1,0,0,0,white,ApplyEyeMakeup
v_ApplyEyeMakeup_g21_c05,0,2,3,0,0,0,black,ApplyEyeMakeup
v_ApplyEyeMakeup_g22_c03,0,3,2,0,0,0,asian,ApplyEyeMakeup
v_ApplyEyeMakeup_g23_c03,0,0,5,0,0,0,black,ApplyEyeMakeup
v_ApplyEyeMakeup_g23_c05,0,1,4,0,0,0,black,ApplyEyeMakeup
v_ApplyEyeMakeup_g23_c06,0,1,4,0,0,0,black,ApplyEyeMakeup
v_ApplyLipstick_g05_c01,3,2,0,0,0,0,white,ApplyLipstick
v_ApplyLipstick_g05_c02,3,2,0,0,0,0,white,ApplyLipstick
v_ApplyLipstick_g09_c02,2,0,3,0,0,0,black,ApplyLipstick
v_ApplyLipstick_g13_c01,0,3,2,0,0,0,asian,ApplyLipstick
v_ApplyLipstick_g15_c02,5,0,0,0,0,0,white,ApplyLipstick
v_ApplyLipstick_g15_c03,5,0,0,0,0,0,white,ApplyLipstick
v_ApplyLipstick_g16_c03,2,0,3,0,0,0,black,ApplyLipstick
v_ApplyLipstick_g16_c04,5,0,0,0,0,0,white,ApplyLipstick
v_ApplyLipstick_g20_c01,3,0,2,0,0,0,white,ApplyLipstick
v_Archery_g03_c04,1,4,0,0,0,0,asian,Archery
v_Archery_g03_c05,1,4,0,0,0,0,asian,Archery
v_Archery_g05_c01,2,3,0,0,0,0,asian,Archery
v_Archery_g05_c02,2,3,0,0,0,0,asian,Archery
v_Archery_g06_c02,4,0,1,0,0,0,white,Archery
v_Archery_g06_c04,3,0,2,0,0,0,white,Archery
v_Archery_g07_c04,1,0,4,0,0,0,black,Archery
v_Archery_g20_c01,1,4,0,0,0,0,asian,Archery
v_Archery_g20_c03,0,5,0,0,0,0,asian,Archery
v_Archery_g20_c05,2,3,0,0,0,0,asian,Archery
v_BabyCrawling_g01_c03,1,4,0,0,0,0,asian,BabyCrawling
v_BabyCrawling_g02_c01,2,3,0,0,0,0,asian,BabyCrawling
v_BabyCrawling_g02_c04,1,4,0,0,0,0,asian,BabyCrawling
v_BabyCrawling_g03_c02,2,0,3,0,0,0,black,BabyCrawling
v_BabyCrawling_g10_c01,0,5,0,0,0,0,asian,BabyCrawling
v_BabyCrawling_g10_c02,0,5,0,0,0,0,asian,BabyCrawling
v_BabyCrawling_g12_c03,1,4,0,0,0,0,asian,BabyCrawling
v_BabyCrawling_g12_c04,1,3,1,0,0,0,asian,BabyCrawling
v_BabyCrawling_g13_c02,3,2,0,0,0,0,white,BabyCrawling
v_BabyCrawling_g13_c05,3,2,0,0,0,0,white,BabyCrawling
v_BabyCrawling_g13_c06,4,0,1,0,0,0,white,BabyCrawling
v_BabyCrawling_g14_c01,5,0,0,0,0,0,white,BabyCrawling
v_BabyCrawling_g14_c03,4,1,0,0,0,0,white,BabyCrawling
v_BabyCrawling_g16_c03,5,0,0,0,0,0,white,BabyCrawling
v_BabyCrawling_g16_c04,4,1,0,0,0,0,white,BabyCrawling
v_BabyCrawling_g16_c06,3,2,0,0,0,0,white,BabyCrawling
v_BalanceBeam_g05_c03,2,3,0,0,0,0,asian,BalanceBeam
v_BalanceBeam_g12_c04,2,3,0,0,0,0,asian,BalanceBeam
v_BalanceBeam_g14_c01,5,0,0,0,0,0,white,BalanceBeam
v_BalanceBeam_g14_c04,5,0,0,0,0,0,white,BalanceBeam
v_BalanceBeam_g16_c04,2,3,0,0,0,0,asian,BalanceBeam
v_BalanceBeam_g20_c01,0,5,0,0,0,0,asian,BalanceBeam
v_BalanceBeam_g21_c01,0,5,0,0,0,0,asian,BalanceBeam
v_BalanceBeam_g21_c05,2,3,0,0,0,0,asian,BalanceBeam
v_BalanceBeam_g24_c01,2,3,0,0,0,0,asian,BalanceBeam
v_BandMarching_g01_c01,1,4,0,0,0,0,asian,BandMarching
v_BandMarching_g02_c03,0,5,0,0,0,0,asian,BandMarching
v_BandMarching_g02_c04,0,5,0,0,0,0,asian,BandMarching
v_BandMarching_g03_c02,2,3,0,0,0,0,asian,BandMarching
v_BandMarching_g03_c04,1,4,0,0,0,0,asian,BandMarching
v_BandMarching_g03_c05,2,3,0,0,0,0,asian,BandMarching
v_BandMarching_g05_c02,2,3,0,0,0,0,asian,BandMarching
v_BandMarching_g06_c01,5,0,0,0,0,0,white,BandMarching
v_BandMarching_g07_c01,0,5,0,0,0,0,asian,BandMarching
v_BandMarching_g07_c04,0,5,0,0,0,0,asian,BandMarching
v_BandMarching_g07_c05,2,3,0,0,0,0,asian,BandMarching
v_BandMarching_g09_c01,1,4,0,0,0,0,asian,BandMarching
v_BandMarching_g09_c04,0,5,0,0,0,0,asian,BandMarching
v_BandMarching_g09_c07,1,4,0,0,0,0,asian,BandMarching
v_BandMarching_g12_c04,0,5,0,0,0,0,asian,BandMarching
v_BandMarching_g14_c04,0,3,2,0,0,0,asian,BandMarching
v_BandMarching_g22_c03,1,2,2,0,0,0,asian,BandMarching
v_BaseballPitch_g17_c05,2,2,0,0,0,0,white,BaseballPitch
v_BaseballPitch_g18_c01,0,5,0,0,0,0,asian,BaseballPitch
v_BaseballPitch_g19_c01,2,3,0,0,0,0,asian,BaseballPitch
v_BasketballDunk_g04_c04,0,5,0,0,0,0,asian,BasketballDunk
v_BasketballDunk_g14_c01,1,4,0,0,0,0,asian,BasketballDunk
v_BasketballDunk_g15_c07,2,3,0,0,0,0,asian,BasketballDunk
v_BasketballDunk_g16_c04,1,4,0,0,0,0,asian,BasketballDunk
v_BasketballDunk_g17_c05,2,3,0,0,0,0,asian,BasketballDunk
v_BasketballDunk_g18_c01,1,4,0,0,0,0,asian,BasketballDunk
v_BasketballDunk_g18_c06,2,0,0,0,3,0,indian,BasketballDunk
v_BasketballDunk_g20_c05,2,0,3,0,0,0,black,BasketballDunk
v_Basketball_g07_c03,0,0,5,0,0,0,black,Basketball
v_Basketball_g09_c05,1,0,4,0,0,0,black,Basketball
v_Basketball_g21_c03,2,3,0,0,0,0,asian,Basketball
v_BenchPress_g01_c03,1,0,4,0,0,0,black,BenchPress
v_BenchPress_g02_c02,4,0,1,0,0,0,white,BenchPress
v_BenchPress_g02_c05,3,0,2,0,0,0,white,BenchPress
v_BenchPress_g14_c01,4,0,1,0,0,0,white,BenchPress
v_BenchPress_g14_c02,4,0,1,0,0,0,white,BenchPress
v_BenchPress_g14_c05,4,0,1,0,0,0,white,BenchPress
v_Biking_g03_c01,3,2,0,0,0,0,white,Biking
v_Biking_g03_c04,3,2,0,0,0,0,white,Biking
v_Biking_g06_c01,1,4,0,0,0,0,asian,Biking
v_Biking_g08_c03,1,3,1,0,0,0,asian,Biking
v_Biking_g13_c03,5,0,0,0,0,0,white,Biking
v_Biking_g13_c04,2,0,3,0,0,0,black,Biking
v_Biking_g13_c06,4,1,0,0,0,0,white,Biking
v_Biking_g20_c03,2,0,3,0,0,0,black,Biking
v_Biking_g24_c06,2,0,3,0,0,0,black,Biking
v_Biking_g25_c01,3,0,2,0,0,0,white,Biking
v_Biking_g25_c02,2,1,2,0,0,0,white,Biking
v_Billiards_g02_c03,3,0,2,0,0,0,white,Billiards
v_Billiards_g02_c06,3,0,2,0,0,0,white,Billiards
v_Billiards_g04_c04,5,0,0,0,0,0,white,Billiards
v_Billiards_g08_c05,2,0,3,0,0,0,black,Billiards
v_Billiards_g08_c06,2,0,3,0,0,0,black,Billiards
v_Billiards_g10_c03,3,0,2,0,0,0,white,Billiards
v_Billiards_g12_c02,3,0,2,0,0,0,white,Billiards
v_Billiards_g13_c01,3,0,2,0,0,0,white,Billiards
v_Billiards_g13_c07,3,0,2,0,0,0,white,Billiards
v_Billiards_g14_c02,1,2,2,0,0,0,asian,Billiards
v_Billiards_g21_c05,4,0,1,0,0,0,white,Billiards
v_Billiards_g24_c05,1,0,4,0,0,0,black,Billiards
v_Billiards_g25_c01,4,0,1,0,0,0,white,Billiards
v_BlowDryHair_g02_c02,0,3,2,0,0,0,asian,BlowDryHair
v_BlowDryHair_g02_c04,0,4,1,0,0,0,asian,BlowDryHair
v_BlowDryHair_g04_c01,5,0,0,0,0,0,white,BlowDryHair
v_BlowDryHair_g05_c01,0,5,0,0,0,0,asian,BlowDryHair
v_BlowDryHair_g05_c02,3,1,1,0,0,0,white,BlowDryHair
v_BlowDryHair_g05_c03,3,0,2,0,0,0,white,BlowDryHair
v_BlowDryHair_g07_c03,1,3,1,0,0,0,asian,BlowDryHair
v_BlowDryHair_g07_c05,3,1,1,0,0,0,white,BlowDryHair
v_BlowDryHair_g10_c01,4,0,1,0,0,0,white,BlowDryHair
v_BlowDryHair_g10_c02,4,0,1,0,0,0,white,BlowDryHair
v_BlowDryHair_g10_c03,3,0,2,0,0,0,white,BlowDryHair
v_BlowDryHair_g11_c06,1,4,0,0,0,0,asian,BlowDryHair
v_BlowDryHair_g11_c07,1,4,0,0,0,0,asian,BlowDryHair
v_BlowDryHair_g12_c02,1,4,0,0,0,0,asian,BlowDryHair
v_BlowDryHair_g12_c03,1,4,0,0,0,0,asian,BlowDryHair
v_BlowDryHair_g13_c03,0,5,0,0,0,0,asian,BlowDryHair
v_BlowDryHair_g15_c02,0,5,0,0,0,0,asian,BlowDryHair
v_BlowDryHair_g15_c03,0,5,0,0,0,0,asian,BlowDryHair
v_BlowDryHair_g19_c03,3,2,0,0,0,0,white,BlowDryHair
v_BlowDryHair_g21_c02,2,2,1,0,0,0,white,BlowDryHair
v_BlowDryHair_g21_c03,4,1,0,0,0,0,white,BlowDryHair
v_BlowDryHair_g21_c06,3,2,0,0,0,0,white,BlowDryHair
v_BlowDryHair_g22_c03,3,0,2,0,0,0,white,BlowDryHair
v_BlowDryHair_g23_c03,0,3,2,0,0,0,asian,BlowDryHair
v_BlowDryHair_g23_c04,1,2,2,0,0,0,asian,BlowDryHair
v_BlowDryHair_g24_c04,2,3,0,0,0,0,asian,BlowDryHair
v_BlowingCandles_g02_c04,2,3,0,0,0,0,asian,BlowingCandles
v_BlowingCandles_g04_c01,1,4,0,0,0,0,asian,BlowingCandles
v_BlowingCandles_g07_c01,1,2,2,0,0,0,asian,BlowingCandles
v_BlowingCandles_g11_c01,0,2,3,0,0,0,black,BlowingCandles
v_BlowingCandles_g11_c02,0,5,0,0,0,0,asian,BlowingCandles
v_BlowingCandles_g12_c01,0,4,1,0,0,0,asian,BlowingCandles
v_BlowingCandles_g12_c02,1,4,0,0,0,0,asian,BlowingCandles
v_BlowingCandles_g12_c04,1,0,4,0,0,0,black,BlowingCandles
v_BlowingCandles_g13_c01,5,0,0,0,0,0,white,BlowingCandles
v_BlowingCandles_g15_c01,5,0,0,0,0,0,white,BlowingCandles
v_BlowingCandles_g15_c02,5,0,0,0,0,0,white,BlowingCandles
v_BlowingCandles_g19_c04,0,2,3,0,0,0,black,BlowingCandles
v_BlowingCandles_g20_c04,0,5,0,0,0,0,asian,BlowingCandles
v_BlowingCandles_g21_c02,1,4,0,0,0,0,asian,BlowingCandles
v_BlowingCandles_g22_c02,3,2,0,0,0,0,white,BlowingCandles
v_BlowingCandles_g22_c04,5,0,0,0,0,0,white,BlowingCandles
v_BlowingCandles_g24_c03,3,2,0,0,0,0,white,BlowingCandles
v_BlowingCandles_g24_c04,2,0,3,0,0,0,black,BlowingCandles
v_BlowingCandles_g25_c01,5,0,0,0,0,0,white,BlowingCandles
v_BlowingCandles_g25_c02,5,0,0,0,0,0,white,BlowingCandles
v_BodyWeightSquats_g02_c04,1,1,3,0,0,0,black,BodyWeightSquats
v_BodyWeightSquats_g12_c04,4,1,0,0,0,0,white,BodyWeightSquats
v_BodyWeightSquats_g19_c01,0,5,0,0,0,0,asian,BodyWeightSquats
v_BodyWeightSquats_g24_c05,4,0,1,0,0,0,white,BodyWeightSquats
v_Bowling_g01_c02,2,3,0,0,0,0,asian,Bowling
v_Bowling_g01_c03,1,3,1,0,0,0,asian,Bowling
v_Bowling_g03_c02,4,0,1,0,0,0,white,Bowling
v_Bowling_g03_c06,5,0,0,0,0,0,white,Bowling
v_Bowling_g03_c07,3,0,2,0,0,0,white,Bowling
v_Bowling_g04_c02,2,0,3,0,0,0,black,Bowling
v_Bowling_g05_c01,1,0,4,0,0,0,black,Bowling
v_Bowling_g05_c02,1,0,4,0,0,0,black,Bowling
v_Bowling_g06_c01,0,0,5,0,0,0,black,Bowling
v_Bowling_g06_c02,1,1,3,0,0,0,black,Bowling
v_Bowling_g06_c05,1,3,1,0,0,0,asian,Bowling
v_Bowling_g07_c01,1,3,1,0,0,0,asian,Bowling
v_Bowling_g07_c03,2,3,0,0,0,0,asian,Bowling
v_Bowling_g07_c06,4,0,1,0,0,0,white,Bowling
v_Bowling_g08_c02,0,0,5,0,0,0,black,Bowling
v_Bowling_g08_c06,0,0,5,0,0,0,black,Bowling
v_Bowling_g08_c07,1,0,4,0,0,0,black,Bowling
v_Bowling_g09_c02,0,0,5,0,0,0,black,Bowling
v_Bowling_g09_c03,2,0,3,0,0,0,black,Bowling
v_Bowling_g09_c05,0,0,5,0,0,0,black,Bowling
v_Bowling_g10_c01,4,1,0,0,0,0,white,Bowling
v_Bowling_g10_c03,3,0,2,0,0,0,white,Bowling
v_Bowling_g11_c02,4,1,0,0,0,0,white,Bowling
v_Bowling_g11_c04,3,1,1,0,0,0,white,Bowling
v_Bowling_g11_c07,5,0,0,0,0,0,white,Bowling
v_Bowling_g13_c01,2,2,1,0,0,0,white,Bowling
v_Bowling_g13_c04,1,0,4,0,0,0,black,Bowling
v_Bowling_g14_c01,2,0,3,0,0,0,black,Bowling
v_Bowling_g14_c03,1,3,1,0,0,0,asian,Bowling
v_Bowling_g15_c01,1,4,0,0,0,0,asian,Bowling
v_Bowling_g16_c03,2,0,3,0,0,0,black,Bowling
v_Bowling_g17_c07,5,0,0,0,0,0,white,Bowling
v_Bowling_g19_c03,0,2,3,0,0,0,black,Bowling
v_Bowling_g19_c05,2,0,3,0,0,0,black,Bowling
v_Bowling_g19_c07,2,1,2,0,0,0,white,Bowling
v_Bowling_g20_c02,5,0,0,0,0,0,white,Bowling
v_Bowling_g20_c05,5,0,0,0,0,0,white,Bowling
v_Bowling_g20_c06,4,0,1,0,0,0,white,Bowling
v_Bowling_g21_c01,0,0,5,0,0,0,black,Bowling
v_Bowling_g21_c04,1,0,4,0,0,0,black,Bowling
v_Bowling_g22_c03,5,0,0,0,0,0,white,Bowling
v_Bowling_g22_c04,5,0,0,0,0,0,white,Bowling
v_Bowling_g22_c07,5,0,0,0,0,0,white,Bowling
v_Bowling_g23_c02,0,5,0,0,0,0,asian,Bowling
v_Bowling_g23_c05,0,5,0,0,0,0,asian,Bowling
v_Bowling_g23_c06,1,3,1,0,0,0,asian,Bowling
v_Bowling_g24_c05,2,0,3,0,0,0,black,Bowling
v_Bowling_g24_c06,0,0,5,0,0,0,black,Bowling
v_Bowling_g25_c03,3,2,0,0,0,0,white,Bowling
v_Bowling_g25_c05,4,1,0,0,0,0,white,Bowling
v_BoxingPunchingBag_g08_c06,2,0,3,0,0,0,black,BoxingPunchingBag
v_BoxingPunchingBag_g14_c04,4,0,1,0,0,0,white,BoxingPunchingBag
v_BoxingPunchingBag_g14_c05,3,0,2,0,0,0,white,BoxingPunchingBag
v_BoxingPunchingBag_g20_c02,2,0,3,0,0,0,black,BoxingPunchingBag
v_BoxingPunchingBag_g20_c06,1,0,4,0,0,0,black,BoxingPunchingBag
v_BoxingPunchingBag_g22_c02,2,0,3,0,0,0,black,BoxingPunchingBag
v_BoxingPunchingBag_g22_c03,2,0,3,0,0,0,black,BoxingPunchingBag
v_BoxingPunchingBag_g25_c01,1,0,4,0,0,0,black,BoxingPunchingBag
v_BoxingPunchingBag_g25_c04,2,0,3,0,0,0,black,BoxingPunchingBag
v_BoxingSpeedBag_g02_c01,3,0,2,0,0,0,white,BoxingSpeedBag
v_BoxingSpeedBag_g02_c02,5,0,0,0,0,0,white,BoxingSpeedBag
v_BoxingSpeedBag_g04_c03,1,4,0,0,0,0,asian,BoxingSpeedBag
v_BoxingSpeedBag_g04_c04,2,3,0,0,0,0,asian,BoxingSpeedBag
v_BoxingSpeedBag_g04_c06,2,3,0,0,0,0,asian,BoxingSpeedBag
v_BoxingSpeedBag_g10_c03,3,1,1,0,0,0,white,BoxingSpeedBag
v_BreastStroke_g01_c01,5,0,0,0,0,0,white,BreastStroke
v_BreastStroke_g01_c02,5,0,0,0,0,0,white,BreastStroke
v_BreastStroke_g02_c01,3,0,2,0,0,0,white,BreastStroke
v_BreastStroke_g02_c03,3,0,2,0,0,0,white,BreastStroke
v_BreastStroke_g04_c01,2,3,0,0,0,0,asian,BreastStroke
v_BreastStroke_g08_c01,5,0,0,0,0,0,white,BreastStroke
v_BreastStroke_g08_c04,3,0,2,0,0,0,white,BreastStroke
v_BreastStroke_g11_c01,4,0,1,0,0,0,white,BreastStroke
v_BreastStroke_g12_c02,4,0,1,0,0,0,white,BreastStroke
v_BreastStroke_g15_c01,2,0,3,0,0,0,black,BreastStroke
v_BreastStroke_g19_c01,1,2,2,0,0,0,asian,BreastStroke
v_BreastStroke_g20_c01,3,0,2,0,0,0,white,BreastStroke
v_BreastStroke_g20_c03,5,0,0,0,0,0,white,BreastStroke
v_BreastStroke_g21_c04,3,0,2,0,0,0,white,BreastStroke
v_BreastStroke_g22_c02,4,0,1,0,0,0,white,BreastStroke
v_BreastStroke_g22_c04,3,0,2,0,0,0,white,BreastStroke
v_BreastStroke_g24_c01,3,0,2,0,0,0,white,BreastStroke
v_BreastStroke_g25_c01,3,0,2,0,0,0,white,BreastStroke
v_BrushingTeeth_g11_c01,3,2,0,0,0,0,white,BrushingTeeth
v_BrushingTeeth_g13_c03,0,5,0,0,0,0,asian,BrushingTeeth
v_BrushingTeeth_g13_c04,1,0,4,0,0,0,black,BrushingTeeth
v_BrushingTeeth_g20_c01,2,3,0,0,0,0,asian,BrushingTeeth
v_BrushingTeeth_g21_c03,0,2,3,0,0,0,black,BrushingTeeth
v_BrushingTeeth_g24_c02,3,2,0,0,0,0,white,BrushingTeeth
v_BrushingTeeth_g24_c03,3,2,0,0,0,0,white,BrushingTeeth
v_BrushingTeeth_g24_c04,4,1,0,0,0,0,white,BrushingTeeth
v_CleanAndJerk_g03_c01,4,1,0,0,0,0,white,CleanAndJerk
v_CleanAndJerk_g03_c05,4,1,0,0,0,0,white,CleanAndJerk
v_CleanAndJerk_g05_c01,2,0,3,0,0,0,black,CleanAndJerk
v_CleanAndJerk_g05_c02,4,1,0,0,0,0,white,CleanAndJerk
v_CleanAndJerk_g07_c05,0,0,5,0,0,0,black,CleanAndJerk
v_CleanAndJerk_g08_c04,0,5,0,0,0,0,asian,CleanAndJerk
v_CleanAndJerk_g09_c02,3,0,2,0,0,0,white,CleanAndJerk
v_CleanAndJerk_g11_c02,5,0,0,0,0,0,white,CleanAndJerk
v_CleanAndJerk_g11_c04,3,1,1,0,0,0,white,CleanAndJerk
v_CleanAndJerk_g14_c04,2,3,0,0,0,0,asian,CleanAndJerk
v_CleanAndJerk_g15_c02,1,4,0,0,0,0,asian,CleanAndJerk
v_CleanAndJerk_g18_c01,0,0,5,0,0,0,black,CleanAndJerk
v_CleanAndJerk_g18_c04,5,0,0,0,0,0,white,CleanAndJerk
v_CleanAndJerk_g21_c03,5,0,0,0,0,0,white,CleanAndJerk
v_CleanAndJerk_g24_c02,5,0,0,0,0,0,white,CleanAndJerk
v_CliffDiving_g09_c03,2,3,0,0,0,0,asian,CliffDiving
v_CliffDiving_g10_c03,3,0,2,0,0,0,white,CliffDiving
v_CliffDiving_g10_c05,5,0,0,0,0,0,white,CliffDiving
v_CliffDiving_g10_c06,4,0,1,0,0,0,white,CliffDiving
v_CliffDiving_g20_c07,1,0,4,0,0,0,black,CliffDiving
v_CliffDiving_g22_c03,1,4,0,0,0,0,asian,CliffDiving
v_CricketBowling_g06_c04,2,0,3,0,0,0,black,CricketBowling
v_CricketBowling_g06_c05,0,0,5,0,0,0,black,CricketBowling
v_CricketBowling_g07_c03,4,0,1,0,0,0,white,CricketBowling
v_CricketBowling_g09_c01,0,2,3,0,0,0,black,CricketBowling
v_CricketBowling_g09_c02,1,0,4,0,0,0,black,CricketBowling
v_CricketBowling_g09_c03,0,0,5,0,0,0,black,CricketBowling
v_CricketBowling_g10_c01,0,0,5,0,0,0,black,CricketBowling
v_CricketBowling_g10_c04,0,2,3,0,0,0,black,CricketBowling
v_CricketBowling_g12_c03,0,2,3,0,0,0,black,CricketBowling
v_CricketBowling_g12_c05,1,0,4,0,0,0,black,CricketBowling
v_CricketBowling_g13_c03,2,2,1,0,0,0,white,CricketBowling
v_CricketBowling_g20_c02,0,0,5,0,0,0,black,CricketBowling
v_CricketBowling_g20_c05,0,0,5,0,0,0,black,CricketBowling
v_CricketBowling_g24_c02,0,5,0,0,0,0,asian,CricketBowling
v_CricketShot_g03_c02,2,3,0,0,0,0,asian,CricketShot
v_CricketShot_g03_c05,2,3,0,0,0,0,asian,CricketShot
v_CricketShot_g05_c01,1,1,3,0,0,0,black,CricketShot
v_CricketShot_g05_c03,0,4,1,0,0,0,asian,CricketShot
v_CricketShot_g05_c06,2,0,3,0,0,0,black,CricketShot
v_CricketShot_g06_c04,1,0,4,0,0,0,black,CricketShot
v_CricketShot_g09_c01,2,0,3,0,0,0,black,CricketShot
v_CricketShot_g12_c02,2,0,3,0,0,0,black,CricketShot
v_CricketShot_g12_c06,2,0,3,0,0,0,black,CricketShot
v_CricketShot_g13_c03,2,3,0,0,0,0,asian,CricketShot
v_CricketShot_g13_c05,2,3,0,0,0,0,asian,CricketShot
v_CricketShot_g14_c02,5,0,0,0,0,0,white,CricketShot
v_CricketShot_g14_c05,3,2,0,0,0,0,white,CricketShot
v_CricketShot_g14_c07,3,2,0,0,0,0,white,CricketShot
v_CricketShot_g15_c03,0,2,3,0,0,0,black,CricketShot
v_CricketShot_g15_c07,0,0,5,0,0,0,black,CricketShot
v_CricketShot_g24_c02,0,0,5,0,0,0,black,CricketShot
v_CricketShot_g24_c04,1,0,4,0,0,0,black,CricketShot
v_CuttingInKitchen_g04_c02,4,1,0,0,0,0,white,CuttingInKitchen
v_CuttingInKitchen_g06_c02,5,0,0,0,0,0,white,CuttingInKitchen
v_CuttingInKitchen_g06_c03,3,2,0,0,0,0,white,CuttingInKitchen
v_CuttingInKitchen_g07_c01,4,1,0,0,0,0,white,CuttingInKitchen
v_CuttingInKitchen_g07_c03,3,2,0,0,0,0,white,CuttingInKitchen
v_CuttingInKitchen_g14_c01,3,2,0,0,0,0,white,CuttingInKitchen
v_CuttingInKitchen_g16_c03,4,1,0,0,0,0,white,CuttingInKitchen
v_CuttingInKitchen_g16_c04,5,0,0,0,0,0,white,CuttingInKitchen
v_CuttingInKitchen_g19_c02,2,3,0,0,0,0,asian,CuttingInKitchen
v_CuttingInKitchen_g22_c02,1,3,1,0,0,0,asian,CuttingInKitchen
v_CuttingInKitchen_g24_c03,1,4,0,0,0,0,asian,CuttingInKitchen
v_CuttingInKitchen_g25_c03,3,2,0,0,0,0,white,CuttingInKitchen
v_Diving_g01_c01,1,0,0,0,4,0,indian,Diving
v_Diving_g02_c03,3,0,2,0,0,0,white,Diving
v_Diving_g02_c04,5,0,0,0,0,0,white,Diving
v_Diving_g02_c07,4,1,0,0,0,0,white,Diving
v_Diving_g03_c03,2,3,0,0,0,0,asian,Diving
v_Diving_g09_c07,2,3,0,0,0,0,asian,Diving
v_Diving_g10_c03,5,0,0,0,0,0,white,Diving
v_Diving_g10_c04,5,0,0,0,0,0,white,Diving
v_Diving_g10_c06,2,1,2,0,0,0,white,Diving
v_Diving_g11_c01,2,0,3,0,0,0,black,Diving
v_Diving_g11_c03,0,2,3,0,0,0,black,Diving
v_Diving_g11_c05,2,3,0,0,0,0,asian,Diving
v_Diving_g14_c02,0,0,0,0,5,0,indian,Diving
v_Diving_g15_c03,2,3,0,0,0,0,asian,Diving
v_Diving_g20_c07,2,0,3,0,0,0,black,Diving
v_Diving_g21_c01,0,5,0,0,0,0,asian,Diving
v_Diving_g21_c06,4,0,0,0,1,0,white,Diving
v_Diving_g23_c05,2,0,0,0,3,0,indian,Diving
v_Diving_g23_c06,0,0,0,0,5,0,indian,Diving
v_Diving_g25_c01,1,3,1,0,0,0,asian,Diving
v_Drumming_g03_c02,4,1,0,0,0,0,white,Drumming
v_Drumming_g03_c05,4,1,0,0,0,0,white,Drumming
v_Drumming_g08_c04,0,0,5,0,0,0,black,Drumming
v_Drumming_g08_c05,2,0,3,0,0,0,black,Drumming
v_Drumming_g09_c04,1,0,4,0,0,0,black,Drumming
v_Drumming_g13_c05,3,0,2,0,0,0,white,Drumming
v_Drumming_g13_c07,3,0,2,0,0,0,white,Drumming
v_Drumming_g14_c04,1,3,1,0,0,0,asian,Drumming
v_Drumming_g18_c02,3,0,2,0,0,0,white,Drumming
v_Drumming_g18_c05,4,0,1,0,0,0,white,Drumming
v_Drumming_g19_c02,1,0,4,0,0,0,black,Drumming
v_Drumming_g19_c04,2,0,3,0,0,0,black,Drumming
v_Drumming_g19_c07,1,0,4,0,0,0,black,Drumming
v_Drumming_g23_c03,1,1,3,0,0,0,black,Drumming
v_Drumming_g23_c06,1,2,2,0,0,0,asian,Drumming
v_Drumming_g24_c03,3,2,0,0,0,0,white,Drumming
v_Drumming_g24_c06,3,2,0,0,0,0,white,Drumming
v_Drumming_g25_c06,3,0,2,0,0,0,white,Drumming
v_FieldHockeyPenalty_g02_c02,5,0,0,0,0,0,white,FieldHockeyPenalty
v_FieldHockeyPenalty_g02_c04,5,0,0,0,0,0,white,FieldHockeyPenalty
v_FieldHockeyPenalty_g02_c06,5,0,0,0,0,0,white,FieldHockeyPenalty
v_FieldHockeyPenalty_g03_c01,1,0,4,0,0,0,black,FieldHockeyPenalty
v_FieldHockeyPenalty_g07_c03,5,0,0,0,0,0,white,FieldHockeyPenalty
v_FieldHockeyPenalty_g07_c04,5,0,0,0,0,0,white,FieldHockeyPenalty
v_FieldHockeyPenalty_g12_c02,1,3,1,0,0,0,asian,FieldHockeyPenalty
v_FieldHockeyPenalty_g12_c06,1,2,2,0,0,0,asian,FieldHockeyPenalty
v_FieldHockeyPenalty_g15_c01,1,0,4,0,0,0,black,FieldHockeyPenalty
v_FieldHockeyPenalty_g15_c03,2,0,3,0,0,0,black,FieldHockeyPenalty
v_FieldHockeyPenalty_g16_c01,5,0,0,0,0,0,white,FieldHockeyPenalty
v_FieldHockeyPenalty_g16_c03,5,0,0,0,0,0,white,FieldHockeyPenalty
v_FieldHockeyPenalty_g17_c01,0,2,3,0,0,0,black,FieldHockeyPenalty
v_FieldHockeyPenalty_g18_c01,0,0,5,0,0,0,black,FieldHockeyPenalty
v_FieldHockeyPenalty_g18_c03,0,5,0,0,0,0,asian,FieldHockeyPenalty
v_FieldHockeyPenalty_g19_c03,0,0,5,0,0,0,black,FieldHockeyPenalty
v_FieldHockeyPenalty_g20_c03,0,0,5,0,0,0,black,FieldHockeyPenalty
v_FieldHockeyPenalty_g24_c01,1,0,4,0,0,0,black,FieldHockeyPenalty
v_FieldHockeyPenalty_g24_c04,2,0,3,0,0,0,black,FieldHockeyPenalty
v_FloorGymnastics_g04_c01,2,3,0,0,0,0,asian,FloorGymnastics
v_FloorGymnastics_g04_c04,2,3,0,0,0,0,asian,FloorGymnastics
v_FloorGymnastics_g06_c06,2,3,0,0,0,0,asian,FloorGymnastics
v_FloorGymnastics_g07_c02,2,3,0,0,0,0,asian,FloorGymnastics
v_FloorGymnastics_g07_c03,1,4,0,0,0,0,asian,FloorGymnastics
v_FloorGymnastics_g08_c02,3,2,0,0,0,0,white,FloorGymnastics
v_FloorGymnastics_g08_c04,5,0,0,0,0,0,white,FloorGymnastics
v_FloorGymnastics_g12_c04,1,0,4,0,0,0,black,FloorGymnastics
v_FloorGymnastics_g13_c04,1,4,0,0,0,0,asian,FloorGymnastics
v_FloorGymnastics_g16_c02,5,0,0,0,0,0,white,FloorGymnastics
v_FloorGymnastics_g16_c03,5,0,0,0,0,0,white,FloorGymnastics
v_FloorGymnastics_g18_c05,1,3,1,0,0,0,asian,FloorGymnastics
v_FloorGymnastics_g19_c02,1,4,0,0,0,0,asian,FloorGymnastics
v_FloorGymnastics_g21_c01,1,0,4,0,0,0,black,FloorGymnastics
v_FloorGymnastics_g22_c04,2,3,0,0,0,0,asian,FloorGymnastics
v_FloorGymnastics_g23_c01,0,4,1,0,0,0,asian,FloorGymnastics
v_FloorGymnastics_g24_c01,4,1,0,0,0,0,white,FloorGymnastics
v_FloorGymnastics_g24_c02,3,2,0,0,0,0,white,FloorGymnastics
v_FrisbeeCatch_g02_c05,2,0,3,0,0,0,black,FrisbeeCatch
v_FrisbeeCatch_g11_c01,5,0,0,0,0,0,white,FrisbeeCatch
v_FrisbeeCatch_g12_c01,0,0,5,0,0,0,black,FrisbeeCatch
v_FrisbeeCatch_g18_c01,2,1,2,0,0,0,white,FrisbeeCatch
v_FrisbeeCatch_g21_c05,2,0,3,0,0,0,black,FrisbeeCatch
v_FrisbeeCatch_g22_c06,2,0,3,0,0,0,black,FrisbeeCatch
v_FrontCrawl_g01_c03,4,0,1,0,0,0,white,FrontCrawl
v_FrontCrawl_g01_c04,3,0,2,0,0,0,white,FrontCrawl
v_FrontCrawl_g02_c04,3,0,2,0,0,0,white,FrontCrawl
v_FrontCrawl_g03_c02,2,0,3,0,0,0,black,FrontCrawl
v_FrontCrawl_g03_c03,1,1,3,0,0,0,black,FrontCrawl
v_FrontCrawl_g06_c02,2,0,3,0,0,0,black,FrontCrawl
v_FrontCrawl_g08_c01,3,0,2,0,0,0,white,FrontCrawl
v_FrontCrawl_g08_c03,4,0,1,0,0,0,white,FrontCrawl
v_FrontCrawl_g10_c04,2,0,3,0,0,0,black,FrontCrawl
v_FrontCrawl_g10_c05,2,0,3,0,0,0,black,FrontCrawl
v_FrontCrawl_g12_c04,0,2,3,0,0,0,black,FrontCrawl
v_FrontCrawl_g13_c04,1,0,4,0,0,0,black,FrontCrawl
v_FrontCrawl_g14_c03,1,0,4,0,0,0,black,FrontCrawl
v_FrontCrawl_g14_c04,1,0,4,0,0,0,black,FrontCrawl
v_FrontCrawl_g14_c05,2,0,3,0,0,0,black,FrontCrawl
v_FrontCrawl_g15_c04,3,0,2,0,0,0,white,FrontCrawl
v_FrontCrawl_g16_c02,2,0,3,0,0,0,black,FrontCrawl
v_FrontCrawl_g17_c03,4,0,1,0,0,0,white,FrontCrawl
v_FrontCrawl_g17_c05,5,0,0,0,0,0,white,FrontCrawl
v_FrontCrawl_g17_c06,5,0,0,0,0,0,white,FrontCrawl
v_FrontCrawl_g18_c01,2,0,3,0,0,0,black,FrontCrawl
v_FrontCrawl_g19_c03,3,0,2,0,0,0,white,FrontCrawl
v_FrontCrawl_g19_c04,4,0,1,0,0,0,white,FrontCrawl
v_FrontCrawl_g20_c01,3,0,2,0,0,0,white,FrontCrawl
v_FrontCrawl_g20_c04,3,0,2,0,0,0,white,FrontCrawl
v_FrontCrawl_g20_c06,5,0,0,0,0,0,white,FrontCrawl
v_FrontCrawl_g21_c06,3,0,2,0,0,0,white,FrontCrawl
v_FrontCrawl_g22_c01,3,0,2,0,0,0,white,FrontCrawl
v_FrontCrawl_g22_c05,3,0,2,0,0,0,white,FrontCrawl
v_FrontCrawl_g22_c06,3,0,2,0,0,0,white,FrontCrawl
v_FrontCrawl_g23_c07,1,0,4,0,0,0,black,FrontCrawl
v_GolfSwing_g01_c01,4,1,0,0,0,0,white,GolfSwing
v_GolfSwing_g01_c03,3,2,0,0,0,0,white,GolfSwing
v_GolfSwing_g01_c06,3,2,0,0,0,0,white,GolfSwing
v_GolfSwing_g10_c01,5,0,0,0,0,0,white,GolfSwing
v_GolfSwing_g10_c02,3,2,0,0,0,0,white,GolfSwing
v_GolfSwing_g11_c02,1,0,4,0,0,0,black,GolfSwing
v_GolfSwing_g12_c01,1,0,4,0,0,0,black,GolfSwing
v_GolfSwing_g13_c04,2,0,3,0,0,0,black,GolfSwing
v_GolfSwing_g14_c01,2,0,3,0,0,0,black,GolfSwing
v_GolfSwing_g16_c03,1,0,4,0,0,0,black,GolfSwing
v_GolfSwing_g17_c05,1,0,4,0,0,0,black,GolfSwing
v_GolfSwing_g23_c04,0,0,5,0,0,0,black,GolfSwing
v_GolfSwing_g24_c07,0,0,5,0,0,0,black,GolfSwing
v_GolfSwing_g25_c05,2,0,3,0,0,0,black,GolfSwing
v_GolfSwing_g25_c06,2,0,3,0,0,0,black,GolfSwing
v_GolfSwing_g25_c07,0,0,5,0,0,0,black,GolfSwing
v_Haircut_g01_c02,2,0,3,0,0,0,black,Haircut
v_Haircut_g01_c04,0,5,0,0,0,0,asian,Haircut
v_Haircut_g02_c01,0,3,2,0,0,0,asian,Haircut
v_Haircut_g02_c02,2,1,2,0,0,0,white,Haircut
v_Haircut_g03_c01,3,2,0,0,0,0,white,Haircut
v_Haircut_g03_c05,0,4,1,0,0,0,asian,Haircut
v_Haircut_g03_c06,4,1,0,0,0,0,white,Haircut
v_Haircut_g04_c01,0,0,5,0,0,0,black,Haircut
v_Haircut_g04_c03,1,1,3,0,0,0,black,Haircut
v_Haircut_g05_c03,5,0,0,0,0,0,white,Haircut
v_Haircut_g06_c02,0,2,3,0,0,0,black,Haircut
v_Haircut_g06_c04,0,0,5,0,0,0,black,Haircut
v_Haircut_g07_c02,1,3,1,0,0,0,asian,Haircut
v_Haircut_g07_c03,2,3,0,0,0,0,asian,Haircut
v_Haircut_g08_c02,1,0,4,0,0,0,black,Haircut
v_Haircut_g08_c03,0,5,0,0,0,0,asian,Haircut
v_Haircut_g08_c04,0,0,5,0,0,0,black,Haircut
v_Haircut_g09_c01,0,3,2,0,0,0,asian,Haircut
v_Haircut_g09_c07,0,4,1,0,0,0,asian,Haircut
v_Haircut_g11_c01,5,0,0,0,0,0,white,Haircut
v_Haircut_g11_c02,4,0,1,0,0,0,white,Haircut
v_Haircut_g12_c01,3,2,0,0,0,0,white,Haircut
v_Haircut_g13_c02,2,3,0,0,0,0,asian,Haircut
v_Haircut_g15_c01,0,0,5,0,0,0,black,Haircut
v_Haircut_g18_c03,0,3,2,0,0,0,asian,Haircut
v_Haircut_g19_c01,1,0,4,0,0,0,black,Haircut
v_Haircut_g20_c01,2,0,3,0,0,0,black,Haircut
v_Haircut_g20_c04,0,2,3,0,0,0,black,Haircut
v_Haircut_g20_c06,4,0,1,0,0,0,white,Haircut
v_Haircut_g21_c01,4,1,0,0,0,0,white,Haircut
v_Haircut_g25_c01,1,0,4,0,0,0,black,Haircut
v_HammerThrow_g01_c05,0,0,5,0,0,0,black,HammerThrow
v_HammerThrow_g02_c01,3,2,0,0,0,0,white,HammerThrow
v_HammerThrow_g02_c04,3,2,0,0,0,0,white,HammerThrow
v_HammerThrow_g02_c07,0,0,5,0,0,0,black,HammerThrow
v_HammerThrow_g03_c02,1,4,0,0,0,0,asian,HammerThrow
v_HammerThrow_g03_c03,1,0,4,0,0,0,black,HammerThrow
v_HammerThrow_g04_c01,2,3,0,0,0,0,asian,HammerThrow
v_HammerThrow_g04_c04,2,3,0,0,0,0,asian,HammerThrow
v_HammerThrow_g05_c06,2,0,3,0,0,0,black,HammerThrow
v_HammerThrow_g06_c03,1,4,0,0,0,0,asian,HammerThrow
v_HammerThrow_g06_c04,1,0,4,0,0,0,black,HammerThrow
v_HammerThrow_g09_c03,2,3,0,0,0,0,asian,HammerThrow
v_HammerThrow_g09_c05,0,0,5,0,0,0,black,HammerThrow
v_HammerThrow_g10_c07,1,4,0,0,0,0,asian,HammerThrow
v_HammerThrow_g11_c02,0,5,0,0,0,0,asian,HammerThrow
v_HammerThrow_g11_c05,1,4,0,0,0,0,asian,HammerThrow
v_HammerThrow_g13_c03,2,3,0,0,0,0,asian,HammerThrow
v_HammerThrow_g13_c04,0,5,0,0,0,0,asian,HammerThrow
v_HammerThrow_g13_c05,0,4,1,0,0,0,asian,HammerThrow
v_HammerThrow_g14_c03,1,0,4,0,0,0,black,HammerThrow
v_HammerThrow_g15_c02,0,0,5,0,0,0,black,HammerThrow
v_HammerThrow_g15_c03,1,0,4,0,0,0,black,HammerThrow
v_HammerThrow_g16_c02,4,1,0,0,0,0,white,HammerThrow
v_HammerThrow_g16_c03,5,0,0,0,0,0,white,HammerThrow
v_HammerThrow_g17_c04,1,4,0,0,0,0,asian,HammerThrow
v_HammerThrow_g19_c02,2,3,0,0,0,0,asian,HammerThrow
v_HammerThrow_g19_c06,2,3,0,0,0,0,asian,HammerThrow
v_HammerThrow_g19_c07,1,4,0,0,0,0,asian,HammerThrow
v_HammerThrow_g20_c03,1,0,4,0,0,0,black,HammerThrow
v_HammerThrow_g21_c02,0,0,5,0,0,0,black,HammerThrow
v_HammerThrow_g21_c04,0,5,0,0,0,0,asian,HammerThrow
v_HammerThrow_g22_c05,1,1,3,0,0,0,black,HammerThrow
v_HammerThrow_g23_c01,0,5,0,0,0,0,asian,HammerThrow
v_HammerThrow_g23_c03,1,4,0,0,0,0,asian,HammerThrow
v_HammerThrow_g23_c04,2,3,0,0,0,0,asian,HammerThrow
v_HammerThrow_g24_c03,0,3,2,0,0,0,asian,HammerThrow
v_HammerThrow_g25_c02,1,4,0,0,0,0,asian,HammerThrow
v_Hammering_g01_c01,3,2,0,0,0,0,white,Hammering
v_Hammering_g01_c04,5,0,0,0,0,0,white,Hammering
v_Hammering_g03_c03,2,3,0,0,0,0,asian,Hammering
v_Hammering_g04_c05,1,4,0,0,0,0,asian,Hammering
v_Hammering_g07_c02,3,0,2,0,0,0,white,Hammering
v_Hammering_g11_c04,5,0,0,0,0,0,white,Hammering
v_Hammering_g12_c04,5,0,0,0,0,0,white,Hammering
v_Hammering_g12_c05,5,0,0,0,0,0,white,Hammering
v_Hammering_g14_c02,3,2,0,0,0,0,white,Hammering
v_Hammering_g14_c03,3,2,0,0,0,0,white,Hammering
v_Hammering_g14_c04,3,2,0,0,0,0,white,Hammering
v_Hammering_g18_c03,2,3,0,0,0,0,asian,Hammering
v_Hammering_g22_c04,4,0,1,0,0,0,white,Hammering
v_Hammering_g22_c07,3,0,2,0,0,0,white,Hammering
v_Hammering_g23_c04,5,0,0,0,0,0,white,Hammering
v_Hammering_g23_c05,5,0,0,0,0,0,white,Hammering
v_Hammering_g23_c06,5,0,0,0,0,0,white,Hammering
v_HandstandPushups_g04_c01,2,0,3,0,0,0,black,HandstandPushups
v_HandstandPushups_g06_c03,2,0,3,0,0,0,black,HandstandPushups
v_HandstandPushups_g07_c02,3,0,2,0,0,0,white,HandstandPushups
v_HandstandPushups_g07_c03,4,0,1,0,0,0,white,HandstandPushups
v_HandstandPushups_g11_c04,0,0,5,0,0,0,black,HandstandPushups
v_HandstandPushups_g11_c05,1,0,4,0,0,0,black,HandstandPushups
v_HandstandPushups_g12_c01,3,0,2,0,0,0,white,HandstandPushups
v_HandstandPushups_g12_c04,2,1,2,0,0,0,white,HandstandPushups
v_HandstandPushups_g12_c07,0,3,2,0,0,0,asian,HandstandPushups
v_HandstandPushups_g19_c01,3,2,0,0,0,0,white,HandstandPushups
v_HandstandPushups_g19_c02,3,2,0,0,0,0,white,HandstandPushups
v_HandstandPushups_g24_c03,3,0,2,0,0,0,white,HandstandPushups
v_HandstandPushups_g24_c04,4,0,1,0,0,0,white,HandstandPushups
v_HandstandWalking_g03_c04,1,0,4,0,0,0,black,HandstandWalking
v_HandstandWalking_g07_c03,0,0,5,0,0,0,black,HandstandWalking
v_HandstandWalking_g14_c02,4,0,1,0,0,0,white,HandstandWalking
v_HandstandWalking_g14_c04,4,1,0,0,0,0,white,HandstandWalking
v_HandstandWalking_g18_c02,1,1,3,0,0,0,black,HandstandWalking
v_HandstandWalking_g18_c03,2,0,3,0,0,0,black,HandstandWalking
v_HandstandWalking_g18_c05,2,0,3,0,0,0,black,HandstandWalking
v_HandstandWalking_g20_c01,2,3,0,0,0,0,asian,HandstandWalking
v_HandstandWalking_g25_c04,0,0,5,0,0,0,black,HandstandWalking
v_HeadMassage_g01_c04,0,2,0,0,3,0,indian,HeadMassage
v_HeadMassage_g01_c05,1,4,0,0,0,0,asian,HeadMassage
v_HeadMassage_g02_c03,2,3,0,0,0,0,asian,HeadMassage
v_HeadMassage_g03_c01,2,3,0,0,0,0,asian,HeadMassage
v_HeadMassage_g03_c02,1,4,0,0,0,0,asian,HeadMassage
v_HeadMassage_g03_c07,1,4,0,0,0,0,asian,HeadMassage
v_HeadMassage_g04_c03,3,1,1,0,0,0,white,HeadMassage
v_HeadMassage_g05_c01,4,1,0,0,0,0,white,HeadMassage
v_HeadMassage_g06_c01,2,3,0,0,0,0,asian,HeadMassage
v_HeadMassage_g06_c03,2,3,0,0,0,0,asian,HeadMassage
v_HeadMassage_g06_c05,2,3,0,0,0,0,asian,HeadMassage
v_HeadMassage_g07_c03,1,0,4,0,0,0,black,HeadMassage
v_HeadMassage_g09_c02,2,3,0,0,0,0,asian,HeadMassage
v_HeadMassage_g10_c04,2,3,0,0,0,0,asian,HeadMassage
v_HeadMassage_g12_c05,1,1,3,0,0,0,black,HeadMassage
v_HeadMassage_g12_c07,0,2,3,0,0,0,black,HeadMassage
v_HeadMassage_g13_c01,1,4,0,0,0,0,asian,HeadMassage
v_HeadMassage_g15_c06,0,0,5,0,0,0,black,HeadMassage
v_HeadMassage_g17_c03,2,0,3,0,0,0,black,HeadMassage
v_HeadMassage_g18_c01,0,5,0,0,0,0,asian,HeadMassage
v_HeadMassage_g20_c02,4,0,1,0,0,0,white,HeadMassage
v_HeadMassage_g20_c04,0,2,3,0,0,0,black,HeadMassage
v_HeadMassage_g21_c01,1,4,0,0,0,0,asian,HeadMassage
v_HeadMassage_g21_c05,1,4,0,0,0,0,asian,HeadMassage
v_HeadMassage_g22_c02,3,2,0,0,0,0,white,HeadMassage
v_HeadMassage_g22_c07,3,2,0,0,0,0,white,HeadMassage
v_HeadMassage_g24_c04,1,0,4,0,0,0,black,HeadMassage
v_HighJump_g01_c03,1,0,4,0,0,0,black,HighJump
v_HighJump_g01_c04,2,0,3,0,0,0,black,HighJump
v_HighJump_g02_c02,3,0,2,0,0,0,white,HighJump
v_HighJump_g03_c02,4,1,0,0,0,0,white,HighJump
v_HighJump_g03_c04,0,3,2,0,0,0,asian,HighJump
v_HighJump_g04_c01,5,0,0,0,0,0,white,HighJump
v_HighJump_g04_c04,2,1,2,0,0,0,white,HighJump
v_HighJump_g05_c02,0,0,5,0,0,0,black,HighJump
v_HighJump_g05_c03,1,1,3,0,0,0,black,HighJump
v_HighJump_g06_c03,1,4,0,0,0,0,asian,HighJump
v_HighJump_g06_c04,0,0,5,0,0,0,black,HighJump
v_HighJump_g07_c03,1,3,1,0,0,0,asian,HighJump
v_HighJump_g07_c05,1,2,2,0,0,0,asian,HighJump
v_HighJump_g07_c06,0,2,3,0,0,0,black,HighJump
v_HighJump_g08_c03,3,0,2,0,0,0,white,HighJump
v_HighJump_g09_c05,2,0,3,0,0,0,black,HighJump
v_HighJump_g10_c03,3,0,2,0,0,0,white,HighJump
v_HighJump_g10_c04,3,0,2,0,0,0,white,HighJump
v_HighJump_g11_c05,4,0,1,0,0,0,white,HighJump
v_HighJump_g11_c07,3,0,2,0,0,0,white,HighJump
v_HighJump_g12_c02,3,2,0,0,0,0,white,HighJump
v_HighJump_g13_c04,2,0,3,0,0,0,black,HighJump
v_HighJump_g15_c04,2,0,3,0,0,0,black,HighJump
v_HighJump_g17_c01,5,0,0,0,0,0,white,HighJump
v_HighJump_g17_c02,5,0,0,0,0,0,white,HighJump
v_HighJump_g18_c01,0,0,5,0,0,0,black,HighJump
v_HighJump_g19_c02,1,0,4,0,0,0,black,HighJump
v_HighJump_g19_c04,0,0,5,0,0,0,black,HighJump
v_HighJump_g20_c01,1,0,4,0,0,0,black,HighJump
v_HighJump_g20_c05,0,1,4,0,0,0,black,HighJump
v_HighJump_g22_c05,2,1,2,0,0,0,white,HighJump
v_HighJump_g23_c01,1,0,4,0,0,0,black,HighJump
v_HighJump_g23_c02,1,0,4,0,0,0,black,HighJump
v_HighJump_g24_c03,0,3,2,0,0,0,asian,HighJump
v_HighJump_g25_c03,4,0,1,0,0,0,white,HighJump
v_HighJump_g25_c04,3,0,2,0,0,0,white,HighJump
v_HorseRace_g01_c04,2,0,3,0,0,0,black,HorseRace
v_HorseRace_g02_c02,4,0,1,0,0,0,white,HorseRace
v_HorseRace_g04_c02,2,1,2,0,0,0,white,HorseRace
v_HorseRace_g04_c04,4,0,1,0,0,0,white,HorseRace
v_HorseRace_g04_c05,4,0,1,0,0,0,white,HorseRace
v_HorseRace_g06_c02,3,0,2,0,0,0,white,HorseRace
v_HorseRace_g06_c04,0,3,2,0,0,0,asian,HorseRace
v_HorseRace_g06_c05,5,0,0,0,0,0,white,HorseRace
v_HorseRace_g07_c01,0,1,4,0,0,0,black,HorseRace
v_HorseRace_g07_c02,0,0,5,0,0,0,black,HorseRace
v_HorseRace_g07_c06,2,3,0,0,0,0,asian,HorseRace
v_HorseRace_g08_c05,5,0,0,0,0,0,white,HorseRace
v_HorseRace_g09_c01,3,0,2,0,0,0,white,HorseRace
v_HorseRace_g09_c02,3,0,2,0,0,0,white,HorseRace
v_HorseRace_g11_c03,1,0,4,0,0,0,black,HorseRace
v_HorseRace_g11_c05,0,0,5,0,0,0,black,HorseRace
v_HorseRace_g12_c01,3,0,2,0,0,0,white,HorseRace
v_HorseRace_g12_c04,3,0,2,0,0,0,white,HorseRace
v_HorseRace_g13_c01,2,0,2,0,1,0,white,HorseRace
v_HorseRace_g13_c02,0,4,0,0,1,0,asian,HorseRace
v_HorseRace_g13_c03,5,0,0,0,0,0,white,HorseRace
v_HorseRace_g15_c01,2,0,3,0,0,0,black,HorseRace
v_HorseRace_g17_c02,3,0,2,0,0,0,white,HorseRace
v_HorseRace_g18_c03,1,0,4,0,0,0,black,HorseRace
v_HorseRace_g19_c05,1,0,4,0,0,0,black,HorseRace
v_HorseRace_g19_c06,0,0,5,0,0,0,black,HorseRace
v_HorseRace_g20_c01,3,0,2,0,0,0,white,HorseRace
v_HorseRace_g20_c02,4,0,1,0,0,0,white,HorseRace
v_HorseRace_g21_c01,2,0,3,0,0,0,black,HorseRace
v_HorseRace_g21_c05,0,0,5,0,0,0,black,HorseRace
v_HorseRace_g22_c03,3,0,2,0,0,0,white,HorseRace
v_HorseRace_g22_c04,5,0,0,0,0,0,white,HorseRace
v_HorseRace_g23_c02,2,3,0,0,0,0,asian,HorseRace
v_HorseRace_g23_c03,4,0,1,0,0,0,white,HorseRace
v_HorseRace_g24_c04,5,0,0,0,0,0,white,HorseRace
v_HorseRace_g24_c05,5,0,0,0,0,0,white,HorseRace
v_HorseRace_g25_c01,4,0,1,0,0,0,white,HorseRace
v_HorseRace_g25_c02,0,0,0,0,5,0,indian,HorseRace
v_HorseRiding_g04_c05,0,0,5,0,0,0,black,HorseRiding
v_HorseRiding_g04_c06,0,0,5,0,0,0,black,HorseRiding
v_HorseRiding_g04_c07,0,0,5,0,0,0,black,HorseRiding
v_HorseRiding_g05_c06,0,0,5,0,0,0,black,HorseRiding
v_HorseRiding_g05_c07,0,0,5,0,0,0,black,HorseRiding
v_HorseRiding_g06_c03,2,0,3,0,0,0,black,HorseRiding
v_HorseRiding_g07_c07,2,0,3,0,0,0,black,HorseRiding
v_HorseRiding_g12_c05,1,0,4,0,0,0,black,HorseRiding
v_HorseRiding_g14_c03,5,0,0,0,0,0,white,HorseRiding
v_HorseRiding_g14_c05,3,0,2,0,0,0,white,HorseRiding
v_HorseRiding_g14_c07,5,0,0,0,0,0,white,HorseRiding
v_HorseRiding_g15_c02,1,0,4,0,0,0,black,HorseRiding
v_HorseRiding_g18_c06,4,0,1,0,0,0,white,HorseRiding
v_HorseRiding_g19_c05,5,0,0,0,0,0,white,HorseRiding
v_HorseRiding_g19_c06,5,0,0,0,0,0,white,HorseRiding
v_HorseRiding_g19_c07,5,0,0,0,0,0,white,HorseRiding
v_HorseRiding_g21_c01,2,0,3,0,0,0,black,HorseRiding
v_HorseRiding_g21_c02,1,0,4,0,0,0,black,HorseRiding
v_HorseRiding_g22_c05,2,0,3,0,0,0,black,HorseRiding
v_HorseRiding_g22_c06,1,0,4,0,0,0,black,HorseRiding
v_HorseRiding_g22_c07,2,0,3,0,0,0,black,HorseRiding
v_HorseRiding_g23_c02,0,0,5,0,0,0,black,HorseRiding
v_HorseRiding_g23_c06,0,0,5,0,0,0,black,HorseRiding
v_HorseRiding_g24_c01,0,0,5,0,0,0,black,HorseRiding
v_HorseRiding_g24_c03,0,0,5,0,0,0,black,HorseRiding
v_HulaHoop_g01_c04,5,0,0,0,0,0,white,HulaHoop
v_HulaHoop_g03_c05,2,3,0,0,0,0,asian,HulaHoop
v_HulaHoop_g05_c03,2,1,2,0,0,0,white,HulaHoop
v_HulaHoop_g05_c04,5,0,0,0,0,0,white,HulaHoop
v_HulaHoop_g11_c02,2,0,3,0,0,0,black,HulaHoop
v_HulaHoop_g12_c01,5,0,0,0,0,0,white,HulaHoop
v_HulaHoop_g12_c03,5,0,0,0,0,0,white,HulaHoop
v_HulaHoop_g12_c05,4,1,0,0,0,0,white,HulaHoop
v_HulaHoop_g15_c02,2,3,0,0,0,0,asian,HulaHoop
v_HulaHoop_g15_c03,5,0,0,0,0,0,white,HulaHoop
v_HulaHoop_g20_c07,5,0,0,0,0,0,white,HulaHoop
v_HulaHoop_g25_c02,3,2,0,0,0,0,white,HulaHoop
v_HulaHoop_g25_c05,4,1,0,0,0,0,white,HulaHoop
v_IceDancing_g02_c07,1,0,4,0,0,0,black,IceDancing
v_IceDancing_g09_c05,0,5,0,0,0,0,asian,IceDancing
v_IceDancing_g11_c04,2,3,0,0,0,0,asian,IceDancing
v_JavelinThrow_g01_c01,1,0,4,0,0,0,black,JavelinThrow
v_JavelinThrow_g03_c01,0,1,4,0,0,0,black,JavelinThrow
v_JavelinThrow_g05_c06,1,4,0,0,0,0,asian,JavelinThrow
v_JavelinThrow_g08_c02,0,5,0,0,0,0,asian,JavelinThrow
v_JavelinThrow_g08_c03,0,2,3,0,0,0,black,JavelinThrow
v_JavelinThrow_g09_c02,0,3,2,0,0,0,asian,JavelinThrow
v_JavelinThrow_g09_c04,3,0,2,0,0,0,white,JavelinThrow
v_JavelinThrow_g10_c01,2,0,3,0,0,0,black,JavelinThrow
v_JavelinThrow_g11_c05,0,5,0,0,0,0,asian,JavelinThrow
v_JavelinThrow_g11_c06,0,3,2,0,0,0,asian,JavelinThrow
v_JavelinThrow_g12_c04,5,0,0,0,0,0,white,JavelinThrow
v_JavelinThrow_g13_c01,5,0,0,0,0,0,white,JavelinThrow
v_JavelinThrow_g13_c04,2,2,1,0,0,0,white,JavelinThrow
v_JavelinThrow_g14_c04,0,0,5,0,0,0,black,JavelinThrow
v_JavelinThrow_g14_c06,1,0,4,0,0,0,black,JavelinThrow
v_JavelinThrow_g16_c03,0,5,0,0,0,0,asian,JavelinThrow
v_JavelinThrow_g16_c06,2,0,3,0,0,0,black,JavelinThrow
v_JavelinThrow_g17_c02,1,0,4,0,0,0,black,JavelinThrow
v_JavelinThrow_g17_c05,0,0,5,0,0,0,black,JavelinThrow
v_JavelinThrow_g19_c02,0,1,4,0,0,0,black,JavelinThrow
v_JavelinThrow_g20_c03,2,3,0,0,0,0,asian,JavelinThrow
v_JavelinThrow_g21_c01,2,0,3,0,0,0,black,JavelinThrow
v_JavelinThrow_g22_c03,0,0,5,0,0,0,black,JavelinThrow
v_JavelinThrow_g24_c03,0,0,5,0,0,0,black,JavelinThrow
v_JavelinThrow_g24_c04,1,1,3,0,0,0,black,JavelinThrow
v_JugglingBalls_g04_c01,2,3,0,0,0,0,asian,JugglingBalls
v_JugglingBalls_g04_c04,2,3,0,0,0,0,asian,JugglingBalls
v_JugglingBalls_g06_c03,2,3,0,0,0,0,asian,JugglingBalls
v_JugglingBalls_g06_c05,1,4,0,0,0,0,asian,JugglingBalls
v_JugglingBalls_g10_c01,1,1,3,0,0,0,black,JugglingBalls
v_JugglingBalls_g10_c04,0,1,4,0,0,0,black,JugglingBalls
v_JugglingBalls_g11_c01,3,0,2,0,0,0,white,JugglingBalls
v_JugglingBalls_g11_c05,3,0,2,0,0,0,white,JugglingBalls
v_JugglingBalls_g15_c01,0,4,1,0,0,0,asian,JugglingBalls
v_JugglingBalls_g19_c03,0,4,1,0,0,0,asian,JugglingBalls
v_JugglingBalls_g20_c01,0,3,2,0,0,0,asian,JugglingBalls
v_JumpRope_g01_c01,3,2,0,0,0,0,white,JumpRope
v_JumpRope_g01_c02,4,1,0,0,0,0,white,JumpRope
v_JumpRope_g06_c03,2,0,3,0,0,0,black,JumpRope
v_JumpRope_g06_c04,2,0,3,0,0,0,black,JumpRope
v_JumpRope_g12_c01,4,0,1,0,0,0,white,JumpRope
v_JumpRope_g12_c02,3,0,2,0,0,0,white,JumpRope
v_JumpRope_g13_c03,2,0,3,0,0,0,black,JumpRope
v_JumpRope_g22_c02,3,0,2,0,0,0,white,JumpRope
v_JumpingJack_g04_c03,3,0,2,0,0,0,white,JumpingJack
v_JumpingJack_g04_c04,3,0,2,0,0,0,white,JumpingJack
v_JumpingJack_g20_c02,2,0,3,0,0,0,black,JumpingJack
v_Kayaking_g01_c05,1,1,3,0,0,0,black,Kayaking
v_Kayaking_g16_c02,1,0,4,0,0,0,black,Kayaking
v_Kayaking_g16_c03,1,0,4,0,0,0,black,Kayaking
v_Kayaking_g16_c07,2,0,3,0,0,0,black,Kayaking
v_Kayaking_g17_c01,5,0,0,0,0,0,white,Kayaking
v_Kayaking_g17_c04,3,2,0,0,0,0,white,Kayaking
v_Kayaking_g17_c05,5,0,0,0,0,0,white,Kayaking
v_Kayaking_g20_c04,2,0,3,0,0,0,black,Kayaking
v_Knitting_g02_c02,3,2,0,0,0,0,white,Knitting
v_Knitting_g02_c03,3,1,1,0,0,0,white,Knitting
v_Knitting_g03_c03,1,4,0,0,0,0,asian,Knitting
v_Knitting_g06_c02,3,2,0,0,0,0,white,Knitting
v_Knitting_g06_c03,3,2,0,0,0,0,white,Knitting
v_Knitting_g07_c01,3,2,0,0,0,0,white,Knitting
v_Knitting_g08_c01,1,2,2,0,0,0,asian,Knitting
v_Knitting_g08_c03,2,0,3,0,0,0,black,Knitting
v_Knitting_g09_c03,2,3,0,0,0,0,asian,Knitting
v_Knitting_g11_c01,3,2,0,0,0,0,white,Knitting
v_Knitting_g11_c04,3,2,0,0,0,0,white,Knitting
v_Knitting_g15_c02,1,4,0,0,0,0,asian,Knitting
v_Knitting_g15_c06,2,3,0,0,0,0,asian,Knitting
v_Knitting_g16_c04,3,2,0,0,0,0,white,Knitting
v_Knitting_g16_c05,3,2,0,0,0,0,white,Knitting
v_Knitting_g17_c02,3,2,0,0,0,0,white,Knitting
v_Knitting_g17_c05,3,2,0,0,0,0,white,Knitting
v_Knitting_g22_c04,2,3,0,0,0,0,asian,Knitting
v_Knitting_g23_c03,2,3,0,0,0,0,asian,Knitting
v_LongJump_g01_c01,2,1,2,0,0,0,white,LongJump
v_LongJump_g04_c02,1,4,0,0,0,0,asian,LongJump
v_LongJump_g04_c03,2,0,3,0,0,0,black,LongJump
v_LongJump_g04_c06,2,0,3,0,0,0,black,LongJump
v_LongJump_g04_c07,2,3,0,0,0,0,asian,LongJump
v_LongJump_g06_c01,3,1,1,0,0,0,white,LongJump
v_LongJump_g07_c01,2,3,0,0,0,0,asian,LongJump
v_LongJump_g07_c04,2,0,3,0,0,0,black,LongJump
v_LongJump_g08_c01,0,0,5,0,0,0,black,LongJump
v_LongJump_g08_c02,0,5,0,0,0,0,asian,LongJump
v_LongJump_g08_c05,0,0,5,0,0,0,black,LongJump
v_LongJump_g10_c02,5,0,0,0,0,0,white,LongJump
v_LongJump_g10_c03,1,2,2,0,0,0,asian,LongJump
v_LongJump_g10_c04,5,0,0,0,0,0,white,LongJump
v_LongJump_g10_c06,5,0,0,0,0,0,white,LongJump
v_LongJump_g12_c01,4,0,1,0,0,0,white,LongJump
v_LongJump_g13_c02,4,0,1,0,0,0,white,LongJump
v_LongJump_g13_c05,4,0,1,0,0,0,white,LongJump
v_LongJump_g13_c06,4,0,1,0,0,0,white,LongJump
v_LongJump_g14_c05,1,4,0,0,0,0,asian,LongJump
v_LongJump_g15_c02,5,0,0,0,0,0,white,LongJump
v_LongJump_g17_c01,1,0,4,0,0,0,black,LongJump
v_LongJump_g17_c05,2,0,3,0,0,0,black,LongJump
v_LongJump_g18_c02,2,0,3,0,0,0,black,LongJump
v_LongJump_g18_c05,2,0,3,0,0,0,black,LongJump
v_LongJump_g19_c02,1,4,0,0,0,0,asian,LongJump
v_LongJump_g19_c03,1,1,3,0,0,0,black,LongJump
v_LongJump_g19_c05,2,3,0,0,0,0,asian,LongJump
v_LongJump_g20_c01,2,0,3,0,0,0,black,LongJump
v_LongJump_g24_c02,1,0,4,0,0,0,black,LongJump
v_Lunges_g03_c02,2,0,3,0,0,0,black,Lunges
v_Lunges_g05_c01,3,0,2,0,0,0,white,Lunges
v_Lunges_g07_c01,2,3,0,0,0,0,asian,Lunges
v_Lunges_g13_c03,4,0,1,0,0,0,white,Lunges
v_Lunges_g13_c06,4,0,1,0,0,0,white,Lunges
v_Lunges_g21_c04,3,0,2,0,0,0,white,Lunges
v_Lunges_g25_c02,2,3,0,0,0,0,asian,Lunges
v_MilitaryParade_g01_c03,5,0,0,0,0,0,white,MilitaryParade
v_MilitaryParade_g01_c05,5,0,0,0,0,0,white,MilitaryParade
v_MilitaryParade_g01_c06,5,0,0,0,0,0,white,MilitaryParade
v_MilitaryParade_g02_c03,0,2,3,0,0,0,black,MilitaryParade
v_MilitaryParade_g02_c04,1,4,0,0,0,0,asian,MilitaryParade
v_MilitaryParade_g07_c03,3,2,0,0,0,0,white,MilitaryParade
v_MilitaryParade_g08_c01,0,2,3,0,0,0,black,MilitaryParade
v_MilitaryParade_g08_c05,2,3,0,0,0,0,asian,MilitaryParade
v_MilitaryParade_g11_c01,1,4,0,0,0,0,asian,MilitaryParade
v_MilitaryParade_g11_c02,0,5,0,0,0,0,asian,MilitaryParade
v_MilitaryParade_g12_c01,2,0,3,0,0,0,black,MilitaryParade
v_MilitaryParade_g13_c04,5,0,0,0,0,0,white,MilitaryParade
v_MilitaryParade_g14_c01,0,5,0,0,0,0,asian,MilitaryParade
v_MilitaryParade_g15_c01,3,2,0,0,0,0,white,MilitaryParade
v_MilitaryParade_g15_c03,5,0,0,0,0,0,white,MilitaryParade
v_MilitaryParade_g16_c02,5,0,0,0,0,0,white,MilitaryParade
v_MilitaryParade_g16_c04,0,1,4,0,0,0,black,MilitaryParade
v_MilitaryParade_g17_c04,2,3,0,0,0,0,asian,MilitaryParade
v_MilitaryParade_g18_c04,0,5,0,0,0,0,asian,MilitaryParade
v_MilitaryParade_g18_c05,1,0,4,0,0,0,black,MilitaryParade
v_MilitaryParade_g18_c06,1,4,0,0,0,0,asian,MilitaryParade
v_MilitaryParade_g20_c04,3,2,0,0,0,0,white,MilitaryParade
v_MilitaryParade_g21_c01,3,2,0,0,0,0,white,MilitaryParade
v_MilitaryParade_g22_c01,2,3,0,0,0,0,asian,MilitaryParade
v_MilitaryParade_g24_c01,5,0,0,0,0,0,white,MilitaryParade
v_MilitaryParade_g24_c02,5,0,0,0,0,0,white,MilitaryParade
v_MilitaryParade_g25_c05,5,0,0,0,0,0,white,MilitaryParade
v_MilitaryParade_g25_c07,3,2,0,0,0,0,white,MilitaryParade
v_Mixing_g01_c06,3,2,0,0,0,0,white,Mixing
v_Mixing_g01_c07,5,0,0,0,0,0,white,Mixing
v_Mixing_g03_c03,0,5,0,0,0,0,asian,Mixing
v_Mixing_g03_c04,1,4,0,0,0,0,asian,Mixing
v_Mixing_g03_c06,2,3,0,0,0,0,asian,Mixing
v_Mixing_g04_c01,4,1,0,0,0,0,white,Mixing
v_Mixing_g05_c03,2,3,0,0,0,0,asian,Mixing
v_Mixing_g05_c04,1,4,0,0,0,0,asian,Mixing
v_Mixing_g05_c06,1,4,0,0,0,0,asian,Mixing
v_Mixing_g06_c02,1,4,0,0,0,0,asian,Mixing
v_Mixing_g07_c03,3,2,0,0,0,0,white,Mixing
v_Mixing_g09_c01,2,3,0,0,0,0,asian,Mixing
v_Mixing_g13_c01,3,2,0,0,0,0,white,Mixing
v_Mixing_g13_c05,0,0,5,0,0,0,black,Mixing
v_Mixing_g14_c01,4,1,0,0,0,0,white,Mixing
v_Mixing_g14_c03,4,1,0,0,0,0,white,Mixing
v_Mixing_g14_c05,3,2,0,0,0,0,white,Mixing
v_Mixing_g15_c02,1,4,0,0,0,0,asian,Mixing
v_Mixing_g15_c03,2,3,0,0,0,0,asian,Mixing
v_Mixing_g15_c05,1,4,0,0,0,0,asian,Mixing
v_Mixing_g21_c03,3,2,0,0,0,0,white,Mixing
v_Mixing_g21_c04,2,2,1,0,0,0,white,Mixing
v_Mixing_g23_c01,4,1,0,0,0,0,white,Mixing
v_Mixing_g23_c02,4,1,0,0,0,0,white,Mixing
v_MoppingFloor_g03_c03,3,2,0,0,0,0,white,MoppingFloor
v_MoppingFloor_g04_c05,1,4,0,0,0,0,asian,MoppingFloor
v_MoppingFloor_g05_c04,4,1,0,0,0,0,white,MoppingFloor
v_MoppingFloor_g06_c03,4,1,0,0,0,0,white,MoppingFloor
v_MoppingFloor_g10_c02,1,1,3,0,0,0,black,MoppingFloor
v_MoppingFloor_g10_c04,3,2,0,0,0,0,white,MoppingFloor
v_MoppingFloor_g12_c03,0,3,2,0,0,0,asian,MoppingFloor
v_MoppingFloor_g13_c04,0,0,5,0,0,0,black,MoppingFloor
v_MoppingFloor_g18_c03,0,5,0,0,0,0,asian,MoppingFloor
v_MoppingFloor_g18_c04,2,3,0,0,0,0,asian,MoppingFloor
v_MoppingFloor_g19_c04,0,0,5,0,0,0,black,MoppingFloor
v_MoppingFloor_g25_c02,2,0,3,0,0,0,black,MoppingFloor
v_Nunchucks_g04_c01,3,2,0,0,0,0,white,Nunchucks
v_Nunchucks_g07_c01,3,0,2,0,0,0,white,Nunchucks
v_Nunchucks_g10_c04,0,4,1,0,0,0,asian,Nunchucks
v_Nunchucks_g14_c01,4,0,1,0,0,0,white,Nunchucks
v_Nunchucks_g14_c02,3,0,2,0,0,0,white,Nunchucks
v_Nunchucks_g18_c02,3,2,0,0,0,0,white,Nunchucks
v_Nunchucks_g18_c06,3,2,0,0,0,0,white,Nunchucks
v_Nunchucks_g21_c01,1,4,0,0,0,0,asian,Nunchucks
v_Nunchucks_g22_c03,4,0,1,0,0,0,white,Nunchucks
v_Nunchucks_g25_c03,0,2,3,0,0,0,black,Nunchucks
v_Nunchucks_g25_c06,0,1,4,0,0,0,black,Nunchucks
v_ParallelBars_g02_c04,1,4,0,0,0,0,asian,ParallelBars
v_ParallelBars_g04_c02,4,1,0,0,0,0,white,ParallelBars
v_ParallelBars_g04_c03,4,0,1,0,0,0,white,ParallelBars
v_ParallelBars_g04_c04,5,0,0,0,0,0,white,ParallelBars
v_ParallelBars_g05_c02,2,0,3,0,0,0,black,ParallelBars
v_ParallelBars_g10_c02,4,1,0,0,0,0,white,ParallelBars
v_ParallelBars_g10_c04,5,0,0,0,0,0,white,ParallelBars
v_ParallelBars_g14_c04,1,4,0,0,0,0,asian,ParallelBars
v_ParallelBars_g16_c02,2,3,0,0,0,0,asian,ParallelBars
v_ParallelBars_g21_c04,0,5,0,0,0,0,asian,ParallelBars
v_ParallelBars_g25_c04,2,0,3,0,0,0,black,ParallelBars
v_PizzaTossing_g02_c05,2,3,0,0,0,0,asian,PizzaTossing
v_PizzaTossing_g06_c01,2,0,3,0,0,0,black,PizzaTossing
v_PizzaTossing_g06_c05,1,0,4,0,0,0,black,PizzaTossing
v_PizzaTossing_g08_c02,3,0,2,0,0,0,white,PizzaTossing
v_PizzaTossing_g14_c03,2,0,3,0,0,0,black,PizzaTossing
v_PizzaTossing_g17_c03,2,0,3,0,0,0,black,PizzaTossing
v_PizzaTossing_g22_c01,0,1,4,0,0,0,black,PizzaTossing
v_PizzaTossing_g24_c04,0,0,5,0,0,0,black,PizzaTossing
v_PizzaTossing_g25_c03,1,4,0,0,0,0,asian,PizzaTossing
v_PlayingCello_g05_c01,3,2,0,0,0,0,white,PlayingCello
v_PlayingCello_g05_c04,2,2,1,0,0,0,white,PlayingCello
v_PlayingCello_g05_c07,4,0,1,0,0,0,white,PlayingCello
v_PlayingCello_g10_c04,0,5,0,0,0,0,asian,PlayingCello
v_PlayingCello_g10_c07,1,4,0,0,0,0,asian,PlayingCello
v_PlayingCello_g14_c04,3,2,0,0,0,0,white,PlayingCello
v_PlayingCello_g23_c01,3,0,2,0,0,0,white,PlayingCello
v_PlayingCello_g23_c02,3,0,2,0,0,0,white,PlayingCello
v_PlayingCello_g23_c06,3,0,2,0,0,0,white,PlayingCello
v_PlayingCello_g24_c02,2,3,0,0,0,0,asian,PlayingCello
v_PlayingCello_g24_c04,2,3,0,0,0,0,asian,PlayingCello
v_PlayingCello_g24_c06,1,4,0,0,0,0,asian,PlayingCello
v_PlayingCello_g25_c05,5,0,0,0,0,0,white,PlayingCello
v_PlayingCello_g25_c06,5,0,0,0,0,0,white,PlayingCello
v_PlayingCello_g25_c07,5,0,0,0,0,0,white,PlayingCello
v_PlayingDaf_g01_c03,2,3,0,0,0,0,asian,PlayingDaf
v_PlayingDaf_g04_c01,2,3,0,0,0,0,asian,PlayingDaf
v_PlayingDaf_g04_c02,2,3,0,0,0,0,asian,PlayingDaf
v_PlayingDaf_g05_c03,0,3,2,0,0,0,asian,PlayingDaf
v_PlayingDaf_g05_c05,1,2,2,0,0,0,asian,PlayingDaf
v_PlayingDaf_g05_c06,1,3,1,0,0,0,asian,PlayingDaf
v_PlayingDaf_g09_c02,0,1,4,0,0,0,black,PlayingDaf
v_PlayingDaf_g09_c05,0,0,5,0,0,0,black,PlayingDaf
v_PlayingDaf_g12_c03,2,2,1,0,0,0,white,PlayingDaf
v_PlayingDaf_g14_c05,1,4,0,0,0,0,asian,PlayingDaf
v_PlayingDaf_g14_c07,0,3,2,0,0,0,asian,PlayingDaf
v_PlayingDaf_g15_c05,2,3,0,0,0,0,asian,PlayingDaf
v_PlayingDaf_g15_c06,2,3,0,0,0,0,asian,PlayingDaf
v_PlayingDaf_g15_c07,1,4,0,0,0,0,asian,PlayingDaf
v_PlayingDaf_g19_c04,3,2,0,0,0,0,white,PlayingDaf
v_PlayingDaf_g20_c01,5,0,0,0,0,0,white,PlayingDaf
v_PlayingDaf_g20_c05,3,2,0,0,0,0,white,PlayingDaf
v_PlayingDaf_g20_c06,3,2,0,0,0,0,white,PlayingDaf
v_PlayingDhol_g01_c01,0,1,3,0,1,0,black,PlayingDhol
v_PlayingDhol_g03_c01,0,3,2,0,0,0,asian,PlayingDhol
v_PlayingDhol_g07_c01,0,1,4,0,0,0,black,PlayingDhol
v_PlayingDhol_g07_c06,0,2,3,0,0,0,black,PlayingDhol
v_PlayingDhol_g07_c07,0,1,4,0,0,0,black,PlayingDhol
v_PlayingDhol_g08_c03,1,4,0,0,0,0,asian,PlayingDhol
v_PlayingDhol_g09_c01,0,1,3,0,1,0,black,PlayingDhol
v_PlayingDhol_g09_c02,0,1,1,0,3,0,indian,PlayingDhol
v_PlayingDhol_g09_c03,0,2,0,0,3,0,indian,PlayingDhol
v_PlayingDhol_g17_c05,0,2,3,0,0,0,black,PlayingDhol
v_PlayingDhol_g18_c06,0,1,0,0,4,0,indian,PlayingDhol
v_PlayingDhol_g19_c01,0,3,2,0,0,0,asian,PlayingDhol
v_PlayingDhol_g19_c03,0,3,2,0,0,0,asian,PlayingDhol
v_PlayingDhol_g19_c05,0,3,2,0,0,0,asian,PlayingDhol
v_PlayingDhol_g25_c03,3,0,2,0,0,0,white,PlayingDhol
v_PlayingDhol_g25_c04,2,1,2,0,0,0,white,PlayingDhol
v_PlayingDhol_g25_c06,2,3,0,0,0,0,asian,PlayingDhol
v_PlayingDhol_g25_c07,2,1,2,0,0,0,white,PlayingDhol
v_PlayingFlute_g05_c01,0,0,5,0,0,0,black,PlayingFlute
v_PlayingFlute_g05_c03,0,2,3,0,0,0,black,PlayingFlute
v_PlayingFlute_g08_c02,4,1,0,0,0,0,white,PlayingFlute
v_PlayingFlute_g08_c05,4,1,0,0,0,0,white,PlayingFlute
v_PlayingFlute_g12_c04,3,2,0,0,0,0,white,PlayingFlute
v_PlayingFlute_g14_c04,0,2,3,0,0,0,black,PlayingFlute
v_PlayingFlute_g17_c02,2,3,0,0,0,0,asian,PlayingFlute
v_PlayingFlute_g18_c04,0,2,3,0,0,0,black,PlayingFlute
v_PlayingGuitar_g03_c01,4,1,0,0,0,0,white,PlayingGuitar
v_PlayingGuitar_g03_c03,3,2,0,0,0,0,white,PlayingGuitar
v_PlayingGuitar_g03_c04,3,2,0,0,0,0,white,PlayingGuitar
v_PlayingGuitar_g06_c05,2,0,3,0,0,0,black,PlayingGuitar
v_PlayingGuitar_g18_c02,4,0,1,0,0,0,white,PlayingGuitar
v_PlayingGuitar_g18_c03,1,2,2,0,0,0,asian,PlayingGuitar
v_PlayingGuitar_g22_c05,0,5,0,0,0,0,asian,PlayingGuitar
v_PlayingPiano_g02_c02,0,2,3,0,0,0,black,PlayingPiano
v_PlayingPiano_g02_c03,3,2,0,0,0,0,white,PlayingPiano
v_PlayingPiano_g03_c01,2,1,2,0,0,0,white,PlayingPiano
v_PlayingPiano_g03_c03,3,2,0,0,0,0,white,PlayingPiano
v_PlayingPiano_g04_c04,3,2,0,0,0,0,white,PlayingPiano
v_PlayingPiano_g20_c01,2,2,1,0,0,0,white,PlayingPiano
v_PlayingPiano_g20_c02,5,0,0,0,0,0,white,PlayingPiano
v_PlayingPiano_g21_c04,2,0,3,0,0,0,black,PlayingPiano
v_PlayingSitar_g02_c03,0,2,3,0,0,0,black,PlayingSitar
v_PlayingSitar_g08_c01,0,3,2,0,0,0,asian,PlayingSitar
v_PlayingSitar_g08_c02,0,3,2,0,0,0,asian,PlayingSitar
v_PlayingSitar_g08_c07,0,5,0,0,0,0,asian,PlayingSitar
v_PlayingSitar_g09_c01,1,0,2,0,2,0,black,PlayingSitar
v_PlayingSitar_g09_c03,3,2,0,0,0,0,white,PlayingSitar
v_PlayingSitar_g09_c06,0,1,2,0,2,0,black,PlayingSitar
v_PlayingSitar_g09_c07,0,0,2,0,3,0,indian,PlayingSitar
v_PlayingSitar_g11_c02,0,3,1,0,1,0,asian,PlayingSitar
v_PlayingSitar_g11_c07,0,2,1,0,2,0,asian,PlayingSitar
v_PlayingSitar_g12_c04,0,3,2,0,0,0,asian,PlayingSitar
v_PlayingSitar_g14_c01,0,2,0,0,3,0,indian,PlayingSitar
v_PlayingSitar_g14_c03,0,0,0,0,5,0,indian,PlayingSitar
v_PlayingSitar_g16_c04,3,2,0,0,0,0,white,PlayingSitar
v_PlayingSitar_g16_c07,5,0,0,0,0,0,white,PlayingSitar
v_PlayingSitar_g17_c04,2,0,0,0,3,0,indian,PlayingSitar
v_PlayingSitar_g18_c04,3,0,0,0,2,0,white,PlayingSitar
v_PlayingSitar_g18_c05,4,0,0,0,1,0,white,PlayingSitar
v_PlayingSitar_g18_c06,3,0,0,0,2,0,white,PlayingSitar
v_PlayingSitar_g24_c03,0,0,1,0,4,0,indian,PlayingSitar
v_PlayingSitar_g24_c04,0,0,2,0,3,0,indian,PlayingSitar
v_PlayingSitar_g24_c05,0,0,1,0,4,0,indian,PlayingSitar
v_PlayingSitar_g24_c07,2,0,2,0,1,0,white,PlayingSitar
v_PlayingTabla_g02_c02,2,0,0,0,3,0,indian,PlayingTabla
v_PlayingTabla_g05_c02,0,1,0,0,4,0,indian,PlayingTabla
v_PlayingTabla_g06_c01,0,4,1,0,0,0,asian,PlayingTabla
v_PlayingTabla_g07_c01,0,2,0,0,3,0,indian,PlayingTabla
v_PlayingTabla_g07_c02,0,1,0,0,4,0,indian,PlayingTabla
v_PlayingTabla_g16_c01,3,0,0,0,2,0,white,PlayingTabla
v_PlayingTabla_g16_c02,3,0,0,0,2,0,white,PlayingTabla
v_PlayingTabla_g17_c01,0,3,0,0,2,0,asian,PlayingTabla
v_PlayingTabla_g22_c04,0,4,0,0,1,0,asian,PlayingTabla
v_PlayingTabla_g24_c02,0,1,0,0,4,0,indian,PlayingTabla
v_PlayingViolin_g01_c01,0,1,4,0,0,0,black,PlayingViolin
v_PlayingViolin_g02_c01,2,3,0,0,0,0,asian,PlayingViolin
v_PlayingViolin_g08_c01,2,3,0,0,0,0,asian,PlayingViolin
v_PlayingViolin_g09_c01,1,0,4,0,0,0,black,PlayingViolin
v_PoleVault_g02_c07,3,0,2,0,0,0,white,PoleVault
v_PoleVault_g03_c03,0,1,4,0,0,0,black,PoleVault
v_PoleVault_g03_c05,1,1,3,0,0,0,black,PoleVault
v_PoleVault_g04_c03,1,0,4,0,0,0,black,PoleVault
v_PoleVault_g04_c04,1,1,3,0,0,0,black,PoleVault
v_PoleVault_g04_c06,0,0,5,0,0,0,black,PoleVault
v_PoleVault_g08_c04,0,0,5,0,0,0,black,PoleVault
v_PoleVault_g09_c02,4,0,1,0,0,0,white,PoleVault
v_PoleVault_g09_c03,5,0,0,0,0,0,white,PoleVault
v_PoleVault_g11_c01,2,0,3,0,0,0,black,PoleVault
v_PoleVault_g11_c03,1,1,3,0,0,0,black,PoleVault
v_PoleVault_g12_c05,2,0,3,0,0,0,black,PoleVault
v_PoleVault_g13_c05,2,0,3,0,0,0,black,PoleVault
v_PoleVault_g14_c01,5,0,0,0,0,0,white,PoleVault
v_PoleVault_g14_c03,4,1,0,0,0,0,white,PoleVault
v_PoleVault_g14_c06,5,0,0,0,0,0,white,PoleVault
v_PoleVault_g17_c04,2,0,3,0,0,0,black,PoleVault
v_PoleVault_g17_c06,1,0,4,0,0,0,black,PoleVault
v_PoleVault_g17_c07,0,0,5,0,0,0,black,PoleVault
v_PoleVault_g18_c01,3,0,2,0,0,0,white,PoleVault
v_PoleVault_g19_c03,3,0,2,0,0,0,white,PoleVault
v_PoleVault_g19_c05,5,0,0,0,0,0,white,PoleVault
v_PoleVault_g19_c07,5,0,0,0,0,0,white,PoleVault
v_PoleVault_g20_c03,2,0,3,0,0,0,black,PoleVault
v_PoleVault_g20_c04,0,1,4,0,0,0,black,PoleVault
v_PoleVault_g21_c02,1,0,4,0,0,0,black,PoleVault
v_PoleVault_g21_c05,0,0,5,0,0,0,black,PoleVault
v_PoleVault_g21_c06,0,0,5,0,0,0,black,PoleVault
v_PoleVault_g22_c04,2,0,3,0,0,0,black,PoleVault
v_PoleVault_g24_c01,0,0,5,0,0,0,black,PoleVault
v_PoleVault_g24_c05,2,0,3,0,0,0,black,PoleVault
v_PommelHorse_g12_c05,0,5,0,0,0,0,asian,PommelHorse
v_PommelHorse_g12_c06,1,4,0,0,0,0,asian,PommelHorse
v_PommelHorse_g17_c03,2,0,3,0,0,0,black,PommelHorse
v_PommelHorse_g20_c01,1,0,4,0,0,0,black,PommelHorse
v_PommelHorse_g20_c02,1,0,4,0,0,0,black,PommelHorse
v_PommelHorse_g20_c03,0,0,5,0,0,0,black,PommelHorse
v_PullUps_g02_c03,4,0,1,0,0,0,white,PullUps
v_PullUps_g02_c04,5,0,0,0,0,0,white,PullUps
v_PullUps_g03_c01,0,5,0,0,0,0,asian,PullUps
v_PullUps_g04_c02,2,0,3,0,0,0,black,PullUps
v_PullUps_g05_c01,1,0,4,0,0,0,black,PullUps
v_PullUps_g19_c03,2,3,0,0,0,0,asian,PullUps
v_PullUps_g23_c01,2,0,3,0,0,0,black,PullUps
v_PullUps_g23_c04,4,1,0,0,0,0,white,PullUps
v_Punch_g01_c01,2,0,3,0,0,0,black,Punch
v_Punch_g04_c01,4,0,1,0,0,0,white,Punch
v_Punch_g04_c04,3,0,2,0,0,0,white,Punch
v_Punch_g05_c01,5,0,0,0,0,0,white,Punch
v_Punch_g05_c03,3,0,2,0,0,0,white,Punch
v_Punch_g05_c05,3,0,2,0,0,0,white,Punch
v_Punch_g06_c04,4,0,1,0,0,0,white,Punch
v_Punch_g08_c02,2,0,3,0,0,0,black,Punch
v_Punch_g08_c06,2,0,3,0,0,0,black,Punch
v_Punch_g10_c02,0,4,1,0,0,0,asian,Punch
v_Punch_g11_c04,3,0,2,0,0,0,white,Punch
v_Punch_g11_c05,3,0,2,0,0,0,white,Punch
v_Punch_g11_c07,5,0,0,0,0,0,white,Punch
v_Punch_g12_c03,2,0,3,0,0,0,black,Punch
v_Punch_g14_c04,3,0,2,0,0,0,white,Punch
v_Punch_g17_c02,4,0,1,0,0,0,white,Punch
v_Punch_g18_c01,0,0,5,0,0,0,black,Punch
v_Punch_g18_c05,0,3,2,0,0,0,asian,Punch
v_Punch_g18_c07,0,1,4,0,0,0,black,Punch
v_Punch_g19_c01,3,0,2,0,0,0,white,Punch
v_Punch_g20_c04,2,0,3,0,0,0,black,Punch
v_Punch_g21_c03,2,0,3,0,0,0,black,Punch
v_Punch_g21_c05,1,0,4,0,0,0,black,Punch
v_Punch_g23_c03,4,0,1,0,0,0,white,Punch
v_Punch_g24_c02,2,0,3,0,0,0,black,Punch
v_Punch_g24_c03,1,0,4,0,0,0,black,Punch
v_Punch_g24_c05,2,0,3,0,0,0,black,Punch
v_Punch_g25_c03,0,0,5,0,0,0,black,Punch
v_Punch_g25_c06,0,0,5,0,0,0,black,Punch
v_Punch_g25_c07,0,0,5,0,0,0,black,Punch
v_PushUps_g06_c04,0,2,3,0,0,0,black,PushUps
v_PushUps_g07_c04,3,0,2,0,0,0,white,PushUps
v_RockClimbingIndoor_g02_c05,5,0,0,0,0,0,white,RockClimbingIndoor
v_RockClimbingIndoor_g12_c01,2,0,3,0,0,0,black,RockClimbingIndoor
v_RockClimbingIndoor_g12_c02,0,1,4,0,0,0,black,RockClimbingIndoor
v_RockClimbingIndoor_g12_c04,1,3,1,0,0,0,asian,RockClimbingIndoor
v_RockClimbingIndoor_g14_c03,3,2,0,0,0,0,white,RockClimbingIndoor
v_RockClimbingIndoor_g14_c05,5,0,0,0,0,0,white,RockClimbingIndoor
v_RockClimbingIndoor_g15_c02,1,0,4,0,0,0,black,RockClimbingIndoor
v_RockClimbingIndoor_g16_c01,1,4,0,0,0,0,asian,RockClimbingIndoor
v_RockClimbingIndoor_g16_c02,2,3,0,0,0,0,asian,RockClimbingIndoor
v_RockClimbingIndoor_g20_c01,0,5,0,0,0,0,asian,RockClimbingIndoor
v_RockClimbingIndoor_g21_c01,1,4,0,0,0,0,asian,RockClimbingIndoor
v_RockClimbingIndoor_g21_c05,2,3,0,0,0,0,asian,RockClimbingIndoor
v_RockClimbingIndoor_g23_c04,1,4,0,0,0,0,asian,RockClimbingIndoor
v_RopeClimbing_g01_c04,2,0,3,0,0,0,black,RopeClimbing
v_RopeClimbing_g02_c01,1,0,4,0,0,0,black,RopeClimbing
v_RopeClimbing_g02_c02,1,0,4,0,0,0,black,RopeClimbing
v_RopeClimbing_g08_c03,4,0,1,0,0,0,white,RopeClimbing
v_RopeClimbing_g08_c04,4,0,1,0,0,0,white,RopeClimbing
v_RopeClimbing_g23_c02,1,1,3,0,0,0,black,RopeClimbing
v_Rowing_g02_c01,0,1,4,0,0,0,black,Rowing
v_Rowing_g02_c03,1,0,4,0,0,0,black,Rowing
v_Rowing_g07_c03,0,2,3,0,0,0,black,Rowing
v_Rowing_g08_c03,2,0,3,0,0,0,black,Rowing
v_Rowing_g10_c05,1,0,4,0,0,0,black,Rowing
v_Rowing_g10_c06,2,0,3,0,0,0,black,Rowing
v_Rowing_g18_c04,2,0,3,0,0,0,black,Rowing
v_Rowing_g25_c05,3,0,2,0,0,0,white,Rowing
v_SalsaSpin_g09_c05,0,4,1,0,0,0,asian,SalsaSpin
v_SalsaSpin_g12_c03,4,0,1,0,0,0,white,SalsaSpin
v_SalsaSpin_g12_c04,3,0,2,0,0,0,white,SalsaSpin
v_SalsaSpin_g16_c05,3,0,2,0,0,0,white,SalsaSpin
v_SalsaSpin_g25_c02,3,0,2,0,0,0,white,SalsaSpin
v_ShavingBeard_g01_c01,1,0,4,0,0,0,black,ShavingBeard
v_ShavingBeard_g04_c04,4,0,1,0,0,0,white,ShavingBeard
v_ShavingBeard_g05_c04,0,0,5,0,0,0,black,ShavingBeard
v_ShavingBeard_g05_c05,0,2,3,0,0,0,black,ShavingBeard
v_ShavingBeard_g05_c07,0,2,3,0,0,0,black,ShavingBeard
v_ShavingBeard_g06_c07,2,3,0,0,0,0,asian,ShavingBeard
v_ShavingBeard_g07_c01,1,4,0,0,0,0,asian,ShavingBeard
v_ShavingBeard_g07_c02,1,4,0,0,0,0,asian,ShavingBeard
v_ShavingBeard_g07_c03,2,3,0,0,0,0,asian,ShavingBeard
v_ShavingBeard_g09_c03,2,0,3,0,0,0,black,ShavingBeard
v_ShavingBeard_g10_c01,4,1,0,0,0,0,white,ShavingBeard
v_ShavingBeard_g10_c02,5,0,0,0,0,0,white,ShavingBeard
v_ShavingBeard_g10_c07,5,0,0,0,0,0,white,ShavingBeard
v_ShavingBeard_g12_c05,3,0,2,0,0,0,white,ShavingBeard
v_ShavingBeard_g13_c02,5,0,0,0,0,0,white,ShavingBeard
v_ShavingBeard_g13_c04,2,2,1,0,0,0,white,ShavingBeard
v_ShavingBeard_g13_c05,1,3,1,0,0,0,asian,ShavingBeard
v_ShavingBeard_g14_c06,3,0,2,0,0,0,white,ShavingBeard
v_ShavingBeard_g20_c05,3,0,2,0,0,0,white,ShavingBeard
v_ShavingBeard_g20_c06,4,0,1,0,0,0,white,ShavingBeard
v_ShavingBeard_g20_c07,4,0,1,0,0,0,white,ShavingBeard
v_ShavingBeard_g21_c04,1,4,0,0,0,0,asian,ShavingBeard
v_ShavingBeard_g21_c06,4,0,1,0,0,0,white,ShavingBeard
v_ShavingBeard_g25_c04,0,5,0,0,0,0,asian,ShavingBeard
v_ShavingBeard_g25_c06,1,4,0,0,0,0,asian,ShavingBeard
v_Shotput_g06_c02,3,0,2,0,0,0,white,Shotput
v_Shotput_g06_c05,5,0,0,0,0,0,white,Shotput
v_Shotput_g06_c06,4,0,1,0,0,0,white,Shotput
v_Shotput_g07_c04,1,0,4,0,0,0,black,Shotput
v_Shotput_g07_c07,0,0,5,0,0,0,black,Shotput
v_Shotput_g09_c03,0,0,5,0,0,0,black,Shotput
v_Shotput_g09_c04,1,0,4,0,0,0,black,Shotput
v_Shotput_g09_c05,0,0,5,0,0,0,black,Shotput
v_Shotput_g10_c02,5,0,0,0,0,0,white,Shotput
v_Shotput_g10_c04,5,0,0,0,0,0,white,Shotput
v_Shotput_g15_c02,4,0,1,0,0,0,white,Shotput
v_Shotput_g15_c03,5,0,0,0,0,0,white,Shotput
v_Shotput_g15_c07,5,0,0,0,0,0,white,Shotput
v_Shotput_g17_c01,1,0,4,0,0,0,black,Shotput
v_Shotput_g17_c05,2,3,0,0,0,0,asian,Shotput
v_Shotput_g20_c03,2,1,2,0,0,0,white,Shotput
v_Shotput_g23_c02,1,0,4,0,0,0,black,Shotput
v_Shotput_g23_c03,1,0,4,0,0,0,black,Shotput
v_Shotput_g23_c06,0,0,5,0,0,0,black,Shotput
v_Shotput_g24_c04,5,0,0,0,0,0,white,Shotput
v_SkateBoarding_g02_c01,1,2,2,0,0,0,asian,SkateBoarding
v_SkateBoarding_g02_c04,0,0,5,0,0,0,black,SkateBoarding
v_SkateBoarding_g04_c02,2,2,1,0,0,0,white,SkateBoarding
v_SkateBoarding_g04_c05,4,1,0,0,0,0,white,SkateBoarding
v_SkateBoarding_g07_c03,2,0,3,0,0,0,black,SkateBoarding
v_SkateBoarding_g07_c04,5,0,0,0,0,0,white,SkateBoarding
v_SkateBoarding_g07_c05,3,0,2,0,0,0,white,SkateBoarding
v_SkateBoarding_g10_c05,5,0,0,0,0,0,white,SkateBoarding
v_SkateBoarding_g10_c06,5,0,0,0,0,0,white,SkateBoarding
v_SkateBoarding_g10_c07,5,0,0,0,0,0,white,SkateBoarding
v_SkateBoarding_g11_c01,2,0,3,0,0,0,black,SkateBoarding
v_SkateBoarding_g11_c05,0,1,4,0,0,0,black,SkateBoarding
v_SkateBoarding_g13_c03,5,0,0,0,0,0,white,SkateBoarding
v_SkateBoarding_g14_c04,2,3,0,0,0,0,asian,SkateBoarding
v_SkateBoarding_g15_c05,0,0,5,0,0,0,black,SkateBoarding
v_SkateBoarding_g16_c03,0,0,5,0,0,0,black,SkateBoarding
v_SkateBoarding_g16_c04,0,0,5,0,0,0,black,SkateBoarding
v_SkateBoarding_g17_c01,5,0,0,0,0,0,white,SkateBoarding
v_SkateBoarding_g17_c02,2,3,0,0,0,0,asian,SkateBoarding
v_SkateBoarding_g18_c01,0,1,4,0,0,0,black,SkateBoarding
v_SkateBoarding_g18_c03,0,0,5,0,0,0,black,SkateBoarding
v_SkateBoarding_g20_c01,2,3,0,0,0,0,asian,SkateBoarding
v_SkateBoarding_g20_c03,2,0,3,0,0,0,black,SkateBoarding
v_SkateBoarding_g21_c04,2,0,3,0,0,0,black,SkateBoarding
v_SkateBoarding_g22_c02,5,0,0,0,0,0,white,SkateBoarding
v_SkateBoarding_g22_c03,1,2,2,0,0,0,asian,SkateBoarding
v_SkateBoarding_g22_c05,5,0,0,0,0,0,white,SkateBoarding
v_SkateBoarding_g23_c03,2,1,2,0,0,0,white,SkateBoarding
v_SkateBoarding_g23_c04,5,0,0,0,0,0,white,SkateBoarding
v_Skijet_g02_c01,0,2,3,0,0,0,black,Skijet
v_SkyDiving_g01_c02,2,3,0,0,0,0,asian,SkyDiving
v_SkyDiving_g02_c02,3,2,0,0,0,0,white,SkyDiving
v_SkyDiving_g02_c03,3,2,0,0,0,0,white,SkyDiving
v_SkyDiving_g03_c03,0,4,1,0,0,0,asian,SkyDiving
v_SkyDiving_g03_c05,1,4,0,0,0,0,asian,SkyDiving
v_SkyDiving_g04_c03,0,1,4,0,0,0,black,SkyDiving
v_SkyDiving_g06_c01,2,3,0,0,0,0,asian,SkyDiving
v_SkyDiving_g07_c01,1,0,4,0,0,0,black,SkyDiving
v_SkyDiving_g07_c03,1,0,4,0,0,0,black,SkyDiving
v_SkyDiving_g11_c01,0,4,1,0,0,0,asian,SkyDiving
v_SkyDiving_g11_c02,2,2,1,0,0,0,white,SkyDiving
v_SkyDiving_g12_c01,0,4,1,0,0,0,asian,SkyDiving
v_SkyDiving_g14_c02,2,0,3,0,0,0,black,SkyDiving
v_SkyDiving_g16_c01,2,1,2,0,0,0,white,SkyDiving
v_SkyDiving_g20_c01,1,4,0,0,0,0,asian,SkyDiving
v_SkyDiving_g20_c04,2,3,0,0,0,0,asian,SkyDiving
v_SkyDiving_g21_c04,0,3,2,0,0,0,asian,SkyDiving
v_SkyDiving_g23_c02,4,1,0,0,0,0,white,SkyDiving
v_SkyDiving_g24_c01,0,0,5,0,0,0,black,SkyDiving
v_SkyDiving_g24_c04,5,0,0,0,0,0,white,SkyDiving
v_SkyDiving_g25_c01,1,4,0,0,0,0,asian,SkyDiving
v_SkyDiving_g25_c03,3,2,0,0,0,0,white,SkyDiving
v_SoccerJuggling_g05_c03,3,0,2,0,0,0,white,SoccerJuggling
v_SoccerJuggling_g05_c04,3,0,2,0,0,0,white,SoccerJuggling
v_SoccerJuggling_g08_c01,2,0,3,0,0,0,black,SoccerJuggling
v_SoccerJuggling_g09_c01,2,0,3,0,0,0,black,SoccerJuggling
v_SoccerJuggling_g09_c05,1,0,4,0,0,0,black,SoccerJuggling
v_SoccerJuggling_g09_c07,1,0,4,0,0,0,black,SoccerJuggling
v_SoccerJuggling_g11_c04,1,0,4,0,0,0,black,SoccerJuggling
v_SoccerJuggling_g11_c06,2,0,3,0,0,0,black,SoccerJuggling
v_SoccerJuggling_g13_c01,2,0,3,0,0,0,black,SoccerJuggling
v_SoccerJuggling_g13_c03,1,1,3,0,0,0,black,SoccerJuggling
v_SoccerJuggling_g14_c01,2,0,3,0,0,0,black,SoccerJuggling
v_SoccerJuggling_g22_c05,1,4,0,0,0,0,asian,SoccerJuggling
v_SoccerJuggling_g25_c04,4,0,1,0,0,0,white,SoccerJuggling
v_SoccerPenalty_g01_c01,5,0,0,0,0,0,white,SoccerPenalty
v_SoccerPenalty_g01_c02,2,2,1,0,0,0,white,SoccerPenalty
v_SoccerPenalty_g02_c02,1,0,4,0,0,0,black,SoccerPenalty
v_SoccerPenalty_g06_c06,2,0,3,0,0,0,black,SoccerPenalty
v_SoccerPenalty_g08_c01,4,1,0,0,0,0,white,SoccerPenalty
v_SoccerPenalty_g08_c04,0,2,3,0,0,0,black,SoccerPenalty
v_SoccerPenalty_g09_c03,2,3,0,0,0,0,asian,SoccerPenalty
v_SoccerPenalty_g10_c03,0,0,5,0,0,0,black,SoccerPenalty
v_SoccerPenalty_g10_c05,1,0,4,0,0,0,black,SoccerPenalty
v_SoccerPenalty_g11_c04,1,0,4,0,0,0,black,SoccerPenalty
v_SoccerPenalty_g11_c05,3,0,2,0,0,0,white,SoccerPenalty
v_SoccerPenalty_g12_c07,2,0,3,0,0,0,black,SoccerPenalty
v_SoccerPenalty_g16_c05,0,2,3,0,0,0,black,SoccerPenalty
v_SoccerPenalty_g19_c02,1,3,1,0,0,0,asian,SoccerPenalty
v_SoccerPenalty_g19_c03,0,2,3,0,0,0,black,SoccerPenalty
v_SoccerPenalty_g20_c03,4,0,1,0,0,0,white,SoccerPenalty
v_SoccerPenalty_g21_c01,0,0,5,0,0,0,black,SoccerPenalty
v_SoccerPenalty_g21_c03,2,0,3,0,0,0,black,SoccerPenalty
v_SoccerPenalty_g24_c05,1,1,3,0,0,0,black,SoccerPenalty
v_StillRings_g01_c02,5,0,0,0,0,0,white,StillRings
v_StillRings_g01_c05,3,2,0,0,0,0,white,StillRings
v_StillRings_g02_c04,1,4,0,0,0,0,asian,StillRings
v_StillRings_g03_c01,5,0,0,0,0,0,white,StillRings
v_StillRings_g03_c03,5,0,0,0,0,0,white,StillRings
v_StillRings_g04_c01,4,1,0,0,0,0,white,StillRings
v_StillRings_g05_c03,5,0,0,0,0,0,white,StillRings
v_StillRings_g05_c04,5,0,0,0,0,0,white,StillRings
v_StillRings_g06_c03,2,3,0,0,0,0,asian,StillRings
v_StillRings_g09_c02,4,1,0,0,0,0,white,StillRings
v_StillRings_g09_c03,5,0,0,0,0,0,white,StillRings
v_StillRings_g11_c03,2,3,0,0,0,0,asian,StillRings
v_StillRings_g12_c01,5,0,0,0,0,0,white,StillRings
v_StillRings_g12_c02,5,0,0,0,0,0,white,StillRings
v_StillRings_g13_c02,5,0,0,0,0,0,white,StillRings
v_StillRings_g14_c02,2,3,0,0,0,0,asian,StillRings
v_StillRings_g17_c04,2,3,0,0,0,0,asian,StillRings
v_StillRings_g18_c02,2,3,0,0,0,0,asian,StillRings
v_StillRings_g20_c04,0,5,0,0,0,0,asian,StillRings
v_SumoWrestling_g01_c02,0,5,0,0,0,0,asian,SumoWrestling
v_SumoWrestling_g04_c01,0,4,1,0,0,0,asian,SumoWrestling
v_SumoWrestling_g05_c01,3,2,0,0,0,0,white,SumoWrestling
v_SumoWrestling_g05_c02,3,2,0,0,0,0,white,SumoWrestling
v_SumoWrestling_g08_c01,2,3,0,0,0,0,asian,SumoWrestling
v_SumoWrestling_g09_c03,3,2,0,0,0,0,white,SumoWrestling
v_SumoWrestling_g10_c02,0,5,0,0,0,0,asian,SumoWrestling
v_SumoWrestling_g11_c03,0,5,0,0,0,0,asian,SumoWrestling
v_SumoWrestling_g13_c02,0,3,2,0,0,0,asian,SumoWrestling
v_SumoWrestling_g13_c05,0,3,2,0,0,0,asian,SumoWrestling
v_SumoWrestling_g15_c02,0,1,4,0,0,0,black,SumoWrestling
v_SumoWrestling_g17_c01,0,1,4,0,0,0,black,SumoWrestling
v_SumoWrestling_g17_c05,0,1,4,0,0,0,black,SumoWrestling
v_SumoWrestling_g23_c03,5,0,0,0,0,0,white,SumoWrestling
v_SumoWrestling_g23_c04,5,0,0,0,0,0,white,SumoWrestling
v_SumoWrestling_g24_c01,3,2,0,0,0,0,white,SumoWrestling
v_SumoWrestling_g25_c04,1,4,0,0,0,0,asian,SumoWrestling
v_Surfing_g05_c01,2,0,3,0,0,0,black,Surfing
v_Surfing_g13_c05,2,0,3,0,0,0,black,Surfing
v_Surfing_g17_c04,2,0,3,0,0,0,black,Surfing
v_Surfing_g25_c01,5,0,0,0,0,0,white,Surfing
v_Swing_g04_c05,2,0,3,0,0,0,black,Swing
v_Swing_g06_c03,2,0,3,0,0,0,black,Swing
v_Swing_g11_c02,2,3,0,0,0,0,asian,Swing
v_Swing_g11_c06,1,1,3,0,0,0,black,Swing
v_Swing_g20_c01,2,0,3,0,0,0,black,Swing
v_Swing_g20_c02,2,0,3,0,0,0,black,Swing
v_Swing_g23_c05,2,0,3,0,0,0,black,Swing
v_TableTennisShot_g01_c05,2,1,2,0,0,0,white,TableTennisShot
v_TableTennisShot_g01_c06,0,1,4,0,0,0,black,TableTennisShot
v_TableTennisShot_g04_c02,3,2,0,0,0,0,white,TableTennisShot
v_TableTennisShot_g04_c04,1,1,3,0,0,0,black,TableTennisShot
v_TableTennisShot_g05_c01,1,4,0,0,0,0,asian,TableTennisShot
v_TableTennisShot_g08_c03,2,3,0,0,0,0,asian,TableTennisShot
v_TableTennisShot_g14_c01,2,1,2,0,0,0,white,TableTennisShot
v_TableTennisShot_g14_c02,1,0,4,0,0,0,black,TableTennisShot
v_TableTennisShot_g14_c03,0,0,5,0,0,0,black,TableTennisShot
v_TableTennisShot_g16_c01,2,2,1,0,0,0,white,TableTennisShot
v_TableTennisShot_g22_c06,0,2,3,0,0,0,black,TableTennisShot
v_TaiChi_g08_c01,3,2,0,0,0,0,white,TaiChi
v_TaiChi_g08_c02,1,1,3,0,0,0,black,TaiChi
v_TaiChi_g10_c04,0,1,4,0,0,0,black,TaiChi
v_TaiChi_g12_c04,1,4,0,0,0,0,asian,TaiChi
v_TaiChi_g20_c03,2,3,0,0,0,0,asian,TaiChi
v_TaiChi_g21_c01,5,0,0,0,0,0,white,TaiChi
v_TaiChi_g21_c03,4,1,0,0,0,0,white,TaiChi
v_TennisSwing_g02_c06,3,2,0,0,0,0,white,TennisSwing
v_TennisSwing_g03_c04,3,0,2,0,0,0,white,TennisSwing
v_TennisSwing_g06_c02,1,4,0,0,0,0,asian,TennisSwing
v_TennisSwing_g06_c06,1,3,1,0,0,0,asian,TennisSwing
v_TennisSwing_g07_c05,0,0,5,0,0,0,black,TennisSwing
v_TennisSwing_g07_c06,1,0,4,0,0,0,black,TennisSwing
v_TennisSwing_g07_c07,0,0,5,0,0,0,black,TennisSwing
v_TennisSwing_g11_c03,3,2,0,0,0,0,white,TennisSwing
v_TennisSwing_g21_c05,2,0,3,0,0,0,black,TennisSwing
v_TennisSwing_g21_c06,1,0,4,0,0,0,black,TennisSwing
v_TennisSwing_g22_c02,3,2,0,0,0,0,white,TennisSwing
v_TennisSwing_g22_c03,3,2,0,0,0,0,white,TennisSwing
v_TennisSwing_g22_c05,4,1,0,0,0,0,white,TennisSwing
v_TennisSwing_g23_c01,5,0,0,0,0,0,white,TennisSwing
v_TennisSwing_g23_c03,1,1,3,0,0,0,black,TennisSwing
v_TennisSwing_g23_c04,0,0,5,0,0,0,black,TennisSwing
v_TennisSwing_g23_c05,5,0,0,0,0,0,white,TennisSwing
v_TennisSwing_g24_c01,0,5,0,0,0,0,asian,TennisSwing
v_TennisSwing_g24_c05,0,0,5,0,0,0,black,TennisSwing
v_ThrowDiscus_g01_c03,3,0,2,0,0,0,white,ThrowDiscus
v_ThrowDiscus_g01_c04,3,1,1,0,0,0,white,ThrowDiscus
v_ThrowDiscus_g02_c02,2,3,0,0,0,0,asian,ThrowDiscus
v_ThrowDiscus_g02_c07,2,0,3,0,0,0,black,ThrowDiscus
v_ThrowDiscus_g03_c04,2,0,3,0,0,0,black,ThrowDiscus
v_ThrowDiscus_g04_c01,2,0,3,0,0,0,black,ThrowDiscus
v_ThrowDiscus_g06_c03,5,0,0,0,0,0,white,ThrowDiscus
v_ThrowDiscus_g07_c03,1,0,4,0,0,0,black,ThrowDiscus
v_ThrowDiscus_g07_c06,1,0,4,0,0,0,black,ThrowDiscus
v_ThrowDiscus_g09_c01,1,3,1,0,0,0,asian,ThrowDiscus
v_ThrowDiscus_g09_c04,0,2,3,0,0,0,black,ThrowDiscus
v_ThrowDiscus_g10_c01,1,0,4,0,0,0,black,ThrowDiscus
v_ThrowDiscus_g11_c07,1,0,4,0,0,0,black,ThrowDiscus
v_ThrowDiscus_g12_c05,0,0,5,0,0,0,black,ThrowDiscus
v_ThrowDiscus_g13_c01,0,0,5,0,0,0,black,ThrowDiscus
v_ThrowDiscus_g13_c03,1,0,4,0,0,0,black,ThrowDiscus
v_ThrowDiscus_g14_c02,1,2,2,0,0,0,asian,ThrowDiscus
v_ThrowDiscus_g17_c02,0,5,0,0,0,0,asian,ThrowDiscus
v_ThrowDiscus_g19_c01,0,1,4,0,0,0,black,ThrowDiscus
v_ThrowDiscus_g19_c04,1,4,0,0,0,0,asian,ThrowDiscus
v_ThrowDiscus_g20_c02,1,3,1,0,0,0,asian,ThrowDiscus
v_ThrowDiscus_g20_c04,3,1,1,0,0,0,white,ThrowDiscus
v_ThrowDiscus_g22_c01,2,3,0,0,0,0,asian,ThrowDiscus
v_ThrowDiscus_g22_c03,5,0,0,0,0,0,white,ThrowDiscus
v_ThrowDiscus_g24_c03,0,1,4,0,0,0,black,ThrowDiscus
v_ThrowDiscus_g24_c04,0,1,4,0,0,0,black,ThrowDiscus
v_TrampolineJumping_g02_c01,1,0,4,0,0,0,black,TrampolineJumping
v_TrampolineJumping_g05_c04,0,0,5,0,0,0,black,TrampolineJumping
v_TrampolineJumping_g17_c01,3,0,2,0,0,0,white,TrampolineJumping
v_TrampolineJumping_g17_c02,3,1,1,0,0,0,white,TrampolineJumping
v_TrampolineJumping_g24_c04,1,2,2,0,0,0,asian,TrampolineJumping
v_Typing_g04_c01,3,2,0,0,0,0,white,Typing
v_Typing_g04_c03,3,2,0,0,0,0,white,Typing
v_Typing_g09_c04,2,0,3,0,0,0,black,Typing
v_Typing_g15_c04,4,0,1,0,0,0,white,Typing
v_Typing_g24_c03,0,2,3,0,0,0,black,Typing
v_UnevenBars_g12_c03,2,3,0,0,0,0,asian,UnevenBars
v_UnevenBars_g15_c06,5,0,0,0,0,0,white,UnevenBars
v_UnevenBars_g17_c01,4,1,0,0,0,0,white,UnevenBars
v_UnevenBars_g17_c02,5,0,0,0,0,0,white,UnevenBars
v_UnevenBars_g18_c04,2,3,0,0,0,0,asian,UnevenBars
v_UnevenBars_g20_c04,0,5,0,0,0,0,asian,UnevenBars
v_UnevenBars_g22_c02,1,4,0,0,0,0,asian,UnevenBars
v_UnevenBars_g23_c01,5,0,0,0,0,0,white,UnevenBars
v_UnevenBars_g23_c03,5,0,0,0,0,0,white,UnevenBars
v_UnevenBars_g24_c01,5,0,0,0,0,0,white,UnevenBars
v_UnevenBars_g24_c02,4,1,0,0,0,0,white,UnevenBars
v_UnevenBars_g25_c03,5,0,0,0,0,0,white,UnevenBars
v_UnevenBars_g25_c04,5,0,0,0,0,0,white,UnevenBars
v_VolleyballSpiking_g03_c01,2,0,3,0,0,0,black,VolleyballSpiking
v_VolleyballSpiking_g11_c06,5,0,0,0,0,0,white,VolleyballSpiking
v_VolleyballSpiking_g16_c04,2,0,3,0,0,0,black,VolleyballSpiking
v_VolleyballSpiking_g21_c04,0,0,5,0,0,0,black,VolleyballSpiking
v_WalkingWithDog_g01_c01,5,0,0,0,0,0,white,WalkingWithDog
v_WalkingWithDog_g01_c04,3,0,2,0,0,0,white,WalkingWithDog
v_WalkingWithDog_g03_c01,4,1,0,0,0,0,white,WalkingWithDog
v_WalkingWithDog_g03_c02,5,0,0,0,0,0,white,WalkingWithDog
v_WalkingWithDog_g04_c01,1,0,4,0,0,0,black,WalkingWithDog
v_WalkingWithDog_g04_c03,2,0,3,0,0,0,black,WalkingWithDog
v_WalkingWithDog_g06_c02,0,0,5,0,0,0,black,WalkingWithDog
v_WalkingWithDog_g06_c03,2,0,3,0,0,0,black,WalkingWithDog
v_WalkingWithDog_g07_c01,2,0,3,0,0,0,black,WalkingWithDog
v_WalkingWithDog_g07_c05,2,0,3,0,0,0,black,WalkingWithDog
v_WalkingWithDog_g08_c01,2,0,3,0,0,0,black,WalkingWithDog
v_WalkingWithDog_g08_c05,1,4,0,0,0,0,asian,WalkingWithDog
v_WalkingWithDog_g10_c02,1,0,4,0,0,0,black,WalkingWithDog
v_WalkingWithDog_g12_c04,0,0,5,0,0,0,black,WalkingWithDog
v_WalkingWithDog_g12_c05,1,0,4,0,0,0,black,WalkingWithDog
v_WalkingWithDog_g13_c03,5,0,0,0,0,0,white,WalkingWithDog
v_WalkingWithDog_g13_c05,4,0,1,0,0,0,white,WalkingWithDog
v_WalkingWithDog_g15_c04,5,0,0,0,0,0,white,WalkingWithDog
v_WalkingWithDog_g16_c02,5,0,0,0,0,0,white,WalkingWithDog
v_WalkingWithDog_g16_c03,5,0,0,0,0,0,white,WalkingWithDog
v_WalkingWithDog_g18_c03,2,0,3,0,0,0,black,WalkingWithDog
v_WalkingWithDog_g20_c01,2,0,3,0,0,0,black,WalkingWithDog
v_WalkingWithDog_g20_c02,1,0,4,0,0,0,black,WalkingWithDog
v_WalkingWithDog_g20_c04,0,0,5,0,0,0,black,WalkingWithDog
v_WalkingWithDog_g21_c01,5,0,0,0,0,0,white,WalkingWithDog
v_WalkingWithDog_g22_c01,5,0,0,0,0,0,white,WalkingWithDog
v_WalkingWithDog_g22_c02,4,1,0,0,0,0,white,WalkingWithDog
v_WalkingWithDog_g23_c01,0,0,5,0,0,0,black,WalkingWithDog
v_WalkingWithDog_g25_c01,0,0,5,0,0,0,black,WalkingWithDog
v_WalkingWithDog_g25_c02,1,0,4,0,0,0,black,WalkingWithDog
v_WallPushups_g22_c03,4,1,0,0,0,0,white,WallPushups
v_WallPushups_g22_c04,4,1,0,0,0,0,white,WallPushups
v_WritingOnBoard_g10_c04,2,0,3,0,0,0,black,WritingOnBoard
v_WritingOnBoard_g10_c05,1,0,4,0,0,0,black,WritingOnBoard
v_WritingOnBoard_g10_c07,0,0,5,0,0,0,black,WritingOnBoard
v_WritingOnBoard_g16_c03,0,0,5,0,0,0,black,WritingOnBoard
v_WritingOnBoard_g17_c01,5,0,0,0,0,0,white,WritingOnBoard
v_WritingOnBoard_g17_c02,5,0,0,0,0,0,white,WritingOnBoard
v_WritingOnBoard_g20_c02,1,0,4,0,0,0,black,WritingOnBoard
v_WritingOnBoard_g21_c01,0,0,5,0,0,0,black,WritingOnBoard
v_WritingOnBoard_g21_c02,2,2,1,0,0,0,white,WritingOnBoard
v_WritingOnBoard_g21_c04,1,0,4,0,0,0,black,WritingOnBoard
v_WritingOnBoard_g21_c07,3,2,0,0,0,0,white,WritingOnBoard
v_WritingOnBoard_g23_c01,2,0,3,0,0,0,black,WritingOnBoard
v_YoYo_g02_c02,3,1,1,0,0,0,white,YoYo
v_YoYo_g02_c03,3,2,0,0,0,0,white,YoYo
v_YoYo_g02_c05,0,0,5,0,0,0,black,YoYo
v_YoYo_g03_c01,0,2,3,0,0,0,black,YoYo
v_YoYo_g03_c04,0,0,5,0,0,0,black,YoYo
v_YoYo_g04_c01,2,3,0,0,0,0,asian,YoYo
v_YoYo_g05_c02,1,0,4,0,0,0,black,YoYo
v_YoYo_g05_c04,2,0,3,0,0,0,black,YoYo
v_YoYo_g06_c02,3,0,2,0,0,0,white,YoYo
v_YoYo_g06_c04,0,4,1,0,0,0,asian,YoYo
v_YoYo_g07_c03,1,0,4,0,0,0,black,YoYo
v_YoYo_g08_c01,2,2,1,0,0,0,white,YoYo
v_YoYo_g10_c01,0,2,3,0,0,0,black,YoYo
v_YoYo_g11_c04,2,3,0,0,0,0,asian,YoYo
v_YoYo_g11_c05,1,2,2,0,0,0,asian,YoYo
v_YoYo_g12_c01,1,2,2,0,0,0,asian,YoYo
v_YoYo_g16_c04,0,3,2,0,0,0,asian,YoYo
v_YoYo_g16_c05,3,0,2,0,0,0,white,YoYo
v_YoYo_g18_c02,0,2,3,0,0,0,black,YoYo
v_YoYo_g18_c04,0,2,3,0,0,0,black,YoYo
v_YoYo_g22_c02,3,0,2,0,0,0,white,YoYo
v_YoYo_g22_c05,5,0,0,0,0,0,white,YoYo
v_YoYo_g22_c06,2,2,1,0,0,0,white,YoYo
v_YoYo_g23_c02,0,1,4,0,0,0,black,YoYo
v_YoYo_g23_c03,0,2,3,0,0,0,black,YoYo
v_YoYo_g24_c01,2,3,0,0,0,0,asian,YoYo
v_YoYo_g25_c04,0,1,4,0,0,0,black,YoYo
