video_name,black_count,blonde_count,red_count,white_count,final,category
v_ApplyEyeMakeup_g02_c01,3,2,0,0,black,ApplyEyeMakeup
v_ApplyEyeMakeup_g03_c01,1,4,0,0,blonde,ApplyEyeMakeup
v_ApplyEyeMakeup_g03_c03,2,3,0,0,blonde,ApplyEyeMakeup
v_ApplyEyeMakeup_g03_c06,1,4,0,0,blonde,ApplyEyeMakeup
v_ApplyEyeMakeup_g04_c03,5,0,0,0,black,ApplyEyeMakeup
v_ApplyEyeMakeup_g13_c02,0,5,0,0,blonde,ApplyEyeMakeup
v_ApplyEyeMakeup_g21_c03,3,2,0,0,black,ApplyEyeMakeup
v_ApplyEyeMakeup_g21_c05,5,0,0,0,black,ApplyEyeMakeup
v_ApplyEyeMakeup_g22_c02,0,5,0,0,blonde,ApplyEyeMakeup
v_ApplyLipstick_g05_c01,2,3,0,0,blonde,ApplyLipstick
v_ApplyLipstick_g06_c04,0,5,0,0,blonde,ApplyLipstick
v_ApplyLipstick_g06_c05,0,5,0,0,blonde,ApplyLipstick
v_ApplyLipstick_g13_c04,4,1,0,0,black,ApplyLipstick
v_ApplyLipstick_g16_c03,4,1,0,0,black,ApplyLipstick
v_ApplyLipstick_g17_c04,2,3,0,0,blonde,ApplyLipstick
v_ApplyLipstick_g17_c05,2,3,0,0,blonde,ApplyLipstick
v_Archery_g01_c02,2,3,0,0,blonde,Archery
v_Archery_g01_c05,0,4,1,0,blonde,Archery
v_Archery_g01_c06,0,3,2,0,blonde,Archery
v_Archery_g02_c06,3,2,0,0,black,Archery
v_Archery_g03_c03,5,0,0,0,black,Archery
v_Archery_g03_c04,5,0,0,0,black,Archery
v_Archery_g13_c01,5,0,0,0,black,Archery
v_Archery_g13_c02,5,0,0,0,black,Archery
v_Archery_g14_c01,2,3,0,0,blonde,Archery
v_Archery_g18_c04,0,5,0,0,blonde,Archery
v_Archery_g18_c05,0,5,0,0,blonde,Archery
v_Archery_g18_c06,0,5,0,0,blonde,Archery
v_BabyCrawling_g03_c02,3,2,0,0,black,BabyCrawling
v_BabyCrawling_g16_c02,3,2,0,0,black,BabyCrawling
v_BabyCrawling_g16_c03,5,0,0,0,black,BabyCrawling
v_BabyCrawling_g24_c04,3,2,0,0,black,BabyCrawling
v_BalanceBeam_g01_c04,0,5,0,0,blonde,BalanceBeam
v_BalanceBeam_g05_c03,4,1,0,0,black,BalanceBeam
v_BalanceBeam_g06_c01,4,1,0,0,black,BalanceBeam
v_BalanceBeam_g11_c01,0,5,0,0,blonde,BalanceBeam
v_BalanceBeam_g11_c03,0,5,0,0,blonde,BalanceBeam
v_BalanceBeam_g12_c01,4,1,0,0,black,BalanceBeam
v_BalanceBeam_g15_c04,3,2,0,0,black,BalanceBeam
v_BalanceBeam_g16_c01,1,4,0,0,blonde,BalanceBeam
v_BalanceBeam_g16_c02,0,5,0,0,blonde,BalanceBeam
v_BalanceBeam_g17_c01,3,2,0,0,black,BalanceBeam
v_BalanceBeam_g25_c02,2,3,0,0,blonde,BalanceBeam
v_BalanceBeam_g25_c04,0,5,0,0,blonde,BalanceBeam
v_BandMarching_g06_c01,0,5,0,0,blonde,BandMarching
v_BandMarching_g06_c02,1,4,0,0,blonde,BandMarching
v_BandMarching_g07_c01,4,1,0,0,black,BandMarching
v_BandMarching_g07_c02,3,2,0,0,black,BandMarching
v_BandMarching_g07_c06,3,2,0,0,black,BandMarching
v_BandMarching_g09_c01,0,5,0,0,blonde,BandMarching
v_BandMarching_g09_c02,0,5,0,0,blonde,BandMarching
v_BandMarching_g09_c04,0,5,0,0,blonde,BandMarching
v_BandMarching_g11_c02,1,4,0,0,blonde,BandMarching
v_BandMarching_g11_c03,0,5,0,0,blonde,BandMarching
v_BandMarching_g11_c04,1,4,0,0,blonde,BandMarching
v_BandMarching_g12_c01,1,4,0,0,blonde,BandMarching
v_BandMarching_g12_c04,0,5,0,0,blonde,BandMarching
v_BandMarching_g12_c06,2,3,0,0,blonde,BandMarching
v_BandMarching_g14_c01,2,3,0,0,blonde,BandMarching
v_BandMarching_g14_c03,0,5,0,0,blonde,BandMarching
v_BandMarching_g14_c06,0,5,0,0,blonde,BandMarching
v_BandMarching_g16_c02,2,3,0,0,blonde,BandMarching
v_BandMarching_g16_c03,0,5,0,0,blonde,BandMarching
v_BandMarching_g16_c04,0,5,0,0,blonde,BandMarching
v_BandMarching_g17_c01,0,5,0,0,blonde,BandMarching
v_BandMarching_g17_c02,0,5,0,0,blonde,BandMarching
v_BandMarching_g18_c02,5,0,0,0,black,BandMarching
v_BandMarching_g18_c03,5,0,0,0,black,BandMarching
v_BandMarching_g23_c04,0,5,0,0,blonde,BandMarching
v_BandMarching_g25_c01,1,4,0,0,blonde,BandMarching
v_BandMarching_g25_c06,1,4,0,0,blonde,BandMarching
v_BandMarching_g25_c07,2,3,0,0,blonde,BandMarching
v_BaseballPitch_g01_c05,0,5,0,0,blonde,BaseballPitch
v_BaseballPitch_g09_c01,0,5,0,0,blonde,BaseballPitch
v_BaseballPitch_g18_c03,1,4,0,0,blonde,BaseballPitch
v_BaseballPitch_g18_c05,2,3,0,0,blonde,BaseballPitch
v_BaseballPitch_g19_c02,2,3,0,0,blonde,BaseballPitch
v_BaseballPitch_g19_c05,2,3,0,0,blonde,BaseballPitch
v_BaseballPitch_g22_c04,2,3,0,0,blonde,BaseballPitch
v_BaseballPitch_g23_c03,3,2,0,0,black,BaseballPitch
v_BaseballPitch_g23_c05,3,2,0,0,black,BaseballPitch
v_BaseballPitch_g23_c07,4,1,0,0,black,BaseballPitch
v_BaseballPitch_g24_c06,4,1,0,0,black,BaseballPitch
v_BaseballPitch_g24_c07,4,1,0,0,black,BaseballPitch
v_BasketballDunk_g01_c01,5,0,0,0,black,BasketballDunk
v_BasketballDunk_g01_c06,5,0,0,0,black,BasketballDunk
v_BasketballDunk_g03_c03,1,4,0,0,blonde,BasketballDunk
v_BasketballDunk_g03_c06,0,5,0,0,blonde,BasketballDunk
v_BasketballDunk_g04_c01,2,3,0,0,blonde,BasketballDunk
v_BasketballDunk_g04_c03,1,4,0,0,blonde,BasketballDunk
v_BasketballDunk_g05_c02,0,5,0,0,blonde,BasketballDunk
v_BasketballDunk_g05_c03,0,5,0,0,blonde,BasketballDunk
v_BasketballDunk_g05_c05,0,5,0,0,blonde,BasketballDunk
v_BasketballDunk_g07_c04,1,4,0,0,blonde,BasketballDunk
v_BasketballDunk_g08_c01,0,5,0,0,blonde,BasketballDunk
v_BasketballDunk_g09_c03,1,4,0,0,blonde,BasketballDunk
v_BasketballDunk_g10_c01,5,0,0,0,black,BasketballDunk
v_BasketballDunk_g10_c03,3,2,0,0,black,BasketballDunk
v_BasketballDunk_g11_c01,4,1,0,0,black,BasketballDunk
v_BasketballDunk_g11_c04,3,2,0,0,black,BasketballDunk
v_BasketballDunk_g12_c02,2,3,0,0,blonde,BasketballDunk
v_BasketballDunk_g12_c04,0,5,0,0,blonde,BasketballDunk
v_BasketballDunk_g13_c04,3,2,0,0,black,BasketballDunk
v_BasketballDunk_g14_c03,2,3,0,0,blonde,BasketballDunk
v_BasketballDunk_g14_c04,2,3,0,0,blonde,BasketballDunk
v_BasketballDunk_g14_c06,0,5,0,0,blonde,BasketballDunk
v_BasketballDunk_g15_c02,0,5,0,0,blonde,BasketballDunk
v_BasketballDunk_g15_c03,0,5,0,0,blonde,BasketballDunk
v_BasketballDunk_g15_c07,0,5,0,0,blonde,BasketballDunk
v_BasketballDunk_g16_c01,0,5,0,0,blonde,BasketballDunk
v_BasketballDunk_g16_c02,0,5,0,0,blonde,BasketballDunk
v_BasketballDunk_g16_c05,0,5,0,0,blonde,BasketballDunk
v_BasketballDunk_g17_c01,0,5,0,0,blonde,BasketballDunk
v_BasketballDunk_g17_c02,0,5,0,0,blonde,BasketballDunk
v_BasketballDunk_g17_c05,0,5,0,0,blonde,BasketballDunk
v_BasketballDunk_g18_c01,0,5,0,0,blonde,BasketballDunk
v_BasketballDunk_g18_c02,0,5,0,0,blonde,BasketballDunk
v_BasketballDunk_g19_c02,0,5,0,0,blonde,BasketballDunk
v_BasketballDunk_g19_c04,1,4,0,0,blonde,BasketballDunk
v_BasketballDunk_g20_c03,5,0,0,0,black,BasketballDunk
v_BasketballDunk_g20_c05,5,0,0,0,black,BasketballDunk
v_BasketballDunk_g22_c04,2,3,0,0,blonde,BasketballDunk
v_BasketballDunk_g23_c04,2,3,0,0,blonde,BasketballDunk
v_BasketballDunk_g23_c05,2,3,0,0,blonde,BasketballDunk
v_BasketballDunk_g24_c01,4,1,0,0,black,BasketballDunk
v_BasketballDunk_g25_c02,0,5,0,0,blonde,BasketballDunk
v_BasketballDunk_g25_c04,2,3,0,0,blonde,BasketballDunk
v_Basketball_g02_c03,1,4,0,0,blonde,Basketball
v_Basketball_g04_c02,4,1,0,0,black,Basketball
v_Basketball_g10_c05,2,3,0,0,blonde,Basketball
v_Basketball_g14_c01,2,3,0,0,blonde,Basketball
v_Basketball_g14_c05,2,3,0,0,blonde,Basketball
v_Basketball_g15_c02,5,0,0,0,black,Basketball
v_Basketball_g15_c03,4,1,0,0,black,Basketball
v_Basketball_g15_c07,4,1,0,0,black,Basketball
v_Basketball_g17_c03,0,5,0,0,blonde,Basketball
v_Basketball_g18_c01,1,4,0,0,blonde,Basketball
v_Basketball_g18_c03,2,3,0,0,blonde,Basketball
v_Basketball_g21_c02,3,2,0,0,black,Basketball
v_Basketball_g21_c03,5,0,0,0,black,Basketball
v_Basketball_g24_c01,1,4,0,0,blonde,Basketball
v_Basketball_g24_c02,2,3,0,0,blonde,Basketball
v_BenchPress_g04_c03,5,0,0,0,black,BenchPress
v_BenchPress_g21_c01,0,5,0,0,blonde,BenchPress
v_BenchPress_g21_c02,1,4,0,0,blonde,BenchPress
v_BenchPress_g23_c05,3,2,0,0,black,BenchPress
v_BenchPress_g24_c03,3,2,0,0,black,BenchPress
v_BenchPress_g24_c05,4,1,0,0,black,BenchPress
v_BenchPress_g24_c07,3,2,0,0,black,BenchPress
v_BenchPress_g25_c01,2,3,0,0,blonde,BenchPress
v_Biking_g06_c02,5,0,0,0,black,Biking
v_Biking_g06_c03,5,0,0,0,black,Biking
v_Biking_g07_c05,0,5,0,0,blonde,Biking
v_Biking_g07_c06,0,5,0,0,blonde,Biking
v_Biking_g09_c03,4,1,0,0,black,Biking
v_Biking_g13_c03,1,4,0,0,blonde,Biking
v_Biking_g20_c04,0,5,0,0,blonde,Biking
v_Biking_g20_c06,1,4,0,0,blonde,Biking
v_Biking_g20_c07,0,5,0,0,blonde,Biking
v_Biking_g22_c02,0,5,0,0,blonde,Biking
v_Biking_g25_c03,0,5,0,0,blonde,Biking
v_Biking_g25_c04,0,5,0,0,blonde,Biking
v_Billiards_g01_c02,5,0,0,0,black,Billiards
v_Billiards_g02_c03,2,3,0,0,blonde,Billiards
v_Billiards_g02_c05,0,5,0,0,blonde,Billiards
v_Billiards_g02_c06,2,3,0,0,blonde,Billiards
v_Billiards_g03_c03,5,0,0,0,black,Billiards
v_Billiards_g03_c04,3,2,0,0,black,Billiards
v_Billiards_g04_c05,4,1,0,0,black,Billiards
v_Billiards_g04_c07,3,2,0,0,black,Billiards
v_Billiards_g05_c01,2,3,0,0,blonde,Billiards
v_Billiards_g05_c03,2,3,0,0,blonde,Billiards
v_Billiards_g07_c02,2,3,0,0,blonde,Billiards
v_Billiards_g07_c03,1,4,0,0,blonde,Billiards
v_Billiards_g09_c02,2,3,0,0,blonde,Billiards
v_Billiards_g09_c03,1,4,0,0,blonde,Billiards
v_Billiards_g09_c06,0,5,0,0,blonde,Billiards
v_Billiards_g11_c02,5,0,0,0,black,Billiards
v_Billiards_g11_c03,4,1,0,0,black,Billiards
v_Billiards_g11_c05,5,0,0,0,black,Billiards
v_Billiards_g12_c03,2,3,0,0,blonde,Billiards
v_Billiards_g12_c06,1,4,0,0,blonde,Billiards
v_Billiards_g13_c02,2,3,0,0,blonde,Billiards
v_Billiards_g13_c05,2,3,0,0,blonde,Billiards
v_Billiards_g14_c01,5,0,0,0,black,Billiards
v_Billiards_g14_c02,3,2,0,0,black,Billiards
v_Billiards_g14_c05,4,1,0,0,black,Billiards
v_Billiards_g15_c05,0,5,0,0,blonde,Billiards
v_Billiards_g15_c07,0,5,0,0,blonde,Billiards
v_Billiards_g16_c01,4,1,0,0,black,Billiards
v_Billiards_g16_c03,4,1,0,0,black,Billiards
v_Billiards_g17_c03,5,0,0,0,black,Billiards
v_Billiards_g18_c05,2,3,0,0,blonde,Billiards
v_Billiards_g19_c02,1,4,0,0,blonde,Billiards
v_Billiards_g19_c04,0,5,0,0,blonde,Billiards
v_Billiards_g21_c03,4,1,0,0,black,Billiards
v_Billiards_g21_c04,3,2,0,0,black,Billiards
v_Billiards_g21_c05,5,0,0,0,black,Billiards
v_Billiards_g22_c01,4,1,0,0,black,Billiards
v_Billiards_g22_c02,4,1,0,0,black,Billiards
v_Billiards_g23_c03,2,3,0,0,blonde,Billiards
v_Billiards_g23_c04,0,5,0,0,blonde,Billiards
v_Billiards_g25_c01,5,0,0,0,black,Billiards
v_Billiards_g25_c04,4,1,0,0,black,Billiards
v_BlowDryHair_g13_c03,5,0,0,0,black,BlowDryHair
v_BlowDryHair_g18_c04,3,2,0,0,black,BlowDryHair
v_BlowDryHair_g22_c02,2,3,0,0,blonde,BlowDryHair
v_BlowDryHair_g22_c03,2,3,0,0,blonde,BlowDryHair
v_BlowDryHair_g23_c04,1,4,0,0,blonde,BlowDryHair
v_BlowDryHair_g23_c06,0,5,0,0,blonde,BlowDryHair
v_BlowingCandles_g04_c03,0,5,0,0,blonde,BlowingCandles
v_BlowingCandles_g07_c01,5,0,0,0,black,BlowingCandles
v_BlowingCandles_g09_c02,5,0,0,0,black,BlowingCandles
v_BlowingCandles_g11_c03,1,4,0,0,blonde,BlowingCandles
v_BlowingCandles_g11_c04,0,5,0,0,blonde,BlowingCandles
v_BlowingCandles_g12_c03,1,4,0,0,blonde,BlowingCandles
v_BlowingCandles_g15_c01,0,5,0,0,blonde,BlowingCandles
v_BlowingCandles_g15_c02,0,5,0,0,blonde,BlowingCandles
v_BlowingCandles_g19_c02,0,5,0,0,blonde,BlowingCandles
v_BlowingCandles_g19_c03,0,5,0,0,blonde,BlowingCandles
v_BlowingCandles_g20_c04,5,0,0,0,black,BlowingCandles
v_BlowingCandles_g21_c01,1,4,0,0,blonde,BlowingCandles
v_BlowingCandles_g21_c03,2,3,0,0,blonde,BlowingCandles
v_BlowingCandles_g22_c03,3,2,0,0,black,BlowingCandles
v_BlowingCandles_g23_c01,0,5,0,0,blonde,BlowingCandles
v_BlowingCandles_g24_c04,5,0,0,0,black,BlowingCandles
v_BlowingCandles_g25_c03,2,3,0,0,blonde,BlowingCandles
v_BodyWeightSquats_g01_c03,2,3,0,0,blonde,BodyWeightSquats
v_BodyWeightSquats_g05_c04,2,3,0,0,blonde,BodyWeightSquats
v_BodyWeightSquats_g09_c05,2,3,0,0,blonde,BodyWeightSquats
v_BodyWeightSquats_g09_c06,1,4,0,0,blonde,BodyWeightSquats
v_BodyWeightSquats_g12_c03,3,2,0,0,black,BodyWeightSquats
v_Bowling_g01_c06,0,5,0,0,blonde,Bowling
v_Bowling_g01_c07,0,5,0,0,blonde,Bowling
v_Bowling_g03_c02,0,5,0,0,blonde,Bowling
v_Bowling_g03_c06,0,5,0,0,blonde,Bowling
v_Bowling_g04_c03,2,3,0,0,blonde,Bowling
v_Bowling_g04_c04,0,5,0,0,blonde,Bowling
v_Bowling_g05_c02,5,0,0,0,black,Bowling
v_Bowling_g05_c07,4,1,0,0,black,Bowling
v_Bowling_g06_c04,0,5,0,0,blonde,Bowling
v_Bowling_g06_c05,2,3,0,0,blonde,Bowling
v_Bowling_g07_c03,2,3,0,0,blonde,Bowling
v_Bowling_g07_c06,2,3,0,0,blonde,Bowling
v_Bowling_g08_c01,0,5,0,0,blonde,Bowling
v_Bowling_g08_c04,1,4,0,0,blonde,Bowling
v_Bowling_g08_c05,0,5,0,0,blonde,Bowling
v_Bowling_g09_c03,2,3,0,0,blonde,Bowling
v_Bowling_g09_c04,0,5,0,0,blonde,Bowling
v_Bowling_g09_c07,0,5,0,0,blonde,Bowling
v_Bowling_g10_c01,1,4,0,0,blonde,Bowling
v_Bowling_g11_c01,3,2,0,0,black,Bowling
v_Bowling_g11_c06,3,2,0,0,black,Bowling
v_Bowling_g12_c01,4,1,0,0,black,Bowling
v_Bowling_g13_c02,0,5,0,0,blonde,Bowling
v_Bowling_g13_c03,2,3,0,0,blonde,Bowling
v_Bowling_g13_c06,0,5,0,0,blonde,Bowling
v_Bowling_g14_c01,3,2,0,0,black,Bowling
v_Bowling_g17_c02,0,5,0,0,blonde,Bowling
v_Bowling_g17_c05,2,3,0,0,blonde,Bowling
v_Bowling_g18_c02,3,2,0,0,black,Bowling
v_Bowling_g18_c05,5,0,0,0,black,Bowling
v_Bowling_g19_c03,4,1,0,0,black,Bowling
v_Bowling_g19_c05,5,0,0,0,black,Bowling
v_Bowling_g19_c07,4,1,0,0,black,Bowling
v_Bowling_g20_c02,1,4,0,0,blonde,Bowling
v_Bowling_g20_c05,0,5,0,0,blonde,Bowling
v_Bowling_g21_c03,1,4,0,0,blonde,Bowling
v_Bowling_g21_c06,2,3,0,0,blonde,Bowling
v_Bowling_g24_c05,3,2,0,0,black,Bowling
v_Bowling_g24_c06,5,0,0,0,black,Bowling
v_Bowling_g25_c01,2,3,0,0,blonde,Bowling
v_BoxingPunchingBag_g03_c04,2,3,0,0,blonde,BoxingPunchingBag
v_BoxingPunchingBag_g03_c05,2,3,0,0,blonde,BoxingPunchingBag
v_BoxingPunchingBag_g03_c07,0,5,0,0,blonde,BoxingPunchingBag
v_BoxingPunchingBag_g04_c04,5,0,0,0,black,BoxingPunchingBag
v_BoxingPunchingBag_g04_c05,4,1,0,0,black,BoxingPunchingBag
v_BoxingPunchingBag_g04_c06,4,1,0,0,black,BoxingPunchingBag
v_BoxingPunchingBag_g06_c01,1,4,0,0,blonde,BoxingPunchingBag
v_BoxingPunchingBag_g08_c02,2,3,0,0,blonde,BoxingPunchingBag
v_BoxingPunchingBag_g09_c05,2,3,0,0,blonde,BoxingPunchingBag
v_BoxingPunchingBag_g21_c02,4,1,0,0,black,BoxingPunchingBag
v_BoxingPunchingBag_g21_c06,3,2,0,0,black,BoxingPunchingBag
v_BoxingPunchingBag_g23_c02,4,1,0,0,black,BoxingPunchingBag
v_BoxingPunchingBag_g23_c03,4,1,0,0,black,BoxingPunchingBag
v_BoxingPunchingBag_g23_c07,3,2,0,0,black,BoxingPunchingBag
v_BoxingPunchingBag_g24_c03,2,3,0,0,blonde,BoxingPunchingBag
v_BoxingPunchingBag_g24_c06,2,3,0,0,blonde,BoxingPunchingBag
v_BoxingSpeedBag_g08_c02,3,2,0,0,black,BoxingSpeedBag
v_BoxingSpeedBag_g08_c05,4,1,0,0,black,BoxingSpeedBag
v_BoxingSpeedBag_g12_c03,2,3,0,0,blonde,BoxingSpeedBag
v_BoxingSpeedBag_g13_c01,3,2,0,0,black,BoxingSpeedBag
v_BoxingSpeedBag_g13_c03,4,1,0,0,black,BoxingSpeedBag
v_BoxingSpeedBag_g13_c06,4,1,0,0,black,BoxingSpeedBag
v_BoxingSpeedBag_g14_c02,0,2,3,0,red,BoxingSpeedBag
v_BreastStroke_g05_c01,4,1,0,0,black,BreastStroke
v_BreastStroke_g07_c03,2,3,0,0,blonde,BreastStroke
v_BreastStroke_g10_c02,0,5,0,0,blonde,BreastStroke
v_BreastStroke_g10_c04,1,4,0,0,blonde,BreastStroke
v_BreastStroke_g11_c02,2,3,0,0,blonde,BreastStroke
v_BreastStroke_g11_c03,2,3,0,0,blonde,BreastStroke
v_BreastStroke_g12_c02,2,3,0,0,blonde,BreastStroke
v_BreastStroke_g13_c01,4,1,0,0,black,BreastStroke
v_BreastStroke_g14_c04,0,2,3,0,red,BreastStroke
v_BreastStroke_g15_c01,4,1,0,0,black,BreastStroke
v_BreastStroke_g20_c01,2,3,0,0,blonde,BreastStroke
v_BrushingTeeth_g10_c05,4,1,0,0,black,BrushingTeeth
v_BrushingTeeth_g18_c01,3,2,0,0,black,BrushingTeeth
v_BrushingTeeth_g18_c06,4,1,0,0,black,BrushingTeeth
v_BrushingTeeth_g18_c07,5,0,0,0,black,BrushingTeeth
v_BrushingTeeth_g22_c02,1,4,0,0,blonde,BrushingTeeth
v_BrushingTeeth_g22_c03,2,3,0,0,blonde,BrushingTeeth
v_BrushingTeeth_g22_c04,1,4,0,0,blonde,BrushingTeeth
v_BrushingTeeth_g23_c01,0,1,4,0,red,BrushingTeeth
v_BrushingTeeth_g24_c01,0,1,4,0,red,BrushingTeeth
v_BrushingTeeth_g24_c02,0,2,3,0,red,BrushingTeeth
v_BrushingTeeth_g24_c04,1,1,3,0,red,BrushingTeeth
v_BrushingTeeth_g25_c05,3,2,0,0,black,BrushingTeeth
v_CleanAndJerk_g05_c02,0,5,0,0,blonde,CleanAndJerk
v_CleanAndJerk_g06_c02,0,5,0,0,blonde,CleanAndJerk
v_CleanAndJerk_g06_c03,1,4,0,0,blonde,CleanAndJerk
v_CleanAndJerk_g07_c01,5,0,0,0,black,CleanAndJerk
v_CleanAndJerk_g07_c05,5,0,0,0,black,CleanAndJerk
v_CleanAndJerk_g08_c01,5,0,0,0,black,CleanAndJerk
v_CleanAndJerk_g09_c02,5,0,0,0,black,CleanAndJerk
v_CleanAndJerk_g11_c04,5,0,0,0,black,CleanAndJerk
v_CleanAndJerk_g16_c01,0,5,0,0,blonde,CleanAndJerk
v_CleanAndJerk_g16_c02,1,4,0,0,blonde,CleanAndJerk
v_CleanAndJerk_g18_c03,1,4,0,0,blonde,CleanAndJerk
v_CleanAndJerk_g18_c04,0,5,0,0,blonde,CleanAndJerk
v_CleanAndJerk_g21_c02,3,2,0,0,black,CleanAndJerk
v_CleanAndJerk_g22_c03,2,3,0,0,blonde,CleanAndJerk
v_CliffDiving_g01_c03,2,3,0,0,blonde,CliffDiving
v_CliffDiving_g03_c04,1,4,0,0,blonde,CliffDiving
v_CliffDiving_g03_c05,2,3,0,0,blonde,CliffDiving
v_CliffDiving_g05_c04,1,4,0,0,blonde,CliffDiving
v_CliffDiving_g05_c07,2,3,0,0,blonde,CliffDiving
v_CliffDiving_g06_c01,2,3,0,0,blonde,CliffDiving
v_CliffDiving_g08_c03,1,4,0,0,blonde,CliffDiving
v_CliffDiving_g08_c04,2,3,0,0,blonde,CliffDiving
v_CliffDiving_g09_c05,0,5,0,0,blonde,CliffDiving
v_CliffDiving_g12_c03,1,4,0,0,blonde,CliffDiving
v_CliffDiving_g12_c04,1,4,0,0,blonde,CliffDiving
v_CliffDiving_g14_c06,2,3,0,0,blonde,CliffDiving
v_CliffDiving_g15_c01,5,0,0,0,black,CliffDiving
v_CliffDiving_g16_c04,0,5,0,0,blonde,CliffDiving
v_CliffDiving_g17_c02,2,3,0,0,blonde,CliffDiving
v_CliffDiving_g17_c03,2,3,0,0,blonde,CliffDiving
v_CliffDiving_g18_c02,3,2,0,0,black,CliffDiving
v_CliffDiving_g18_c06,3,2,0,0,black,CliffDiving
v_CliffDiving_g19_c01,4,1,0,0,black,CliffDiving
v_CliffDiving_g19_c03,5,0,0,0,black,CliffDiving
v_CliffDiving_g19_c07,3,2,0,0,black,CliffDiving
v_CliffDiving_g21_c02,4,1,0,0,black,CliffDiving
v_CliffDiving_g22_c01,0,5,0,0,blonde,CliffDiving
v_CliffDiving_g22_c02,2,3,0,0,blonde,CliffDiving
v_CliffDiving_g23_c01,5,0,0,0,black,CliffDiving
v_CliffDiving_g23_c02,5,0,0,0,black,CliffDiving
v_CliffDiving_g24_c01,2,3,0,0,blonde,CliffDiving
v_CliffDiving_g24_c04,1,4,0,0,blonde,CliffDiving
v_CliffDiving_g25_c03,1,4,0,0,blonde,CliffDiving
v_CricketBowling_g10_c04,3,2,0,0,black,CricketBowling
v_CricketBowling_g11_c03,1,4,0,0,blonde,CricketBowling
v_CricketBowling_g11_c04,0,5,0,0,blonde,CricketBowling
v_CricketBowling_g12_c02,2,3,0,0,blonde,CricketBowling
v_CricketBowling_g19_c04,2,3,0,0,blonde,CricketBowling
v_CricketBowling_g20_c02,4,1,0,0,black,CricketBowling
v_CricketBowling_g20_c05,5,0,0,0,black,CricketBowling
v_CricketShot_g01_c02,2,3,0,0,blonde,CricketShot
v_CricketShot_g02_c06,3,2,0,0,black,CricketShot
v_CricketShot_g03_c01,0,5,0,0,blonde,CricketShot
v_CricketShot_g03_c07,0,5,0,0,blonde,CricketShot
v_CricketShot_g07_c03,0,5,0,0,blonde,CricketShot
v_CricketShot_g07_c05,2,3,0,0,blonde,CricketShot
v_CricketShot_g15_c01,3,2,0,0,black,CricketShot
v_CricketShot_g15_c07,3,2,0,0,black,CricketShot
v_CricketShot_g17_c05,3,2,0,0,black,CricketShot
v_CuttingInKitchen_g18_c04,3,2,0,0,black,CuttingInKitchen
v_Diving_g01_c03,2,3,0,0,blonde,Diving
v_Diving_g01_c04,1,4,0,0,blonde,Diving
v_Diving_g03_c02,2,3,0,0,blonde,Diving
v_Diving_g05_c06,1,4,0,0,blonde,Diving
v_Diving_g06_c03,0,5,0,0,blonde,Diving
v_Diving_g09_c02,5,0,0,0,black,Diving
v_Diving_g09_c03,5,0,0,0,black,Diving
v_Diving_g09_c07,5,0,0,0,black,Diving
v_Diving_g11_c02,1,4,0,0,blonde,Diving
v_Diving_g11_c04,2,3,0,0,blonde,Diving
v_Diving_g12_c04,2,3,0,0,blonde,Diving
v_Diving_g16_c03,1,4,0,0,blonde,Diving
v_Diving_g16_c05,2,3,0,0,blonde,Diving
v_Diving_g17_c03,2,3,0,0,blonde,Diving
v_Diving_g19_c02,1,4,0,0,blonde,Diving
v_Diving_g20_c01,1,4,0,0,blonde,Diving
v_Diving_g20_c03,2,3,0,0,blonde,Diving
v_Diving_g23_c01,2,3,0,0,blonde,Diving
v_Diving_g23_c05,2,3,0,0,blonde,Diving
v_Diving_g25_c01,4,1,0,0,black,Diving
v_Drumming_g07_c05,2,3,0,0,blonde,Drumming
v_Drumming_g13_c03,2,3,0,0,blonde,Drumming
v_Drumming_g14_c03,2,3,0,0,blonde,Drumming
v_Fencing_g09_c01,5,0,0,0,black,Fencing
v_Fencing_g09_c02,5,0,0,0,black,Fencing
v_Fencing_g25_c01,2,3,0,0,blonde,Fencing
v_Fencing_g25_c03,1,4,0,0,blonde,Fencing
v_FieldHockeyPenalty_g02_c03,2,3,0,0,blonde,FieldHockeyPenalty
v_FieldHockeyPenalty_g05_c01,4,1,0,0,black,FieldHockeyPenalty
v_FieldHockeyPenalty_g05_c07,4,1,0,0,black,FieldHockeyPenalty
v_FieldHockeyPenalty_g06_c01,3,2,0,0,black,FieldHockeyPenalty
v_FieldHockeyPenalty_g06_c07,4,1,0,0,black,FieldHockeyPenalty
v_FieldHockeyPenalty_g07_c04,0,5,0,0,blonde,FieldHockeyPenalty
v_FieldHockeyPenalty_g08_c04,1,4,0,0,blonde,FieldHockeyPenalty
v_FieldHockeyPenalty_g11_c01,4,1,0,0,black,FieldHockeyPenalty
v_FieldHockeyPenalty_g12_c02,1,4,0,0,blonde,FieldHockeyPenalty
v_FieldHockeyPenalty_g12_c04,2,3,0,0,blonde,FieldHockeyPenalty
v_FieldHockeyPenalty_g12_c06,1,4,0,0,blonde,FieldHockeyPenalty
v_FieldHockeyPenalty_g13_c02,2,3,0,0,blonde,FieldHockeyPenalty
v_FieldHockeyPenalty_g13_c04,0,5,0,0,blonde,FieldHockeyPenalty
v_FieldHockeyPenalty_g16_c01,0,5,0,0,blonde,FieldHockeyPenalty
v_FieldHockeyPenalty_g18_c02,0,5,0,0,blonde,FieldHockeyPenalty
v_FieldHockeyPenalty_g18_c03,0,5,0,0,blonde,FieldHockeyPenalty
v_FieldHockeyPenalty_g19_c01,0,5,0,0,blonde,FieldHockeyPenalty
v_FieldHockeyPenalty_g20_c02,1,4,0,0,blonde,FieldHockeyPenalty
v_FieldHockeyPenalty_g21_c01,0,5,0,0,blonde,FieldHockeyPenalty
v_FieldHockeyPenalty_g21_c02,0,5,0,0,blonde,FieldHockeyPenalty
v_FieldHockeyPenalty_g22_c03,3,2,0,0,black,FieldHockeyPenalty
v_FieldHockeyPenalty_g23_c01,2,3,0,0,blonde,FieldHockeyPenalty
v_FieldHockeyPenalty_g23_c03,2,3,0,0,blonde,FieldHockeyPenalty
v_FloorGymnastics_g08_c03,1,4,0,0,blonde,FloorGymnastics
v_FloorGymnastics_g08_c04,0,5,0,0,blonde,FloorGymnastics
v_FloorGymnastics_g12_c01,0,5,0,0,blonde,FloorGymnastics
v_FloorGymnastics_g12_c02,0,5,0,0,blonde,FloorGymnastics
v_FloorGymnastics_g12_c03,0,5,0,0,blonde,FloorGymnastics
v_FloorGymnastics_g18_c02,3,2,0,0,black,FloorGymnastics
v_FloorGymnastics_g18_c05,3,2,0,0,black,FloorGymnastics
v_FloorGymnastics_g18_c07,3,2,0,0,black,FloorGymnastics
v_FloorGymnastics_g20_c01,3,2,0,0,black,FloorGymnastics
v_FloorGymnastics_g20_c03,3,2,0,0,black,FloorGymnastics
v_FloorGymnastics_g21_c03,2,3,0,0,blonde,FloorGymnastics
v_FrisbeeCatch_g04_c03,4,1,0,0,black,FrisbeeCatch
v_FrisbeeCatch_g07_c06,0,5,0,0,blonde,FrisbeeCatch
v_FrisbeeCatch_g08_c04,2,3,0,0,blonde,FrisbeeCatch
v_FrisbeeCatch_g10_c01,5,0,0,0,black,FrisbeeCatch
v_FrisbeeCatch_g10_c02,4,1,0,0,black,FrisbeeCatch
v_FrisbeeCatch_g15_c01,1,4,0,0,blonde,FrisbeeCatch
v_FrisbeeCatch_g16_c01,3,2,0,0,black,FrisbeeCatch
v_FrisbeeCatch_g16_c04,5,0,0,0,black,FrisbeeCatch
v_FrisbeeCatch_g17_c02,3,2,0,0,black,FrisbeeCatch
v_FrisbeeCatch_g17_c03,3,2,0,0,black,FrisbeeCatch
v_FrisbeeCatch_g18_c01,2,3,0,0,blonde,FrisbeeCatch
v_FrisbeeCatch_g19_c02,2,3,0,0,blonde,FrisbeeCatch
v_FrisbeeCatch_g19_c03,2,3,0,0,blonde,FrisbeeCatch
v_FrisbeeCatch_g19_c05,2,3,0,0,blonde,FrisbeeCatch
v_FrisbeeCatch_g22_c03,4,1,0,0,black,FrisbeeCatch
v_FrisbeeCatch_g22_c06,4,1,0,0,black,FrisbeeCatch
v_FrisbeeCatch_g23_c04,1,4,0,0,blonde,FrisbeeCatch
v_FrisbeeCatch_g24_c01,4,1,0,0,black,FrisbeeCatch
v_FrisbeeCatch_g25_c01,0,5,0,0,blonde,FrisbeeCatch
v_FrontCrawl_g01_c04,2,3,0,0,blonde,FrontCrawl
v_FrontCrawl_g03_c05,2,3,0,0,blonde,FrontCrawl
v_FrontCrawl_g03_c06,2,3,0,0,blonde,FrontCrawl
v_FrontCrawl_g07_c05,4,1,0,0,black,FrontCrawl
v_FrontCrawl_g09_c04,0,5,0,0,blonde,FrontCrawl
v_FrontCrawl_g09_c05,2,3,0,0,blonde,FrontCrawl
v_FrontCrawl_g09_c06,1,4,0,0,blonde,FrontCrawl
v_FrontCrawl_g10_c03,3,2,0,0,black,FrontCrawl
v_FrontCrawl_g10_c05,4,1,0,0,black,FrontCrawl
v_FrontCrawl_g12_c03,0,5,0,0,blonde,FrontCrawl
v_FrontCrawl_g12_c04,2,3,0,0,blonde,FrontCrawl
v_FrontCrawl_g14_c02,3,2,0,0,black,FrontCrawl
v_FrontCrawl_g14_c03,5,0,0,0,black,FrontCrawl
v_FrontCrawl_g14_c05,3,2,0,0,black,FrontCrawl
v_FrontCrawl_g17_c03,2,3,0,0,blonde,FrontCrawl
v_FrontCrawl_g17_c05,2,3,0,0,blonde,FrontCrawl
v_FrontCrawl_g18_c06,2,3,0,0,blonde,FrontCrawl
v_FrontCrawl_g18_c07,1,4,0,0,blonde,FrontCrawl
v_FrontCrawl_g23_c07,4,1,0,0,black,FrontCrawl
v_FrontCrawl_g24_c06,2,3,0,0,blonde,FrontCrawl
v_GolfSwing_g02_c02,2,3,0,0,blonde,GolfSwing
v_GolfSwing_g05_c01,5,0,0,0,black,GolfSwing
v_GolfSwing_g05_c04,3,2,0,0,black,GolfSwing
v_GolfSwing_g05_c07,5,0,0,0,black,GolfSwing
v_GolfSwing_g06_c02,2,3,0,0,blonde,GolfSwing
v_GolfSwing_g07_c01,0,5,0,0,blonde,GolfSwing
v_GolfSwing_g07_c02,1,4,0,0,blonde,GolfSwing
v_GolfSwing_g10_c01,1,4,0,0,blonde,GolfSwing
v_GolfSwing_g11_c01,0,5,0,0,blonde,GolfSwing
v_GolfSwing_g11_c03,1,4,0,0,blonde,GolfSwing
v_GolfSwing_g13_c01,0,5,0,0,blonde,GolfSwing
v_GolfSwing_g13_c02,0,5,0,0,blonde,GolfSwing
v_GolfSwing_g15_c04,0,5,0,0,blonde,GolfSwing
v_GolfSwing_g16_c02,2,3,0,0,blonde,GolfSwing
v_GolfSwing_g17_c02,2,3,0,0,blonde,GolfSwing
v_GolfSwing_g17_c03,0,5,0,0,blonde,GolfSwing
v_GolfSwing_g17_c07,1,4,0,0,blonde,GolfSwing
v_GolfSwing_g18_c01,1,4,0,0,blonde,GolfSwing
v_GolfSwing_g18_c02,2,3,0,0,blonde,GolfSwing
v_GolfSwing_g18_c05,1,4,0,0,blonde,GolfSwing
v_GolfSwing_g19_c01,5,0,0,0,black,GolfSwing
v_GolfSwing_g19_c02,4,1,0,0,black,GolfSwing
v_GolfSwing_g20_c01,4,1,0,0,black,GolfSwing
v_GolfSwing_g20_c02,3,2,0,0,black,GolfSwing
v_GolfSwing_g20_c07,3,2,0,0,black,GolfSwing
v_GolfSwing_g22_c06,2,3,0,0,blonde,GolfSwing
v_GolfSwing_g24_c01,2,3,0,0,blonde,GolfSwing
v_GolfSwing_g24_c02,1,4,0,0,blonde,GolfSwing
v_GolfSwing_g24_c03,2,3,0,0,blonde,GolfSwing
v_GolfSwing_g25_c03,1,4,0,0,blonde,GolfSwing
v_Haircut_g02_c01,5,0,0,0,black,Haircut
v_Haircut_g03_c01,0,5,0,0,blonde,Haircut
v_Haircut_g04_c03,3,2,0,0,black,Haircut
v_Haircut_g06_c04,0,5,0,0,blonde,Haircut
v_Haircut_g08_c04,5,0,0,0,black,Haircut
v_Haircut_g11_c03,5,0,0,0,black,Haircut
v_Haircut_g11_c04,3,2,0,0,black,Haircut
v_HammerThrow_g02_c07,4,1,0,0,black,HammerThrow
v_HammerThrow_g03_c02,0,5,0,0,blonde,HammerThrow
v_HammerThrow_g03_c05,0,5,0,0,blonde,HammerThrow
v_HammerThrow_g03_c06,2,3,0,0,blonde,HammerThrow
v_HammerThrow_g04_c01,0,5,0,0,blonde,HammerThrow
v_HammerThrow_g04_c04,1,4,0,0,blonde,HammerThrow
v_HammerThrow_g04_c06,0,5,0,0,blonde,HammerThrow
v_HammerThrow_g06_c03,1,4,0,0,blonde,HammerThrow
v_HammerThrow_g06_c05,0,5,0,0,blonde,HammerThrow
v_HammerThrow_g06_c06,0,5,0,0,blonde,HammerThrow
v_HammerThrow_g08_c01,0,5,0,0,blonde,HammerThrow
v_HammerThrow_g09_c03,1,4,0,0,blonde,HammerThrow
v_HammerThrow_g09_c07,0,5,0,0,blonde,HammerThrow
v_HammerThrow_g10_c01,4,1,0,0,black,HammerThrow
v_HammerThrow_g10_c02,5,0,0,0,black,HammerThrow
v_HammerThrow_g10_c05,4,1,0,0,black,HammerThrow
v_HammerThrow_g12_c04,2,3,0,0,blonde,HammerThrow
v_HammerThrow_g13_c02,4,1,0,0,black,HammerThrow
v_HammerThrow_g13_c03,5,0,0,0,black,HammerThrow
v_HammerThrow_g14_c05,2,3,0,0,blonde,HammerThrow
v_HammerThrow_g14_c06,0,4,0,1,blonde,HammerThrow
v_HammerThrow_g16_c02,0,5,0,0,blonde,HammerThrow
v_HammerThrow_g16_c03,1,4,0,0,blonde,HammerThrow
v_HammerThrow_g17_c04,0,5,0,0,blonde,HammerThrow
v_HammerThrow_g17_c05,0,5,0,0,blonde,HammerThrow
v_HammerThrow_g18_c01,4,1,0,0,black,HammerThrow
v_HammerThrow_g19_c05,3,2,0,0,black,HammerThrow
v_HammerThrow_g20_c01,1,4,0,0,blonde,HammerThrow
v_HammerThrow_g21_c02,5,0,0,0,black,HammerThrow
v_HammerThrow_g21_c03,3,2,0,0,black,HammerThrow
v_HammerThrow_g22_c04,1,4,0,0,blonde,HammerThrow
v_HammerThrow_g24_c03,2,3,0,0,blonde,HammerThrow
v_HammerThrow_g25_c02,0,5,0,0,blonde,HammerThrow
v_HammerThrow_g25_c03,0,5,0,0,blonde,HammerThrow
v_Hammering_g03_c01,4,1,0,0,black,Hammering
v_Hammering_g04_c02,3,2,0,0,black,Hammering
v_Hammering_g04_c04,3,2,0,0,black,Hammering
v_Hammering_g05_c02,3,2,0,0,black,Hammering
v_Hammering_g06_c01,0,5,0,0,blonde,Hammering
v_Hammering_g06_c02,1,4,0,0,blonde,Hammering
v_Hammering_g07_c01,1,4,0,0,blonde,Hammering
v_Hammering_g07_c02,0,5,0,0,blonde,Hammering
v_Hammering_g09_c02,3,2,0,0,black,Hammering
v_Hammering_g09_c07,3,2,0,0,black,Hammering
v_Hammering_g19_c04,2,3,0,0,blonde,Hammering
v_Hammering_g19_c06,1,4,0,0,blonde,Hammering
v_Hammering_g21_c01,3,2,0,0,black,Hammering
v_Hammering_g21_c04,4,1,0,0,black,Hammering
v_HandstandPushups_g01_c04,2,3,0,0,blonde,HandstandPushups
v_HandstandPushups_g02_c04,5,0,0,0,black,HandstandPushups
v_HandstandPushups_g04_c01,3,2,0,0,black,HandstandPushups
v_HandstandPushups_g05_c04,2,3,0,0,blonde,HandstandPushups
v_HandstandPushups_g11_c01,2,3,0,0,blonde,HandstandPushups
v_HandstandPushups_g11_c02,1,4,0,0,blonde,HandstandPushups
v_HandstandPushups_g11_c03,2,3,0,0,blonde,HandstandPushups
v_HandstandPushups_g16_c03,3,2,0,0,black,HandstandPushups
v_HandstandPushups_g16_c05,5,0,0,0,black,HandstandPushups
v_HandstandPushups_g16_c07,3,2,0,0,black,HandstandPushups
v_HandstandPushups_g20_c01,4,1,0,0,black,HandstandPushups
v_HandstandPushups_g20_c02,5,0,0,0,black,HandstandPushups
v_HandstandPushups_g20_c04,3,2,0,0,black,HandstandPushups
v_HandstandPushups_g21_c02,2,3,0,0,blonde,HandstandPushups
v_HandstandPushups_g21_c04,0,5,0,0,blonde,HandstandPushups
v_HandstandWalking_g01_c03,2,3,0,0,blonde,HandstandWalking
v_HandstandWalking_g01_c04,0,5,0,0,blonde,HandstandWalking
v_HandstandWalking_g02_c01,1,4,0,0,blonde,HandstandWalking
v_HandstandWalking_g03_c04,5,0,0,0,black,HandstandWalking
v_HandstandWalking_g04_c02,4,1,0,0,black,HandstandWalking
v_HandstandWalking_g06_c03,4,1,0,0,black,HandstandWalking
v_HandstandWalking_g07_c06,2,3,0,0,blonde,HandstandWalking
v_HandstandWalking_g11_c03,2,3,0,0,blonde,HandstandWalking
v_HandstandWalking_g12_c01,2,3,0,0,blonde,HandstandWalking
v_HandstandWalking_g12_c04,2,3,0,0,blonde,HandstandWalking
v_HandstandWalking_g13_c02,1,4,0,0,blonde,HandstandWalking
v_HandstandWalking_g13_c04,2,3,0,0,blonde,HandstandWalking
v_HandstandWalking_g16_c01,2,3,0,0,blonde,HandstandWalking
v_HandstandWalking_g17_c03,2,3,0,0,blonde,HandstandWalking
v_HandstandWalking_g21_c01,2,3,0,0,blonde,HandstandWalking
v_HeadMassage_g01_c01,0,5,0,0,blonde,HeadMassage
v_HeadMassage_g02_c04,3,2,0,0,black,HeadMassage
v_HeadMassage_g08_c03,4,1,0,0,black,HeadMassage
v_HeadMassage_g10_c03,3,2,0,0,black,HeadMassage
v_HeadMassage_g11_c05,0,5,0,0,blonde,HeadMassage
v_HeadMassage_g12_c05,2,3,0,0,blonde,HeadMassage
v_HeadMassage_g12_c06,0,5,0,0,blonde,HeadMassage
v_HeadMassage_g13_c03,4,1,0,0,black,HeadMassage
v_HeadMassage_g14_c05,1,4,0,0,blonde,HeadMassage
v_HeadMassage_g14_c06,2,3,0,0,blonde,HeadMassage
v_HeadMassage_g15_c03,4,1,0,0,black,HeadMassage
v_HeadMassage_g15_c07,4,1,0,0,black,HeadMassage
v_HeadMassage_g22_c01,3,2,0,0,black,HeadMassage
v_HeadMassage_g22_c07,5,0,0,0,black,HeadMassage
v_HighJump_g01_c01,2,3,0,0,blonde,HighJump
v_HighJump_g03_c02,0,5,0,0,blonde,HighJump
v_HighJump_g04_c02,0,5,0,0,blonde,HighJump
v_HighJump_g04_c04,0,5,0,0,blonde,HighJump
v_HighJump_g06_c01,1,4,0,0,blonde,HighJump
v_HighJump_g06_c02,2,3,0,0,blonde,HighJump
v_HighJump_g07_c03,3,2,0,0,black,HighJump
v_HighJump_g09_c04,2,3,0,0,blonde,HighJump
v_HighJump_g12_c01,0,5,0,0,blonde,HighJump
v_HighJump_g12_c02,0,5,0,0,blonde,HighJump
v_HighJump_g13_c04,3,2,0,0,black,HighJump
v_HighJump_g16_c02,0,5,0,0,blonde,HighJump
v_HighJump_g16_c05,1,4,0,0,blonde,HighJump
v_HighJump_g17_c02,2,3,0,0,blonde,HighJump
v_HighJump_g18_c04,2,3,0,0,blonde,HighJump
v_HighJump_g19_c02,5,0,0,0,black,HighJump
v_HighJump_g19_c04,5,0,0,0,black,HighJump
v_HighJump_g20_c02,2,3,0,0,blonde,HighJump
v_HighJump_g23_c06,5,0,0,0,black,HighJump
v_HighJump_g24_c01,1,4,0,0,blonde,HighJump
v_HighJump_g24_c05,1,4,0,0,blonde,HighJump
v_HighJump_g25_c05,4,1,0,0,black,HighJump
v_HorseRace_g01_c01,2,3,0,0,blonde,HorseRace
v_HorseRace_g02_c02,5,0,0,0,black,HorseRace
v_HorseRace_g04_c03,1,4,0,0,blonde,HorseRace
v_HorseRace_g05_c03,0,5,0,0,blonde,HorseRace
v_HorseRace_g05_c04,1,4,0,0,blonde,HorseRace
v_HorseRace_g06_c01,0,5,0,0,blonde,HorseRace
v_HorseRace_g06_c02,1,4,0,0,blonde,HorseRace
v_HorseRace_g06_c04,1,4,0,0,blonde,HorseRace
v_HorseRace_g07_c05,2,3,0,0,blonde,HorseRace
v_HorseRace_g08_c02,2,3,0,0,blonde,HorseRace
v_HorseRace_g08_c03,1,4,0,0,blonde,HorseRace
v_HorseRace_g12_c04,2,3,0,0,blonde,HorseRace
v_HorseRace_g13_c04,3,2,0,0,black,HorseRace
v_HorseRace_g13_c05,5,0,0,0,black,HorseRace
v_HorseRace_g19_c02,1,4,0,0,blonde,HorseRace
v_HorseRace_g19_c03,1,4,0,0,blonde,HorseRace
v_HorseRace_g19_c04,0,5,0,0,blonde,HorseRace
v_HorseRace_g20_c03,2,3,0,0,blonde,HorseRace
v_HorseRace_g21_c01,1,4,0,0,blonde,HorseRace
v_HorseRace_g21_c03,2,3,0,0,blonde,HorseRace
v_HorseRace_g24_c04,2,3,0,0,blonde,HorseRace
v_HorseRiding_g01_c02,1,4,0,0,blonde,HorseRiding
v_HorseRiding_g01_c03,1,4,0,0,blonde,HorseRiding
v_HorseRiding_g04_c05,5,0,0,0,black,HorseRiding
v_HorseRiding_g04_c06,5,0,0,0,black,HorseRiding
v_HorseRiding_g04_c07,5,0,0,0,black,HorseRiding
v_HorseRiding_g05_c06,5,0,0,0,black,HorseRiding
v_HorseRiding_g05_c07,5,0,0,0,black,HorseRiding
v_HorseRiding_g06_c06,1,4,0,0,blonde,HorseRiding
v_HorseRiding_g06_c07,0,5,0,0,blonde,HorseRiding
v_HorseRiding_g07_c04,3,2,0,0,black,HorseRiding
v_HorseRiding_g07_c05,4,1,0,0,black,HorseRiding
v_HorseRiding_g08_c03,1,4,0,0,blonde,HorseRiding
v_HorseRiding_g08_c05,0,5,0,0,blonde,HorseRiding
v_HorseRiding_g09_c01,4,1,0,0,black,HorseRiding
v_HorseRiding_g09_c05,0,1,0,4,white,HorseRiding
v_HorseRiding_g10_c01,3,2,0,0,black,HorseRiding
v_HorseRiding_g10_c02,3,2,0,0,black,HorseRiding
v_HorseRiding_g10_c06,3,2,0,0,black,HorseRiding
v_HorseRiding_g11_c01,3,2,0,0,black,HorseRiding
v_HorseRiding_g11_c02,3,2,0,0,black,HorseRiding
v_HorseRiding_g11_c07,3,2,0,0,black,HorseRiding
v_HorseRiding_g12_c01,5,0,0,0,black,HorseRiding
v_HorseRiding_g12_c02,4,1,0,0,black,HorseRiding
v_HorseRiding_g12_c05,5,0,0,0,black,HorseRiding
v_HorseRiding_g14_c02,3,2,0,0,black,HorseRiding
v_HorseRiding_g14_c04,4,1,0,0,black,HorseRiding
v_HorseRiding_g14_c06,3,2,0,0,black,HorseRiding
v_HorseRiding_g15_c01,3,2,0,0,black,HorseRiding
v_HorseRiding_g15_c02,3,2,0,0,black,HorseRiding
v_HorseRiding_g19_c05,0,5,0,0,blonde,HorseRiding
v_HorseRiding_g19_c06,0,5,0,0,blonde,HorseRiding
v_HorseRiding_g19_c07,0,5,0,0,blonde,HorseRiding
v_HorseRiding_g20_c02,1,1,0,3,white,HorseRiding
v_HorseRiding_g21_c05,0,5,0,0,blonde,HorseRiding
v_HorseRiding_g21_c06,0,5,0,0,blonde,HorseRiding
v_HorseRiding_g23_c03,2,3,0,0,blonde,HorseRiding
v_HorseRiding_g24_c07,2,3,0,0,blonde,HorseRiding
v_HorseRiding_g25_c07,3,2,0,0,black,HorseRiding
v_HulaHoop_g08_c05,0,5,0,0,blonde,HulaHoop
v_HulaHoop_g09_c01,2,3,0,0,blonde,HulaHoop
v_HulaHoop_g09_c06,1,4,0,0,blonde,HulaHoop
v_HulaHoop_g15_c02,0,5,0,0,blonde,HulaHoop
v_HulaHoop_g15_c03,1,4,0,0,blonde,HulaHoop
v_HulaHoop_g17_c04,2,3,0,0,blonde,HulaHoop
v_HulaHoop_g18_c04,1,4,0,0,blonde,HulaHoop
v_IceDancing_g05_c01,0,5,0,0,blonde,IceDancing
v_IceDancing_g05_c03,2,3,0,0,blonde,IceDancing
v_IceDancing_g05_c04,0,5,0,0,blonde,IceDancing
v_IceDancing_g10_c04,0,5,0,0,blonde,IceDancing
v_IceDancing_g10_c06,1,4,0,0,blonde,IceDancing
v_IceDancing_g16_c06,3,2,0,0,black,IceDancing
v_IceDancing_g17_c02,2,3,0,0,blonde,IceDancing
v_IceDancing_g17_c05,2,3,0,0,blonde,IceDancing
v_IceDancing_g20_c04,1,4,0,0,blonde,IceDancing
v_IceDancing_g21_c04,3,2,0,0,black,IceDancing
v_IceDancing_g21_c05,3,2,0,0,black,IceDancing
v_IceDancing_g21_c06,3,2,0,0,black,IceDancing
v_IceDancing_g25_c05,3,2,0,0,black,IceDancing
v_JavelinThrow_g01_c02,0,5,0,0,blonde,JavelinThrow
v_JavelinThrow_g01_c04,2,3,0,0,blonde,JavelinThrow
v_JavelinThrow_g03_c03,1,4,0,0,blonde,JavelinThrow
v_JavelinThrow_g04_c02,5,0,0,0,black,JavelinThrow
v_JavelinThrow_g05_c04,4,1,0,0,black,JavelinThrow
v_JavelinThrow_g05_c06,3,2,0,0,black,JavelinThrow
v_JavelinThrow_g08_c03,5,0,0,0,black,JavelinThrow
v_JavelinThrow_g09_c02,2,3,0,0,blonde,JavelinThrow
v_JavelinThrow_g11_c03,1,4,0,0,blonde,JavelinThrow
v_JavelinThrow_g11_c04,0,5,0,0,blonde,JavelinThrow
v_JavelinThrow_g13_c04,0,5,0,0,blonde,JavelinThrow
v_JavelinThrow_g14_c01,4,1,0,0,black,JavelinThrow
v_JavelinThrow_g14_c02,5,0,0,0,black,JavelinThrow
v_JavelinThrow_g15_c04,0,5,0,0,blonde,JavelinThrow
v_JavelinThrow_g16_c01,2,3,0,0,blonde,JavelinThrow
v_JavelinThrow_g16_c03,1,4,0,0,blonde,JavelinThrow
v_JavelinThrow_g16_c06,2,3,0,0,blonde,JavelinThrow
v_JavelinThrow_g18_c01,1,4,0,0,blonde,JavelinThrow
v_JavelinThrow_g20_c04,1,4,0,0,blonde,JavelinThrow
v_JavelinThrow_g21_c04,5,0,0,0,black,JavelinThrow
v_JavelinThrow_g23_c03,1,4,0,0,blonde,JavelinThrow
v_JavelinThrow_g23_c04,1,4,0,0,blonde,JavelinThrow
v_JavelinThrow_g24_c01,2,3,0,0,blonde,JavelinThrow
v_JugglingBalls_g25_c02,3,2,0,0,black,JugglingBalls
v_JumpRope_g02_c02,1,4,0,0,blonde,JumpRope
v_JumpRope_g02_c06,2,3,0,0,blonde,JumpRope
v_JumpRope_g17_c02,2,3,0,0,blonde,JumpRope
v_JumpRope_g17_c05,0,5,0,0,blonde,JumpRope
v_JumpingJack_g10_c02,2,3,0,0,blonde,JumpingJack
v_JumpingJack_g11_c03,1,4,0,0,blonde,JumpingJack
v_JumpingJack_g11_c04,2,3,0,0,blonde,JumpingJack
v_JumpingJack_g17_c03,0,5,0,0,blonde,JumpingJack
v_JumpingJack_g17_c04,1,4,0,0,blonde,JumpingJack
v_JumpingJack_g19_c02,3,2,0,0,black,JumpingJack
v_JumpingJack_g19_c04,3,2,0,0,black,JumpingJack
v_JumpingJack_g21_c03,0,5,0,0,blonde,JumpingJack
v_JumpingJack_g21_c04,1,4,0,0,blonde,JumpingJack
v_Kayaking_g02_c04,1,4,0,0,blonde,Kayaking
v_Kayaking_g06_c05,5,0,0,0,black,Kayaking
v_Kayaking_g06_c06,5,0,0,0,black,Kayaking
v_Kayaking_g06_c07,5,0,0,0,black,Kayaking
v_Kayaking_g07_c02,1,4,0,0,blonde,Kayaking
v_Kayaking_g08_c06,2,3,0,0,blonde,Kayaking
v_Kayaking_g09_c02,5,0,0,0,black,Kayaking
v_Kayaking_g09_c03,5,0,0,0,black,Kayaking
v_Kayaking_g13_c01,2,3,0,0,blonde,Kayaking
v_Kayaking_g13_c03,1,4,0,0,blonde,Kayaking
v_Kayaking_g16_c01,2,0,0,3,white,Kayaking
v_Kayaking_g18_c03,2,3,0,0,blonde,Kayaking
v_Kayaking_g22_c03,2,3,0,0,blonde,Kayaking
v_Kayaking_g22_c04,2,3,0,0,blonde,Kayaking
v_Kayaking_g22_c06,2,3,0,0,blonde,Kayaking
v_Kayaking_g25_c01,2,3,0,0,blonde,Kayaking
v_Knitting_g06_c01,0,2,3,0,red,Knitting
v_Knitting_g06_c04,0,0,5,0,red,Knitting
v_Knitting_g20_c02,2,3,0,0,blonde,Knitting
v_Knitting_g20_c04,0,5,0,0,blonde,Knitting
v_LongJump_g01_c01,2,3,0,0,blonde,LongJump
v_LongJump_g03_c04,2,3,0,0,blonde,LongJump
v_LongJump_g03_c06,0,5,0,0,blonde,LongJump
v_LongJump_g05_c01,2,3,0,0,blonde,LongJump
v_LongJump_g07_c03,4,1,0,0,black,LongJump
v_LongJump_g08_c02,2,3,0,0,blonde,LongJump
v_LongJump_g11_c01,5,0,0,0,black,LongJump
v_LongJump_g11_c03,3,2,0,0,black,LongJump
v_LongJump_g13_c05,2,3,0,0,blonde,LongJump
v_LongJump_g14_c05,2,3,0,0,blonde,LongJump
v_LongJump_g15_c02,0,5,0,0,blonde,LongJump
v_LongJump_g17_c03,1,4,0,0,blonde,LongJump
v_LongJump_g17_c04,0,5,0,0,blonde,LongJump
v_LongJump_g18_c01,0,5,0,0,blonde,LongJump
v_LongJump_g18_c05,2,3,0,0,blonde,LongJump
v_LongJump_g19_c03,5,0,0,0,black,LongJump
v_Lunges_g01_c06,2,3,0,0,blonde,Lunges
v_Lunges_g01_c07,1,4,0,0,blonde,Lunges
v_Lunges_g06_c06,3,2,0,0,black,Lunges
v_Lunges_g10_c02,2,3,0,0,blonde,Lunges
v_Lunges_g10_c03,2,3,0,0,blonde,Lunges
v_Lunges_g16_c04,0,5,0,0,blonde,Lunges
v_Lunges_g25_c03,2,3,0,0,blonde,Lunges
v_Lunges_g25_c04,2,3,0,0,blonde,Lunges
v_MilitaryParade_g05_c01,1,4,0,0,blonde,MilitaryParade
v_MilitaryParade_g05_c03,0,5,0,0,blonde,MilitaryParade
v_MilitaryParade_g20_c01,1,4,0,0,blonde,MilitaryParade
v_MilitaryParade_g20_c02,0,5,0,0,blonde,MilitaryParade
v_MilitaryParade_g21_c04,2,3,0,0,blonde,MilitaryParade
v_Mixing_g07_c02,3,2,0,0,black,Mixing
v_Mixing_g08_c02,5,0,0,0,black,Mixing
v_Mixing_g11_c03,2,3,0,0,blonde,Mixing
v_Mixing_g13_c01,0,5,0,0,blonde,Mixing
v_Mixing_g13_c02,0,5,0,0,blonde,Mixing
v_Mixing_g17_c01,3,2,0,0,black,Mixing
v_Mixing_g19_c01,0,5,0,0,blonde,Mixing
v_Mixing_g19_c02,1,4,0,0,blonde,Mixing
v_Mixing_g21_c04,3,2,0,0,black,Mixing
v_MoppingFloor_g06_c02,0,5,0,0,blonde,MoppingFloor
v_MoppingFloor_g06_c03,1,4,0,0,blonde,MoppingFloor
v_MoppingFloor_g10_c04,1,4,0,0,blonde,MoppingFloor
v_MoppingFloor_g11_c01,0,5,0,0,blonde,MoppingFloor
v_MoppingFloor_g14_c01,2,3,0,0,blonde,MoppingFloor
v_MoppingFloor_g14_c02,2,3,0,0,blonde,MoppingFloor
v_MoppingFloor_g15_c01,3,2,0,0,black,MoppingFloor
v_MoppingFloor_g17_c01,2,3,0,0,blonde,MoppingFloor
v_MoppingFloor_g17_c03,2,3,0,0,blonde,MoppingFloor
v_MoppingFloor_g17_c05,2,3,0,0,blonde,MoppingFloor
v_MoppingFloor_g20_c02,2,3,0,0,blonde,MoppingFloor
v_MoppingFloor_g21_c01,0,5,0,0,blonde,MoppingFloor
v_MoppingFloor_g21_c03,2,3,0,0,blonde,MoppingFloor
v_MoppingFloor_g24_c03,2,3,0,0,blonde,MoppingFloor
v_MoppingFloor_g24_c04,2,3,0,0,blonde,MoppingFloor
v_MoppingFloor_g25_c01,1,4,0,0,blonde,MoppingFloor
v_MoppingFloor_g25_c03,2,3,0,0,blonde,MoppingFloor
v_Nunchucks_g03_c04,2,3,0,0,blonde,Nunchucks
v_Nunchucks_g05_c01,1,4,0,0,blonde,Nunchucks
v_Nunchucks_g08_c01,3,2,0,0,black,Nunchucks
v_Nunchucks_g08_c03,3,2,0,0,black,Nunchucks
v_Nunchucks_g08_c05,3,2,0,0,black,Nunchucks
v_Nunchucks_g09_c04,2,3,0,0,blonde,Nunchucks
v_Nunchucks_g09_c05,2,3,0,0,blonde,Nunchucks
v_Nunchucks_g17_c01,1,4,0,0,blonde,Nunchucks
v_Nunchucks_g17_c04,1,4,0,0,blonde,Nunchucks
v_Nunchucks_g17_c05,1,4,0,0,blonde,Nunchucks
v_ParallelBars_g03_c01,0,5,0,0,blonde,ParallelBars
v_ParallelBars_g03_c02,0,5,0,0,blonde,ParallelBars
v_ParallelBars_g04_c03,5,0,0,0,black,ParallelBars
v_ParallelBars_g04_c04,3,2,0,0,black,ParallelBars
v_ParallelBars_g04_c07,4,1,0,0,black,ParallelBars
v_ParallelBars_g05_c04,1,4,0,0,blonde,ParallelBars
v_ParallelBars_g05_c05,2,3,0,0,blonde,ParallelBars
v_ParallelBars_g06_c02,3,2,0,0,black,ParallelBars
v_ParallelBars_g08_c04,4,1,0,0,black,ParallelBars
v_ParallelBars_g09_c02,2,3,0,0,blonde,ParallelBars
v_ParallelBars_g10_c04,4,1,0,0,black,ParallelBars
v_ParallelBars_g11_c01,2,3,0,0,blonde,ParallelBars
v_ParallelBars_g12_c01,3,2,0,0,black,ParallelBars
v_ParallelBars_g13_c01,0,5,0,0,blonde,ParallelBars
v_ParallelBars_g13_c03,1,4,0,0,blonde,ParallelBars
v_ParallelBars_g14_c03,0,5,0,0,blonde,ParallelBars
v_ParallelBars_g14_c04,0,5,0,0,blonde,ParallelBars
v_ParallelBars_g16_c03,5,0,0,0,black,ParallelBars
v_ParallelBars_g17_c01,0,5,0,0,blonde,ParallelBars
v_ParallelBars_g17_c03,0,5,0,0,blonde,ParallelBars
v_ParallelBars_g18_c01,4,1,0,0,black,ParallelBars
v_ParallelBars_g19_c02,3,2,0,0,black,ParallelBars
v_ParallelBars_g20_c01,1,4,0,0,blonde,ParallelBars
v_ParallelBars_g20_c02,0,5,0,0,blonde,ParallelBars
v_ParallelBars_g23_c01,1,4,0,0,blonde,ParallelBars
v_ParallelBars_g23_c02,0,5,0,0,blonde,ParallelBars
v_ParallelBars_g24_c03,1,4,0,0,blonde,ParallelBars
v_ParallelBars_g24_c04,2,3,0,0,blonde,ParallelBars
v_ParallelBars_g25_c01,0,5,0,0,blonde,ParallelBars
v_ParallelBars_g25_c02,0,5,0,0,blonde,ParallelBars
v_PizzaTossing_g01_c02,1,4,0,0,blonde,PizzaTossing
v_PizzaTossing_g11_c01,0,5,0,0,blonde,PizzaTossing
v_PizzaTossing_g11_c05,2,3,0,0,blonde,PizzaTossing
v_PizzaTossing_g12_c03,2,3,0,0,blonde,PizzaTossing
v_PizzaTossing_g15_c02,1,4,0,0,blonde,PizzaTossing
v_PizzaTossing_g15_c03,0,5,0,0,blonde,PizzaTossing
v_PizzaTossing_g17_c02,1,4,0,0,blonde,PizzaTossing
v_PizzaTossing_g17_c03,2,3,0,0,blonde,PizzaTossing
v_PizzaTossing_g19_c04,1,4,0,0,blonde,PizzaTossing
v_PizzaTossing_g19_c05,2,3,0,0,blonde,PizzaTossing
v_PizzaTossing_g23_c01,4,1,0,0,black,PizzaTossing
v_PizzaTossing_g23_c02,5,0,0,0,black,PizzaTossing
v_PlayingCello_g08_c04,5,0,0,0,black,PlayingCello
v_PlayingCello_g09_c03,4,1,0,0,black,PlayingCello
v_PlayingCello_g09_c05,4,1,0,0,black,PlayingCello
v_PlayingCello_g09_c06,4,1,0,0,black,PlayingCello
v_PlayingCello_g10_c03,2,3,0,0,blonde,PlayingCello
v_PlayingCello_g25_c05,5,0,0,0,black,PlayingCello
v_PlayingCello_g25_c06,5,0,0,0,black,PlayingCello
v_PlayingCello_g25_c07,5,0,0,0,black,PlayingCello
v_PlayingDaf_g04_c07,1,4,0,0,blonde,PlayingDaf
v_PlayingDaf_g10_c01,5,0,0,0,black,PlayingDaf
v_PlayingDaf_g15_c06,3,2,0,0,black,PlayingDaf
v_PlayingDaf_g18_c01,5,0,0,0,black,PlayingDaf
v_PlayingDaf_g18_c02,5,0,0,0,black,PlayingDaf
v_PlayingDaf_g23_c03,2,3,0,0,blonde,PlayingDaf
v_PlayingDaf_g24_c03,2,3,0,0,blonde,PlayingDaf
v_PlayingDhol_g09_c03,2,3,0,0,blonde,PlayingDhol
v_PlayingDhol_g16_c02,2,3,0,0,blonde,PlayingDhol
v_PlayingDhol_g16_c03,2,3,0,0,blonde,PlayingDhol
v_PlayingDhol_g16_c06,2,3,0,0,blonde,PlayingDhol
v_PlayingDhol_g19_c02,1,4,0,0,blonde,PlayingDhol
v_PlayingDhol_g19_c05,1,4,0,0,blonde,PlayingDhol
v_PlayingFlute_g04_c02,2,3,0,0,blonde,PlayingFlute
v_PlayingFlute_g07_c02,2,3,0,0,blonde,PlayingFlute
v_PlayingFlute_g08_c05,0,5,0,0,blonde,PlayingFlute
v_PlayingFlute_g12_c01,2,3,0,0,blonde,PlayingFlute
v_PlayingFlute_g17_c02,5,0,0,0,black,PlayingFlute
v_PlayingFlute_g19_c01,1,4,0,0,blonde,PlayingFlute
v_PlayingFlute_g19_c03,2,3,0,0,blonde,PlayingFlute
v_PlayingFlute_g20_c01,5,0,0,0,black,PlayingFlute
v_PlayingPiano_g14_c03,3,2,0,0,black,PlayingPiano
v_PlayingPiano_g15_c04,2,3,0,0,blonde,PlayingPiano
v_PlayingPiano_g16_c01,2,3,0,0,blonde,PlayingPiano
v_PlayingPiano_g16_c05,1,4,0,0,blonde,PlayingPiano
v_PlayingPiano_g16_c06,1,4,0,0,blonde,PlayingPiano
v_PlayingPiano_g17_c03,2,3,0,0,blonde,PlayingPiano
v_PlayingPiano_g17_c06,0,5,0,0,blonde,PlayingPiano
v_PlayingPiano_g18_c02,0,3,2,0,blonde,PlayingPiano
v_PlayingPiano_g20_c01,0,5,0,0,blonde,PlayingPiano
v_PlayingPiano_g20_c02,0,5,0,0,blonde,PlayingPiano
v_PlayingPiano_g21_c01,2,3,0,0,blonde,PlayingPiano
v_PlayingTabla_g04_c03,5,0,0,0,black,PlayingTabla
v_PlayingTabla_g04_c05,3,2,0,0,black,PlayingTabla
v_PlayingTabla_g09_c01,3,2,0,0,black,PlayingTabla
v_PlayingTabla_g16_c01,3,2,0,0,black,PlayingTabla
v_PlayingTabla_g16_c03,3,2,0,0,black,PlayingTabla
v_PlayingTabla_g23_c04,3,2,0,0,black,PlayingTabla
v_PlayingViolin_g05_c02,1,4,0,0,blonde,PlayingViolin
v_PlayingViolin_g09_c02,1,4,0,0,blonde,PlayingViolin
v_PlayingViolin_g11_c03,0,5,0,0,blonde,PlayingViolin
v_PlayingViolin_g11_c04,0,5,0,0,blonde,PlayingViolin
v_PlayingViolin_g12_c04,1,4,0,0,blonde,PlayingViolin
v_PlayingViolin_g24_c04,4,1,0,0,black,PlayingViolin
v_PoleVault_g02_c04,0,5,0,0,blonde,PoleVault
v_PoleVault_g02_c06,1,4,0,0,blonde,PoleVault
v_PoleVault_g04_c05,1,4,0,0,blonde,PoleVault
v_PoleVault_g05_c03,2,3,0,0,blonde,PoleVault
v_PoleVault_g10_c04,1,4,0,0,blonde,PoleVault
v_PoleVault_g13_c02,0,5,0,0,blonde,PoleVault
v_PoleVault_g16_c01,2,3,0,0,blonde,PoleVault
v_PoleVault_g20_c02,0,5,0,0,blonde,PoleVault
v_PoleVault_g21_c02,0,5,0,0,blonde,PoleVault
v_PoleVault_g21_c04,2,3,0,0,blonde,PoleVault
v_PoleVault_g21_c06,0,5,0,0,blonde,PoleVault
v_PoleVault_g22_c04,3,2,0,0,black,PoleVault
v_PoleVault_g25_c01,3,2,0,0,black,PoleVault
v_PoleVault_g25_c06,4,1,0,0,black,PoleVault
v_PommelHorse_g01_c02,0,5,0,0,blonde,PommelHorse
v_PommelHorse_g01_c06,2,3,0,0,blonde,PommelHorse
v_PommelHorse_g04_c04,3,2,0,0,black,PommelHorse
v_PommelHorse_g11_c01,1,4,0,0,blonde,PommelHorse
v_PommelHorse_g11_c03,2,3,0,0,blonde,PommelHorse
v_PommelHorse_g16_c02,0,5,0,0,blonde,PommelHorse
v_PommelHorse_g20_c05,0,5,0,0,blonde,PommelHorse
v_PommelHorse_g20_c06,0,5,0,0,blonde,PommelHorse
v_PommelHorse_g20_c07,1,4,0,0,blonde,PommelHorse
v_PommelHorse_g22_c05,1,4,0,0,blonde,PommelHorse
v_PommelHorse_g22_c06,0,5,0,0,blonde,PommelHorse
v_PommelHorse_g25_c01,2,3,0,0,blonde,PommelHorse
v_PullUps_g01_c01,2,3,0,0,blonde,PullUps
v_PullUps_g06_c02,0,5,0,0,blonde,PullUps
v_PullUps_g11_c03,0,5,0,0,blonde,PullUps
v_PullUps_g11_c04,0,5,0,0,blonde,PullUps
v_PullUps_g12_c01,2,3,0,0,blonde,PullUps
v_PullUps_g15_c01,1,4,0,0,blonde,PullUps
v_PullUps_g15_c02,2,3,0,0,blonde,PullUps
v_PullUps_g17_c01,2,3,0,0,blonde,PullUps
v_PullUps_g17_c04,2,3,0,0,blonde,PullUps
v_PullUps_g19_c02,3,2,0,0,black,PullUps
v_Punch_g01_c05,0,5,0,0,blonde,Punch
v_Punch_g04_c02,4,1,0,0,black,Punch
v_Punch_g04_c05,5,0,0,0,black,Punch
v_Punch_g13_c04,2,3,0,0,blonde,Punch
v_Punch_g13_c05,2,3,0,0,blonde,Punch
v_Punch_g15_c01,3,2,0,0,black,Punch
v_Punch_g15_c02,3,2,0,0,black,Punch
v_Punch_g18_c05,2,3,0,0,blonde,Punch
v_Punch_g19_c01,0,5,0,0,blonde,Punch
v_Punch_g20_c01,2,3,0,0,blonde,Punch
v_PushUps_g01_c04,5,0,0,0,black,PushUps
v_PushUps_g10_c03,4,1,0,0,black,PushUps
v_PushUps_g20_c01,3,2,0,0,black,PushUps
v_PushUps_g25_c01,0,5,0,0,blonde,PushUps
v_PushUps_g25_c02,2,3,0,0,blonde,PushUps
v_Rafting_g03_c02,0,5,0,0,blonde,Rafting
v_Rafting_g07_c02,2,3,0,0,blonde,Rafting
v_Rafting_g08_c01,1,4,0,0,blonde,Rafting
v_Rafting_g10_c01,4,1,0,0,black,Rafting
v_Rafting_g10_c03,3,2,0,0,black,Rafting
v_Rafting_g13_c02,2,3,0,0,blonde,Rafting
v_Rafting_g13_c05,2,3,0,0,blonde,Rafting
v_Rafting_g14_c03,2,3,0,0,blonde,Rafting
v_Rafting_g16_c03,2,3,0,0,blonde,Rafting
v_Rafting_g17_c01,0,5,0,0,blonde,Rafting
v_Rafting_g17_c02,1,4,0,0,blonde,Rafting
v_Rafting_g19_c04,0,5,0,0,blonde,Rafting
v_Rafting_g21_c02,2,3,0,0,blonde,Rafting
v_Rafting_g21_c04,0,5,0,0,blonde,Rafting
v_Rafting_g24_c02,1,4,0,0,blonde,Rafting
v_Rafting_g25_c02,2,3,0,0,blonde,Rafting
v_RockClimbingIndoor_g02_c03,0,5,0,0,blonde,RockClimbingIndoor
v_RockClimbingIndoor_g02_c04,2,3,0,0,blonde,RockClimbingIndoor
v_RockClimbingIndoor_g04_c01,1,4,0,0,blonde,RockClimbingIndoor
v_RockClimbingIndoor_g06_c05,1,4,0,0,blonde,RockClimbingIndoor
v_RockClimbingIndoor_g07_c02,2,3,0,0,blonde,RockClimbingIndoor
v_RockClimbingIndoor_g09_c04,2,3,0,0,blonde,RockClimbingIndoor
v_RockClimbingIndoor_g12_c03,1,4,0,0,blonde,RockClimbingIndoor
v_RockClimbingIndoor_g12_c05,2,3,0,0,blonde,RockClimbingIndoor
v_RockClimbingIndoor_g13_c06,1,4,0,0,blonde,RockClimbingIndoor
v_RockClimbingIndoor_g16_c01,5,0,0,0,black,RockClimbingIndoor
v_RockClimbingIndoor_g16_c03,4,1,0,0,black,RockClimbingIndoor
v_RockClimbingIndoor_g17_c04,2,3,0,0,blonde,RockClimbingIndoor
v_RockClimbingIndoor_g17_c07,1,4,0,0,blonde,RockClimbingIndoor
v_RockClimbingIndoor_g19_c02,2,3,0,0,blonde,RockClimbingIndoor
v_RockClimbingIndoor_g22_c05,3,2,0,0,black,RockClimbingIndoor
v_RockClimbingIndoor_g22_c06,3,2,0,0,black,RockClimbingIndoor
v_RockClimbingIndoor_g22_c07,3,2,0,0,black,RockClimbingIndoor
v_RopeClimbing_g02_c03,0,5,0,0,blonde,RopeClimbing
v_RopeClimbing_g02_c06,0,5,0,0,blonde,RopeClimbing
v_RopeClimbing_g13_c03,3,2,0,0,black,RopeClimbing
v_RopeClimbing_g13_c06,4,1,0,0,black,RopeClimbing
v_RopeClimbing_g14_c03,2,3,0,0,blonde,RopeClimbing
v_RopeClimbing_g15_c04,0,5,0,0,blonde,RopeClimbing
v_RopeClimbing_g15_c05,0,5,0,0,blonde,RopeClimbing
v_RopeClimbing_g19_c03,3,2,0,0,black,RopeClimbing
v_RopeClimbing_g19_c05,5,0,0,0,black,RopeClimbing
v_RopeClimbing_g19_c06,3,2,0,0,black,RopeClimbing
v_RopeClimbing_g23_c03,0,5,0,0,blonde,RopeClimbing
v_RopeClimbing_g23_c04,0,5,0,0,blonde,RopeClimbing
v_Rowing_g03_c02,5,0,0,0,black,Rowing
v_Rowing_g03_c04,3,2,0,0,black,Rowing
v_Rowing_g03_c06,3,2,0,0,black,Rowing
v_Rowing_g08_c02,2,3,0,0,blonde,Rowing
v_Rowing_g09_c03,1,4,0,0,blonde,Rowing
v_Rowing_g09_c04,1,4,0,0,blonde,Rowing
v_Rowing_g11_c06,2,3,0,0,blonde,Rowing
v_Rowing_g12_c07,0,5,0,0,blonde,Rowing
v_Rowing_g18_c01,0,5,0,0,blonde,Rowing
v_Rowing_g18_c02,1,4,0,0,blonde,Rowing
v_Rowing_g20_c01,0,5,0,0,blonde,Rowing
v_Rowing_g20_c03,0,5,0,0,blonde,Rowing
v_Rowing_g21_c01,3,2,0,0,black,Rowing
v_Rowing_g21_c02,4,1,0,0,black,Rowing
v_Rowing_g22_c02,0,5,0,0,blonde,Rowing
v_Rowing_g22_c03,2,3,0,0,blonde,Rowing
v_Rowing_g23_c04,1,4,0,0,blonde,Rowing
v_Rowing_g24_c02,3,2,0,0,black,Rowing
v_SalsaSpin_g10_c01,1,4,0,0,blonde,SalsaSpin
v_SalsaSpin_g10_c02,0,5,0,0,blonde,SalsaSpin
v_SalsaSpin_g13_c04,1,4,0,0,blonde,SalsaSpin
v_SalsaSpin_g14_c01,3,2,0,0,black,SalsaSpin
v_SalsaSpin_g14_c06,3,2,0,0,black,SalsaSpin
v_SalsaSpin_g15_c03,2,3,0,0,blonde,SalsaSpin
v_SalsaSpin_g19_c03,1,4,0,0,blonde,SalsaSpin
v_SalsaSpin_g20_c04,3,2,0,0,black,SalsaSpin
v_ShavingBeard_g02_c03,1,4,0,0,blonde,ShavingBeard
v_ShavingBeard_g04_c04,1,4,0,0,blonde,ShavingBeard
v_ShavingBeard_g08_c01,4,1,0,0,black,ShavingBeard
v_ShavingBeard_g08_c03,3,2,0,0,black,ShavingBeard
v_ShavingBeard_g08_c04,3,2,0,0,black,ShavingBeard
v_ShavingBeard_g09_c03,4,1,0,0,black,ShavingBeard
v_ShavingBeard_g09_c06,4,1,0,0,black,ShavingBeard
v_ShavingBeard_g12_c06,2,3,0,0,blonde,ShavingBeard
v_ShavingBeard_g16_c03,5,0,0,0,black,ShavingBeard
v_ShavingBeard_g16_c05,4,1,0,0,black,ShavingBeard
v_ShavingBeard_g19_c01,4,1,0,0,black,ShavingBeard
v_ShavingBeard_g19_c02,3,2,0,0,black,ShavingBeard
v_Shotput_g03_c02,3,2,0,0,black,Shotput
v_Shotput_g03_c04,5,0,0,0,black,Shotput
v_Shotput_g04_c05,2,3,0,0,blonde,Shotput
v_Shotput_g08_c03,3,2,0,0,black,Shotput
v_Shotput_g08_c07,3,2,0,0,black,Shotput
v_Shotput_g09_c01,2,3,0,0,blonde,Shotput
v_Shotput_g09_c06,1,4,0,0,blonde,Shotput
v_Shotput_g11_c04,1,4,0,0,blonde,Shotput
v_Shotput_g11_c07,2,3,0,0,blonde,Shotput
v_Shotput_g14_c02,0,5,0,0,blonde,Shotput
v_Shotput_g15_c05,0,5,0,0,blonde,Shotput
v_Shotput_g17_c03,1,4,0,0,blonde,Shotput
v_Shotput_g22_c01,2,3,0,0,blonde,Shotput
v_Shotput_g22_c03,2,3,0,0,blonde,Shotput
v_Shotput_g23_c05,0,5,0,0,blonde,Shotput
v_Shotput_g23_c07,0,5,0,0,blonde,Shotput
v_SkateBoarding_g01_c04,1,4,0,0,blonde,SkateBoarding
v_SkateBoarding_g02_c03,2,3,0,0,blonde,SkateBoarding
v_SkateBoarding_g02_c05,1,4,0,0,blonde,SkateBoarding
v_SkateBoarding_g06_c04,1,4,0,0,blonde,SkateBoarding
v_SkateBoarding_g11_c03,2,3,0,0,blonde,SkateBoarding
v_SkateBoarding_g12_c03,2,3,0,0,blonde,SkateBoarding
v_SkateBoarding_g13_c03,2,3,0,0,blonde,SkateBoarding
v_SkateBoarding_g23_c04,0,5,0,0,blonde,SkateBoarding
v_SkateBoarding_g24_c01,0,5,0,0,blonde,SkateBoarding
v_SkateBoarding_g24_c03,1,4,0,0,blonde,SkateBoarding
v_SkateBoarding_g25_c05,2,3,0,0,blonde,SkateBoarding
v_Skiing_g01_c01,2,3,0,0,blonde,Skiing
v_Skiing_g01_c03,2,3,0,0,blonde,Skiing
v_Skiing_g01_c05,2,3,0,0,blonde,Skiing
v_Skiing_g02_c02,2,3,0,0,blonde,Skiing
v_Skiing_g03_c01,3,2,0,0,black,Skiing
v_Skiing_g03_c02,5,0,0,0,black,Skiing
v_Skiing_g03_c07,4,1,0,0,black,Skiing
v_Skiing_g05_c04,2,3,0,0,blonde,Skiing
v_Skiing_g25_c03,3,2,0,0,black,Skiing
v_Skijet_g03_c01,2,3,0,0,blonde,Skijet
v_Skijet_g04_c02,1,4,0,0,blonde,Skijet
v_Skijet_g06_c04,2,3,0,0,blonde,Skijet
v_Skijet_g15_c03,3,2,0,0,black,Skijet
v_Skijet_g21_c01,2,3,0,0,blonde,Skijet
v_Skijet_g22_c03,2,3,0,0,blonde,Skijet
v_Skijet_g23_c03,1,4,0,0,blonde,Skijet
v_Skijet_g23_c04,1,4,0,0,blonde,Skijet
v_Skijet_g24_c02,1,4,0,0,blonde,Skijet
v_Skijet_g25_c02,1,4,0,0,blonde,Skijet
v_SkyDiving_g06_c03,3,2,0,0,black,SkyDiving
v_SkyDiving_g08_c01,2,3,0,0,blonde,SkyDiving
v_SkyDiving_g12_c03,0,5,0,0,blonde,SkyDiving
v_SkyDiving_g18_c02,3,2,0,0,black,SkyDiving
v_SkyDiving_g19_c03,2,3,0,0,blonde,SkyDiving
v_SkyDiving_g19_c04,2,3,0,0,blonde,SkyDiving
v_SkyDiving_g20_c05,2,3,0,0,blonde,SkyDiving
v_SkyDiving_g20_c06,2,3,0,0,blonde,SkyDiving
v_SkyDiving_g22_c01,1,4,0,0,blonde,SkyDiving
v_SkyDiving_g22_c02,0,5,0,0,blonde,SkyDiving
v_SkyDiving_g25_c03,1,4,0,0,blonde,SkyDiving
v_SoccerJuggling_g01_c01,3,2,0,0,black,SoccerJuggling
v_SoccerJuggling_g02_c04,2,3,0,0,blonde,SoccerJuggling
v_SoccerJuggling_g03_c03,1,4,0,0,blonde,SoccerJuggling
v_SoccerJuggling_g04_c05,1,4,0,0,blonde,SoccerJuggling
v_SoccerJuggling_g12_c02,2,3,0,0,blonde,SoccerJuggling
v_SoccerJuggling_g12_c03,2,3,0,0,blonde,SoccerJuggling
v_SoccerJuggling_g16_c05,4,1,0,0,black,SoccerJuggling
v_SoccerJuggling_g16_c06,5,0,0,0,black,SoccerJuggling
v_SoccerJuggling_g16_c07,5,0,0,0,black,SoccerJuggling
v_SoccerJuggling_g19_c02,4,1,0,0,black,SoccerJuggling
v_SoccerJuggling_g19_c06,5,0,0,0,black,SoccerJuggling
v_SoccerJuggling_g19_c07,5,0,0,0,black,SoccerJuggling
v_SoccerJuggling_g20_c03,3,2,0,0,black,SoccerJuggling
v_SoccerJuggling_g22_c05,1,4,0,0,blonde,SoccerJuggling
v_SoccerJuggling_g22_c06,2,3,0,0,blonde,SoccerJuggling
v_SoccerJuggling_g22_c07,1,4,0,0,blonde,SoccerJuggling
v_SoccerJuggling_g24_c02,1,4,0,0,blonde,SoccerJuggling
v_SoccerJuggling_g24_c04,2,3,0,0,blonde,SoccerJuggling
v_SoccerJuggling_g24_c05,0,5,0,0,blonde,SoccerJuggling
v_SoccerPenalty_g01_c06,3,2,0,0,black,SoccerPenalty
v_SoccerPenalty_g02_c02,5,0,0,0,black,SoccerPenalty
v_SoccerPenalty_g02_c04,4,1,0,0,black,SoccerPenalty
v_SoccerPenalty_g03_c02,0,5,0,0,blonde,SoccerPenalty
v_SoccerPenalty_g03_c04,0,5,0,0,blonde,SoccerPenalty
v_SoccerPenalty_g04_c01,4,1,0,0,black,SoccerPenalty
v_SoccerPenalty_g05_c03,4,1,0,0,black,SoccerPenalty
v_SoccerPenalty_g06_c02,3,2,0,0,black,SoccerPenalty
v_SoccerPenalty_g06_c03,3,2,0,0,black,SoccerPenalty
v_SoccerPenalty_g06_c07,3,2,0,0,black,SoccerPenalty
v_SoccerPenalty_g09_c02,0,5,0,0,blonde,SoccerPenalty
v_SoccerPenalty_g09_c04,0,5,0,0,blonde,SoccerPenalty
v_SoccerPenalty_g10_c02,0,5,0,0,blonde,SoccerPenalty
v_SoccerPenalty_g10_c04,0,5,0,0,blonde,SoccerPenalty
v_SoccerPenalty_g11_c01,5,0,0,0,black,SoccerPenalty
v_SoccerPenalty_g11_c05,5,0,0,0,black,SoccerPenalty
v_SoccerPenalty_g12_c07,3,2,0,0,black,SoccerPenalty
v_SoccerPenalty_g15_c04,3,2,0,0,black,SoccerPenalty
v_SoccerPenalty_g15_c07,5,0,0,0,black,SoccerPenalty
v_SoccerPenalty_g16_c01,1,4,0,0,blonde,SoccerPenalty
v_SoccerPenalty_g16_c04,2,3,0,0,blonde,SoccerPenalty
v_SoccerPenalty_g18_c02,1,4,0,0,blonde,SoccerPenalty
v_SoccerPenalty_g19_c03,3,2,0,0,black,SoccerPenalty
v_SoccerPenalty_g20_c02,0,5,0,0,blonde,SoccerPenalty
v_SoccerPenalty_g20_c04,1,4,0,0,blonde,SoccerPenalty
v_SoccerPenalty_g22_c03,2,3,0,0,blonde,SoccerPenalty
v_SoccerPenalty_g23_c06,2,3,0,0,blonde,SoccerPenalty
v_SoccerPenalty_g24_c02,3,2,0,0,black,SoccerPenalty
v_SoccerPenalty_g24_c05,4,1,0,0,black,SoccerPenalty
v_SoccerPenalty_g25_c04,5,0,0,0,black,SoccerPenalty
v_StillRings_g02_c03,1,4,0,0,blonde,StillRings
v_StillRings_g02_c04,0,5,0,0,blonde,StillRings
v_StillRings_g03_c03,4,1,0,0,black,StillRings
v_StillRings_g04_c02,3,2,0,0,black,StillRings
v_StillRings_g06_c03,0,5,0,0,blonde,StillRings
v_StillRings_g07_c01,1,4,0,0,blonde,StillRings
v_StillRings_g09_c02,5,0,0,0,black,StillRings
v_StillRings_g10_c03,4,1,0,0,black,StillRings
v_StillRings_g11_c02,4,1,0,0,black,StillRings
v_StillRings_g12_c03,0,5,0,0,blonde,StillRings
v_StillRings_g12_c04,0,5,0,0,blonde,StillRings
v_StillRings_g17_c01,3,2,0,0,black,StillRings
v_StillRings_g18_c02,3,2,0,0,black,StillRings
v_StillRings_g20_c02,0,5,0,0,blonde,StillRings
v_StillRings_g20_c03,2,3,0,0,blonde,StillRings
v_StillRings_g22_c04,3,2,0,0,black,StillRings
v_StillRings_g23_c01,0,5,0,0,blonde,StillRings
v_StillRings_g23_c04,0,5,0,0,blonde,StillRings
v_StillRings_g24_c02,4,1,0,0,black,StillRings
v_StillRings_g25_c03,3,2,0,0,black,StillRings
v_SumoWrestling_g01_c01,1,4,0,0,blonde,SumoWrestling
v_SumoWrestling_g06_c01,2,3,0,0,blonde,SumoWrestling
v_SumoWrestling_g06_c02,0,5,0,0,blonde,SumoWrestling
v_SumoWrestling_g07_c07,0,5,0,0,blonde,SumoWrestling
v_SumoWrestling_g08_c06,2,3,0,0,blonde,SumoWrestling
v_SumoWrestling_g09_c04,0,5,0,0,blonde,SumoWrestling
v_SumoWrestling_g14_c01,2,3,0,0,blonde,SumoWrestling
v_SumoWrestling_g17_c03,1,4,0,0,blonde,SumoWrestling
v_SumoWrestling_g24_c04,1,4,0,0,blonde,SumoWrestling
v_SumoWrestling_g25_c02,2,3,0,0,blonde,SumoWrestling
v_SumoWrestling_g25_c03,1,4,0,0,blonde,SumoWrestling
v_Surfing_g01_c04,0,5,0,0,blonde,Surfing
v_Surfing_g02_c03,2,3,0,0,blonde,Surfing
v_Surfing_g02_c04,0,5,0,0,blonde,Surfing
v_Surfing_g03_c03,3,2,0,0,black,Surfing
v_Surfing_g04_c01,0,5,0,0,blonde,Surfing
v_Surfing_g04_c04,0,5,0,0,blonde,Surfing
v_Surfing_g05_c03,1,4,0,0,blonde,Surfing
v_Surfing_g06_c02,3,2,0,0,black,Surfing
v_Surfing_g07_c02,2,3,0,0,blonde,Surfing
v_Surfing_g07_c03,0,5,0,0,blonde,Surfing
v_Surfing_g08_c06,5,0,0,0,black,Surfing
v_Surfing_g09_c05,5,0,0,0,black,Surfing
v_Surfing_g10_c01,1,4,0,0,blonde,Surfing
v_Surfing_g10_c06,0,5,0,0,blonde,Surfing
v_Surfing_g11_c04,3,2,0,0,black,Surfing
v_Surfing_g14_c01,0,5,0,0,blonde,Surfing
v_Surfing_g14_c04,0,5,0,0,blonde,Surfing
v_Surfing_g15_c01,2,3,0,0,blonde,Surfing
v_Surfing_g15_c03,1,4,0,0,blonde,Surfing
v_Surfing_g15_c05,2,3,0,0,blonde,Surfing
v_Surfing_g17_c02,2,3,0,0,blonde,Surfing
v_Surfing_g17_c06,2,3,0,0,blonde,Surfing
v_Surfing_g24_c04,1,4,0,0,blonde,Surfing
v_Swing_g01_c02,4,1,0,0,black,Swing
v_Swing_g01_c05,4,1,0,0,black,Swing
v_Swing_g04_c01,5,0,0,0,black,Swing
v_Swing_g04_c02,5,0,0,0,black,Swing
v_Swing_g04_c05,5,0,0,0,black,Swing
v_Swing_g09_c03,3,2,0,0,black,Swing
v_Swing_g09_c04,3,2,0,0,black,Swing
v_Swing_g11_c01,2,3,0,0,blonde,Swing
v_Swing_g11_c02,0,5,0,0,blonde,Swing
v_Swing_g11_c05,1,4,0,0,blonde,Swing
v_Swing_g14_c03,3,2,0,0,black,Swing
v_Swing_g20_c06,4,1,0,0,black,Swing
v_Swing_g22_c01,4,1,0,0,black,Swing
v_Swing_g23_c04,3,2,0,0,black,Swing
v_Swing_g25_c03,0,5,0,0,blonde,Swing
v_Swing_g25_c04,0,5,0,0,blonde,Swing
v_TableTennisShot_g01_c02,2,3,0,0,blonde,TableTennisShot
v_TableTennisShot_g01_c03,0,5,0,0,blonde,TableTennisShot
v_TableTennisShot_g03_c04,2,3,0,0,blonde,TableTennisShot
v_TableTennisShot_g04_c03,4,1,0,0,black,TableTennisShot
v_TableTennisShot_g06_c01,2,3,0,0,blonde,TableTennisShot
v_TableTennisShot_g06_c02,2,3,0,0,blonde,TableTennisShot
v_TableTennisShot_g11_c02,2,3,0,0,blonde,TableTennisShot
v_TableTennisShot_g12_c01,2,3,0,0,blonde,TableTennisShot
v_TableTennisShot_g12_c04,0,5,0,0,blonde,TableTennisShot
v_TableTennisShot_g15_c02,1,4,0,0,blonde,TableTennisShot
v_TableTennisShot_g24_c01,3,2,0,0,black,TableTennisShot
v_TableTennisShot_g24_c04,3,2,0,0,black,TableTennisShot
v_TaiChi_g06_c03,2,3,0,0,blonde,TaiChi
v_TaiChi_g07_c02,3,2,0,0,black,TaiChi
v_TaiChi_g18_c01,2,3,0,0,blonde,TaiChi
v_TaiChi_g21_c01,1,4,0,0,blonde,TaiChi
v_TaiChi_g24_c02,2,3,0,0,blonde,TaiChi
v_TaiChi_g24_c04,0,5,0,0,blonde,TaiChi
v_TennisSwing_g04_c07,2,3,0,0,blonde,TennisSwing
v_TennisSwing_g06_c06,4,1,0,0,black,TennisSwing
v_TennisSwing_g06_c07,3,2,0,0,black,TennisSwing
v_TennisSwing_g10_c07,0,5,0,0,blonde,TennisSwing
v_TennisSwing_g15_c01,0,5,0,0,blonde,TennisSwing
v_TennisSwing_g21_c05,5,0,0,0,black,TennisSwing
v_TennisSwing_g21_c06,5,0,0,0,black,TennisSwing
v_TennisSwing_g23_c01,0,5,0,0,blonde,TennisSwing
v_TennisSwing_g24_c02,0,5,0,0,blonde,TennisSwing
v_TennisSwing_g24_c03,0,5,0,0,blonde,TennisSwing
v_TennisSwing_g24_c04,0,5,0,0,blonde,TennisSwing
v_ThrowDiscus_g02_c01,0,5,0,0,blonde,ThrowDiscus
v_ThrowDiscus_g04_c03,0,5,0,0,blonde,ThrowDiscus
v_ThrowDiscus_g04_c04,0,5,0,0,blonde,ThrowDiscus
v_ThrowDiscus_g06_c03,1,4,0,0,blonde,ThrowDiscus
v_ThrowDiscus_g08_c02,2,3,0,0,blonde,ThrowDiscus
v_ThrowDiscus_g09_c06,1,4,0,0,blonde,ThrowDiscus
v_ThrowDiscus_g10_c01,5,0,0,0,black,ThrowDiscus
v_ThrowDiscus_g10_c02,3,2,0,0,black,ThrowDiscus
v_ThrowDiscus_g11_c03,1,4,0,0,blonde,ThrowDiscus
v_ThrowDiscus_g16_c03,1,4,0,0,blonde,ThrowDiscus
v_ThrowDiscus_g18_c01,1,4,0,0,blonde,ThrowDiscus
v_ThrowDiscus_g21_c02,0,5,0,0,blonde,ThrowDiscus
v_ThrowDiscus_g22_c01,2,3,0,0,blonde,ThrowDiscus
v_ThrowDiscus_g23_c01,5,0,0,0,black,ThrowDiscus
v_ThrowDiscus_g23_c02,5,0,0,0,black,ThrowDiscus
v_ThrowDiscus_g24_c02,3,2,0,0,black,ThrowDiscus
v_ThrowDiscus_g24_c04,5,0,0,0,black,ThrowDiscus
v_TrampolineJumping_g02_c01,4,1,0,0,black,TrampolineJumping
v_TrampolineJumping_g02_c04,3,2,0,0,black,TrampolineJumping
v_TrampolineJumping_g03_c04,0,5,0,0,blonde,TrampolineJumping
v_TrampolineJumping_g06_c01,5,0,0,0,black,TrampolineJumping
v_TrampolineJumping_g08_c03,4,1,0,0,black,TrampolineJumping
v_TrampolineJumping_g10_c02,3,2,0,0,black,TrampolineJumping
v_TrampolineJumping_g14_c03,5,0,0,0,black,TrampolineJumping
v_TrampolineJumping_g15_c01,3,2,0,0,black,TrampolineJumping
v_TrampolineJumping_g22_c01,2,3,0,0,blonde,TrampolineJumping
v_TrampolineJumping_g24_c02,2,3,0,0,blonde,TrampolineJumping
v_Typing_g01_c07,2,3,0,0,blonde,Typing
v_Typing_g07_c03,1,4,0,0,blonde,Typing
v_Typing_g07_c06,1,4,0,0,blonde,Typing
v_Typing_g12_c02,2,3,0,0,blonde,Typing
v_Typing_g15_c02,1,4,0,0,blonde,Typing
v_Typing_g19_c01,4,1,0,0,black,Typing
v_Typing_g21_c01,3,2,0,0,black,Typing
v_Typing_g22_c02,1,4,0,0,blonde,Typing
v_Typing_g22_c04,2,3,0,0,blonde,Typing
v_UnevenBars_g02_c02,3,2,0,0,black,UnevenBars
v_UnevenBars_g03_c01,5,0,0,0,black,UnevenBars
v_UnevenBars_g04_c04,3,2,0,0,black,UnevenBars
v_UnevenBars_g06_c02,2,3,0,0,blonde,UnevenBars
v_UnevenBars_g06_c03,1,4,0,0,blonde,UnevenBars
v_UnevenBars_g07_c01,0,5,0,0,blonde,UnevenBars
v_UnevenBars_g07_c03,2,3,0,0,blonde,UnevenBars
v_UnevenBars_g12_c03,5,0,0,0,black,UnevenBars
v_UnevenBars_g13_c03,4,1,0,0,black,UnevenBars
v_UnevenBars_g15_c04,3,2,0,0,black,UnevenBars
v_UnevenBars_g16_c04,4,1,0,0,black,UnevenBars
v_UnevenBars_g16_c05,3,2,0,0,black,UnevenBars
v_UnevenBars_g19_c04,3,2,0,0,black,UnevenBars
v_UnevenBars_g21_c03,5,0,0,0,black,UnevenBars
v_UnevenBars_g24_c01,0,5,0,0,blonde,UnevenBars
v_UnevenBars_g24_c02,0,5,0,0,blonde,UnevenBars
v_VolleyballSpiking_g01_c02,3,2,0,0,black,VolleyballSpiking
v_VolleyballSpiking_g02_c02,2,3,0,0,blonde,VolleyballSpiking
v_VolleyballSpiking_g09_c02,0,5,0,0,blonde,VolleyballSpiking
v_VolleyballSpiking_g09_c03,1,4,0,0,blonde,VolleyballSpiking
v_VolleyballSpiking_g09_c04,2,3,0,0,blonde,VolleyballSpiking
v_VolleyballSpiking_g10_c03,1,4,0,0,blonde,VolleyballSpiking
v_VolleyballSpiking_g10_c04,1,4,0,0,blonde,VolleyballSpiking
v_VolleyballSpiking_g15_c03,2,3,0,0,blonde,VolleyballSpiking
v_VolleyballSpiking_g15_c04,2,3,0,0,blonde,VolleyballSpiking
v_VolleyballSpiking_g16_c02,1,4,0,0,blonde,VolleyballSpiking
v_VolleyballSpiking_g16_c03,2,3,0,0,blonde,VolleyballSpiking
v_VolleyballSpiking_g20_c01,2,3,0,0,blonde,VolleyballSpiking
v_VolleyballSpiking_g20_c04,1,4,0,0,blonde,VolleyballSpiking
v_VolleyballSpiking_g21_c03,1,4,0,0,blonde,VolleyballSpiking
v_VolleyballSpiking_g24_c02,2,3,0,0,blonde,VolleyballSpiking
v_VolleyballSpiking_g24_c03,2,3,0,0,blonde,VolleyballSpiking
v_VolleyballSpiking_g25_c03,5,0,0,0,black,VolleyballSpiking
v_WalkingWithDog_g05_c01,1,4,0,0,blonde,WalkingWithDog
v_WalkingWithDog_g05_c02,1,4,0,0,blonde,WalkingWithDog
v_WalkingWithDog_g06_c04,0,5,0,0,blonde,WalkingWithDog
v_WalkingWithDog_g06_c05,0,4,0,1,blonde,WalkingWithDog
v_WalkingWithDog_g07_c02,0,5,0,0,blonde,WalkingWithDog
v_WalkingWithDog_g10_c04,2,3,0,0,blonde,WalkingWithDog
v_WalkingWithDog_g10_c05,0,5,0,0,blonde,WalkingWithDog
v_WalkingWithDog_g11_c02,0,3,0,2,blonde,WalkingWithDog
v_WalkingWithDog_g12_c04,5,0,0,0,black,WalkingWithDog
v_WalkingWithDog_g12_c05,5,0,0,0,black,WalkingWithDog
v_WalkingWithDog_g13_c03,0,5,0,0,blonde,WalkingWithDog
v_WalkingWithDog_g16_c05,2,3,0,0,blonde,WalkingWithDog
v_WalkingWithDog_g20_c01,3,2,0,0,black,WalkingWithDog
v_WalkingWithDog_g20_c02,5,0,0,0,black,WalkingWithDog
v_WalkingWithDog_g20_c04,3,2,0,0,black,WalkingWithDog
v_WalkingWithDog_g21_c01,0,5,0,0,blonde,WalkingWithDog
v_WalkingWithDog_g22_c01,1,3,0,1,blonde,WalkingWithDog
v_WalkingWithDog_g23_c04,2,3,0,0,blonde,WalkingWithDog
v_WalkingWithDog_g24_c05,4,1,0,0,black,WalkingWithDog
v_WalkingWithDog_g25_c03,1,4,0,0,blonde,WalkingWithDog
v_WalkingWithDog_g25_c04,0,5,0,0,blonde,WalkingWithDog
v_WallPushups_g03_c05,3,2,0,0,black,WallPushups
v_WallPushups_g05_c02,2,3,0,0,blonde,WallPushups
v_WallPushups_g05_c05,2,3,0,0,blonde,WallPushups
v_WallPushups_g12_c02,2,3,0,0,blonde,WallPushups
v_WallPushups_g21_c06,5,0,0,0,black,WallPushups
v_WallPushups_g23_c02,4,1,0,0,black,WallPushups
v_WallPushups_g24_c02,0,5,0,0,blonde,WallPushups
v_WallPushups_g24_c03,0,5,0,0,blonde,WallPushups
v_WritingOnBoard_g02_c01,2,3,0,0,blonde,WritingOnBoard
v_WritingOnBoard_g02_c03,0,5,0,0,blonde,WritingOnBoard
v_WritingOnBoard_g11_c02,0,5,0,0,blonde,WritingOnBoard
v_WritingOnBoard_g13_c05,4,1,0,0,black,WritingOnBoard
v_WritingOnBoard_g17_c02,5,0,0,0,black,WritingOnBoard
v_WritingOnBoard_g21_c07,3,2,0,0,black,WritingOnBoard
v_WritingOnBoard_g22_c02,5,0,0,0,black,WritingOnBoard
v_WritingOnBoard_g22_c04,3,2,0,0,black,WritingOnBoard
v_WritingOnBoard_g22_c07,4,1,0,0,black,WritingOnBoard
v_WritingOnBoard_g24_c01,2,3,0,0,blonde,WritingOnBoard
v_WritingOnBoard_g24_c04,2,3,0,0,blonde,WritingOnBoard
v_WritingOnBoard_g24_c06,0,5,0,0,blonde,WritingOnBoard
v_YoYo_g02_c03,0,5,0,0,blonde,YoYo
v_YoYo_g05_c03,2,3,0,0,blonde,YoYo
v_YoYo_g15_c01,1,4,0,0,blonde,YoYo
v_YoYo_g15_c03,2,3,0,0,blonde,YoYo
v_YoYo_g19_c04,1,4,0,0,blonde,YoYo
v_YoYo_g19_c05,0,5,0,0,blonde,YoYo
