video_name,kid_count,young_count,old_count,final,category
v_ApplyEyeMakeup_g01_c02,0,0,5,old,ApplyEyeMakeup
v_ApplyEyeMakeup_g04_c04,0,3,2,young,ApplyEyeMakeup
v_ApplyEyeMakeup_g04_c06,0,3,2,young,ApplyEyeMakeup
v_ApplyEyeMakeup_g06_c06,0,1,4,old,ApplyEyeMakeup
v_ApplyEyeMakeup_g07_c01,0,1,4,old,ApplyEyeMakeup
v_ApplyEyeMakeup_g07_c02,0,0,5,old,ApplyEyeMakeup
v_ApplyEyeMakeup_g09_c01,0,1,4,old,ApplyEyeMakeup
v_ApplyEyeMakeup_g09_c05,0,1,4,old,ApplyEyeMakeup
v_ApplyEyeMakeup_g10_c04,3,2,0,kid,ApplyEyeMakeup
v_ApplyEyeMakeup_g17_c03,0,3,2,young,ApplyEyeMakeup
v_ApplyEyeMakeup_g17_c05,0,5,0,young,ApplyEyeMakeup
v_ApplyEyeMakeup_g19_c02,0,0,5,old,ApplyEyeMakeup
v_ApplyEyeMakeup_g22_c03,0,4,1,young,ApplyEyeMakeup
v_ApplyEyeMakeup_g23_c03,0,0,5,old,ApplyEyeMakeup
v_ApplyEyeMakeup_g24_c06,0,3,2,young,ApplyEyeMakeup
v_ApplyEyeMakeup_g25_c07,0,0,5,old,ApplyEyeMakeup
v_ApplyLipstick_g11_c01,0,5,0,young,ApplyLipstick
v_ApplyLipstick_g11_c02,0,5,0,young,ApplyLipstick
v_ApplyLipstick_g12_c01,5,0,0,kid,ApplyLipstick
v_ApplyLipstick_g12_c05,3,2,0,kid,ApplyLipstick
v_ApplyLipstick_g13_c03,0,2,3,old,ApplyLipstick
v_ApplyLipstick_g21_c03,0,3,2,young,ApplyLipstick
v_ApplyLipstick_g21_c04,0,3,2,young,ApplyLipstick
v_ApplyLipstick_g23_c02,0,1,4,old,ApplyLipstick
v_Archery_g06_c04,0,1,4,old,Archery
v_Archery_g06_c05,0,0,5,old,Archery
v_Archery_g07_c02,0,3,2,young,Archery
v_Archery_g07_c03,0,4,1,young,Archery
v_Archery_g07_c05,1,2,2,young,Archery
v_Archery_g10_c01,1,4,0,young,Archery
v_Archery_g10_c02,1,4,0,young,Archery
v_Archery_g11_c06,0,0,5,old,Archery
v_Archery_g12_c04,0,1,4,old,Archery
v_Archery_g15_c01,0,3,2,young,Archery
v_Archery_g15_c03,0,3,2,young,Archery
v_Archery_g21_c03,0,3,2,young,Archery
v_Archery_g23_c03,0,2,3,old,Archery
v_Archery_g24_c06,0,2,3,old,Archery
v_Archery_g25_c04,0,2,3,old,Archery
v_BalanceBeam_g10_c03,3,2,0,kid,BalanceBeam
v_BalanceBeam_g13_c05,3,2,0,kid,BalanceBeam
v_BalanceBeam_g23_c03,3,2,0,kid,BalanceBeam
v_BandMarching_g01_c05,4,0,1,kid,BandMarching
v_BandMarching_g01_c06,4,0,1,kid,BandMarching
v_BandMarching_g04_c01,1,0,4,old,BandMarching
v_BandMarching_g05_c01,2,2,1,kid,BandMarching
v_BandMarching_g05_c02,0,2,3,old,BandMarching
v_BandMarching_g05_c05,0,1,4,old,BandMarching
v_BandMarching_g06_c02,4,0,1,kid,BandMarching
v_BandMarching_g07_c01,5,0,0,kid,BandMarching
v_BandMarching_g09_c05,0,1,4,old,BandMarching
v_BandMarching_g10_c04,1,1,3,old,BandMarching
v_BandMarching_g10_c05,0,1,4,old,BandMarching
v_BandMarching_g11_c01,0,2,3,old,BandMarching
v_BandMarching_g11_c05,0,0,5,old,BandMarching
v_BandMarching_g12_c05,2,2,1,kid,BandMarching
v_BandMarching_g13_c01,4,1,0,kid,BandMarching
v_BandMarching_g14_c02,2,2,1,kid,BandMarching
v_BandMarching_g14_c04,0,1,4,old,BandMarching
v_BandMarching_g15_c02,0,5,0,young,BandMarching
v_BandMarching_g15_c03,1,2,2,young,BandMarching
v_BandMarching_g16_c04,2,3,0,young,BandMarching
v_BandMarching_g16_c05,0,4,1,young,BandMarching
v_BandMarching_g16_c06,0,3,2,young,BandMarching
v_BandMarching_g17_c01,0,0,5,old,BandMarching
v_BandMarching_g18_c01,0,4,1,young,BandMarching
v_BandMarching_g18_c04,0,4,1,young,BandMarching
v_BandMarching_g18_c05,0,4,1,young,BandMarching
v_BandMarching_g19_c05,2,3,0,young,BandMarching
v_BandMarching_g19_c06,0,5,0,young,BandMarching
v_BandMarching_g19_c07,1,3,1,young,BandMarching
v_BandMarching_g20_c05,0,5,0,young,BandMarching
v_BandMarching_g20_c06,0,5,0,young,BandMarching
v_BandMarching_g21_c02,0,2,3,old,BandMarching
v_BandMarching_g21_c04,0,2,3,old,BandMarching
v_BandMarching_g22_c01,0,1,4,old,BandMarching
v_BandMarching_g23_c06,0,1,4,old,BandMarching
v_BaseballPitch_g02_c01,0,3,2,young,BaseballPitch
v_BaseballPitch_g02_c02,0,3,2,young,BaseballPitch
v_BaseballPitch_g03_c02,1,2,2,young,BaseballPitch
v_BaseballPitch_g05_c01,1,4,0,young,BaseballPitch
v_BaseballPitch_g08_c04,2,3,0,young,BaseballPitch
v_BaseballPitch_g08_c06,2,3,0,young,BaseballPitch
v_BaseballPitch_g09_c05,3,2,0,kid,BaseballPitch
v_BaseballPitch_g09_c06,3,2,0,kid,BaseballPitch
v_BaseballPitch_g10_c02,0,1,4,old,BaseballPitch
v_BaseballPitch_g10_c04,0,1,4,old,BaseballPitch
v_BaseballPitch_g15_c07,3,2,0,kid,BaseballPitch
v_BaseballPitch_g17_c04,0,5,0,young,BaseballPitch
v_BaseballPitch_g18_c01,0,3,2,young,BaseballPitch
v_BaseballPitch_g18_c02,0,3,2,young,BaseballPitch
v_BaseballPitch_g19_c03,0,3,2,young,BaseballPitch
v_BaseballPitch_g19_c04,0,3,2,young,BaseballPitch
v_BaseballPitch_g21_c02,3,2,0,kid,BaseballPitch
v_BaseballPitch_g23_c01,3,2,0,kid,BaseballPitch
v_BaseballPitch_g24_c04,2,3,0,young,BaseballPitch
v_BaseballPitch_g24_c06,1,4,0,young,BaseballPitch
v_BasketballDunk_g01_c05,0,5,0,young,BasketballDunk
v_BasketballDunk_g02_c04,0,4,1,young,BasketballDunk
v_BasketballDunk_g03_c04,0,5,0,young,BasketballDunk
v_BasketballDunk_g03_c05,0,5,0,young,BasketballDunk
v_BasketballDunk_g04_c01,0,5,0,young,BasketballDunk
v_BasketballDunk_g04_c02,0,5,0,young,BasketballDunk
v_BasketballDunk_g05_c01,0,0,5,old,BasketballDunk
v_BasketballDunk_g05_c03,2,2,1,kid,BasketballDunk
v_BasketballDunk_g07_c03,0,4,1,young,BasketballDunk
v_BasketballDunk_g07_c04,0,5,0,young,BasketballDunk
v_BasketballDunk_g07_c05,0,5,0,young,BasketballDunk
v_BasketballDunk_g08_c01,0,5,0,young,BasketballDunk
v_BasketballDunk_g08_c05,0,5,0,young,BasketballDunk
v_BasketballDunk_g10_c05,1,4,0,young,BasketballDunk
v_BasketballDunk_g11_c04,0,5,0,young,BasketballDunk
v_BasketballDunk_g11_c05,0,5,0,young,BasketballDunk
v_BasketballDunk_g12_c04,0,2,3,old,BasketballDunk
v_BasketballDunk_g13_c02,0,2,3,old,BasketballDunk
v_BasketballDunk_g14_c01,0,1,4,old,BasketballDunk
v_BasketballDunk_g14_c03,0,2,3,old,BasketballDunk
v_BasketballDunk_g15_c06,0,2,3,old,BasketballDunk
v_BasketballDunk_g16_c01,1,2,2,young,BasketballDunk
v_BasketballDunk_g16_c02,0,5,0,young,BasketballDunk
v_BasketballDunk_g16_c03,0,5,0,young,BasketballDunk
v_BasketballDunk_g17_c03,0,2,3,old,BasketballDunk
v_BasketballDunk_g17_c04,0,1,4,old,BasketballDunk
v_BasketballDunk_g17_c07,0,2,3,old,BasketballDunk
v_BasketballDunk_g18_c01,0,4,1,young,BasketballDunk
v_BasketballDunk_g18_c04,0,5,0,young,BasketballDunk
v_BasketballDunk_g18_c05,0,5,0,young,BasketballDunk
v_BasketballDunk_g22_c04,2,2,1,kid,BasketballDunk
v_BasketballDunk_g23_c03,0,2,3,old,BasketballDunk
v_Basketball_g01_c01,3,2,0,kid,Basketball
v_Basketball_g01_c04,4,1,0,kid,Basketball
v_Basketball_g02_c02,0,4,1,young,Basketball
v_Basketball_g04_c01,1,4,0,young,Basketball
v_Basketball_g04_c04,2,3,0,young,Basketball
v_Basketball_g05_c03,0,5,0,young,Basketball
v_Basketball_g07_c03,2,3,0,young,Basketball
v_Basketball_g09_c02,3,2,0,kid,Basketball
v_Basketball_g10_c05,3,2,0,kid,Basketball
v_Basketball_g12_c04,4,1,0,kid,Basketball
v_Basketball_g12_c05,4,1,0,kid,Basketball
v_Basketball_g14_c05,2,3,0,young,Basketball
v_Basketball_g15_c02,1,4,0,young,Basketball
v_Basketball_g16_c04,2,3,0,young,Basketball
v_Basketball_g17_c01,0,5,0,young,Basketball
v_Basketball_g17_c02,1,4,0,young,Basketball
v_Basketball_g18_c05,0,5,0,young,Basketball
v_Basketball_g19_c04,0,5,0,young,Basketball
v_Basketball_g19_c05,2,3,0,young,Basketball
v_Basketball_g20_c01,2,3,0,young,Basketball
v_Basketball_g20_c05,2,3,0,young,Basketball
v_Basketball_g20_c06,0,5,0,young,Basketball
v_Basketball_g21_c05,5,0,0,kid,Basketball
v_Basketball_g22_c01,4,1,0,kid,Basketball
v_Basketball_g22_c03,2,2,1,kid,Basketball
v_Basketball_g23_c06,4,1,0,kid,Basketball
v_Basketball_g25_c03,5,0,0,kid,Basketball
v_Basketball_g25_c04,3,2,0,kid,Basketball
v_Basketball_g25_c05,4,1,0,kid,Basketball
v_BenchPress_g02_c06,0,3,2,young,BenchPress
v_BenchPress_g04_c03,0,3,2,young,BenchPress
v_BenchPress_g05_c01,2,1,2,kid,BenchPress
v_BenchPress_g08_c01,0,4,1,young,BenchPress
v_BenchPress_g08_c05,2,1,2,kid,BenchPress
v_BenchPress_g14_c06,0,3,2,young,BenchPress
v_BenchPress_g19_c02,0,3,2,young,BenchPress
v_BenchPress_g19_c03,0,3,2,young,BenchPress
v_BenchPress_g21_c02,0,2,3,old,BenchPress
v_BenchPress_g25_c04,3,0,2,kid,BenchPress
v_Biking_g02_c02,4,1,0,kid,Biking
v_Biking_g02_c07,0,2,3,old,Biking
v_Biking_g05_c02,0,4,1,young,Biking
v_Biking_g05_c03,0,5,0,young,Biking
v_Biking_g05_c05,0,5,0,young,Biking
v_Biking_g06_c01,4,1,0,kid,Biking
v_Biking_g07_c02,0,3,2,young,Biking
v_Biking_g07_c05,0,5,0,young,Biking
v_Biking_g07_c06,0,5,0,young,Biking
v_Biking_g08_c01,0,2,3,old,Biking
v_Biking_g08_c03,0,2,3,old,Biking
v_Biking_g11_c02,0,3,2,young,Biking
v_Biking_g12_c04,0,5,0,young,Biking
v_Biking_g13_c01,2,3,0,young,Biking
v_Biking_g13_c02,4,1,0,kid,Biking
v_Biking_g13_c05,0,5,0,young,Biking
v_Biking_g16_c01,0,0,5,old,Biking
v_Biking_g16_c04,0,0,5,old,Biking
v_Biking_g23_c02,0,4,1,young,Biking
v_Biking_g23_c03,0,4,1,young,Biking
v_Biking_g25_c01,0,5,0,young,Biking
v_Biking_g25_c02,0,5,0,young,Biking
v_Billiards_g01_c05,0,5,0,young,Billiards
v_Billiards_g03_c02,0,3,2,young,Billiards
v_Billiards_g05_c01,0,5,0,young,Billiards
v_Billiards_g06_c03,0,3,2,young,Billiards
v_Billiards_g08_c06,0,1,4,old,Billiards
v_Billiards_g09_c07,0,3,2,young,Billiards
v_Billiards_g10_c05,0,4,1,young,Billiards
v_Billiards_g11_c06,0,5,0,young,Billiards
v_Billiards_g13_c06,0,3,2,young,Billiards
v_Billiards_g14_c02,0,4,1,young,Billiards
v_Billiards_g14_c03,0,3,2,young,Billiards
v_Billiards_g14_c07,0,4,1,young,Billiards
v_Billiards_g15_c01,0,3,2,young,Billiards
v_Billiards_g15_c05,0,3,2,young,Billiards
v_Billiards_g18_c03,0,3,2,young,Billiards
v_Billiards_g18_c06,0,3,2,young,Billiards
v_Billiards_g20_c02,1,2,2,young,Billiards
v_Billiards_g20_c03,0,5,0,young,Billiards
v_Billiards_g21_c01,0,5,0,young,Billiards
v_Billiards_g21_c04,0,3,2,young,Billiards
v_Billiards_g25_c02,0,5,0,young,Billiards
v_Billiards_g25_c04,0,3,2,young,Billiards
v_Billiards_g25_c06,0,3,2,young,Billiards
v_BlowDryHair_g02_c01,5,0,0,kid,BlowDryHair
v_BlowDryHair_g02_c02,2,3,0,young,BlowDryHair
v_BlowDryHair_g02_c03,0,3,2,young,BlowDryHair
v_BlowDryHair_g03_c03,2,3,0,young,BlowDryHair
v_BlowDryHair_g03_c05,4,0,1,kid,BlowDryHair
v_BlowDryHair_g04_c01,0,4,1,young,BlowDryHair
v_BlowDryHair_g05_c04,1,2,2,young,BlowDryHair
v_BlowDryHair_g13_c03,4,0,1,kid,BlowDryHair
v_BlowDryHair_g17_c01,0,3,2,young,BlowDryHair
v_BlowDryHair_g19_c02,0,3,2,young,BlowDryHair
v_BlowDryHair_g19_c04,0,3,2,young,BlowDryHair
v_BlowDryHair_g20_c02,0,1,4,old,BlowDryHair
v_BlowDryHair_g22_c04,4,0,1,kid,BlowDryHair
v_BlowDryHair_g23_c03,0,5,0,young,BlowDryHair
v_BlowDryHair_g23_c04,0,5,0,young,BlowDryHair
v_BlowDryHair_g23_c06,0,3,2,young,BlowDryHair
v_BlowDryHair_g24_c02,0,2,3,old,BlowDryHair
v_BlowingCandles_g02_c03,5,0,0,kid,BlowingCandles
v_BlowingCandles_g08_c01,0,1,4,old,BlowingCandles
v_BlowingCandles_g08_c02,0,2,3,old,BlowingCandles
v_BlowingCandles_g11_c03,0,0,5,old,BlowingCandles
v_BlowingCandles_g13_c02,2,0,3,old,BlowingCandles
v_BlowingCandles_g13_c04,1,3,1,young,BlowingCandles
v_BlowingCandles_g17_c01,2,3,0,young,BlowingCandles
v_BlowingCandles_g17_c03,0,1,4,old,BlowingCandles
v_BlowingCandles_g22_c01,1,1,3,old,BlowingCandles
v_BlowingCandles_g24_c01,0,0,5,old,BlowingCandles
v_BlowingCandles_g24_c02,0,0,5,old,BlowingCandles
v_BlowingCandles_g25_c05,0,1,4,old,BlowingCandles
v_BodyWeightSquats_g02_c01,0,4,1,young,BodyWeightSquats
v_BodyWeightSquats_g02_c02,0,3,2,young,BodyWeightSquats
v_BodyWeightSquats_g03_c03,1,2,2,young,BodyWeightSquats
v_BodyWeightSquats_g04_c04,0,4,1,young,BodyWeightSquats
v_BodyWeightSquats_g10_c04,0,1,4,old,BodyWeightSquats
v_BodyWeightSquats_g10_c05,0,1,4,old,BodyWeightSquats
v_BodyWeightSquats_g19_c01,2,1,2,kid,BodyWeightSquats
v_BodyWeightSquats_g21_c01,0,3,2,young,BodyWeightSquats
v_BodyWeightSquats_g21_c03,0,3,2,young,BodyWeightSquats
v_BodyWeightSquats_g25_c04,0,1,4,old,BodyWeightSquats
v_BodyWeightSquats_g25_c05,0,2,3,old,BodyWeightSquats
v_BodyWeightSquats_g25_c07,0,1,4,old,BodyWeightSquats
v_Bowling_g01_c03,3,2,0,kid,Bowling
v_Bowling_g03_c05,4,1,0,kid,Bowling
v_Bowling_g04_c04,3,2,0,kid,Bowling
v_Bowling_g05_c04,0,2,3,old,Bowling
v_Bowling_g05_c07,4,1,0,kid,Bowling
v_Bowling_g07_c02,3,2,0,kid,Bowling
v_Bowling_g07_c03,3,2,0,kid,Bowling
v_Bowling_g08_c01,1,1,3,old,Bowling
v_Bowling_g08_c03,1,1,3,old,Bowling
v_Bowling_g08_c05,2,1,2,kid,Bowling
v_Bowling_g08_c07,3,1,1,kid,Bowling
v_Bowling_g10_c01,2,3,0,young,Bowling
v_Bowling_g10_c06,0,5,0,young,Bowling
v_Bowling_g10_c07,2,3,0,young,Bowling
v_Bowling_g11_c06,0,2,3,old,Bowling
v_Bowling_g12_c02,2,3,0,young,Bowling
v_Bowling_g12_c04,1,4,0,young,Bowling
v_Bowling_g13_c03,2,2,1,kid,Bowling
v_Bowling_g14_c01,5,0,0,kid,Bowling
v_Bowling_g14_c03,4,1,0,kid,Bowling
v_Bowling_g16_c02,3,2,0,kid,Bowling
v_Bowling_g17_c02,0,1,4,old,Bowling
v_Bowling_g18_c01,1,1,3,old,Bowling
v_Bowling_g18_c05,0,0,5,old,Bowling
v_Bowling_g20_c03,0,0,5,old,Bowling
v_Bowling_g21_c01,4,1,0,kid,Bowling
v_Bowling_g21_c03,5,0,0,kid,Bowling
v_Bowling_g22_c05,3,2,0,kid,Bowling
v_Bowling_g22_c06,3,2,0,kid,Bowling
v_Bowling_g23_c03,0,2,3,old,Bowling
v_BoxingPunchingBag_g03_c04,0,3,2,young,BoxingPunchingBag
v_BoxingPunchingBag_g03_c07,0,3,2,young,BoxingPunchingBag
v_BoxingPunchingBag_g04_c01,1,3,1,young,BoxingPunchingBag
v_BoxingPunchingBag_g04_c02,1,3,1,young,BoxingPunchingBag
v_BoxingPunchingBag_g04_c03,2,2,1,kid,BoxingPunchingBag
v_BoxingPunchingBag_g05_c01,0,2,3,old,BoxingPunchingBag
v_BoxingPunchingBag_g05_c07,2,2,1,kid,BoxingPunchingBag
v_BoxingPunchingBag_g12_c02,0,1,4,old,BoxingPunchingBag
v_BoxingPunchingBag_g12_c03,0,1,4,old,BoxingPunchingBag
v_BoxingPunchingBag_g12_c04,0,1,4,old,BoxingPunchingBag
v_BoxingPunchingBag_g16_c03,0,3,2,young,BoxingPunchingBag
v_BoxingPunchingBag_g16_c06,0,3,2,young,BoxingPunchingBag
v_BoxingPunchingBag_g16_c07,0,4,1,young,BoxingPunchingBag
v_BoxingPunchingBag_g18_c01,0,1,4,old,BoxingPunchingBag
v_BoxingPunchingBag_g18_c06,0,2,3,old,BoxingPunchingBag
v_BoxingPunchingBag_g20_c02,0,3,2,young,BoxingPunchingBag
v_BoxingPunchingBag_g20_c05,0,3,2,young,BoxingPunchingBag
v_BoxingPunchingBag_g20_c07,0,5,0,young,BoxingPunchingBag
v_BoxingPunchingBag_g24_c02,0,0,5,old,BoxingPunchingBag
v_BoxingPunchingBag_g24_c03,0,1,4,old,BoxingPunchingBag
v_BoxingPunchingBag_g24_c05,0,2,3,old,BoxingPunchingBag
v_BoxingSpeedBag_g01_c01,0,4,1,young,BoxingSpeedBag
v_BoxingSpeedBag_g01_c03,0,3,2,young,BoxingSpeedBag
v_BoxingSpeedBag_g07_c04,0,4,1,young,BoxingSpeedBag
v_BoxingSpeedBag_g07_c07,0,3,2,young,BoxingSpeedBag
v_BoxingSpeedBag_g08_c05,1,2,2,young,BoxingSpeedBag
v_BoxingSpeedBag_g10_c01,3,2,0,kid,BoxingSpeedBag
v_BoxingSpeedBag_g11_c04,0,3,2,young,BoxingSpeedBag
v_BoxingSpeedBag_g12_c05,0,3,2,young,BoxingSpeedBag
v_BoxingSpeedBag_g15_c01,0,0,5,old,BoxingSpeedBag
v_BoxingSpeedBag_g15_c02,0,2,3,old,BoxingSpeedBag
v_BoxingSpeedBag_g15_c03,0,2,3,old,BoxingSpeedBag
v_BoxingSpeedBag_g23_c02,0,2,3,old,BoxingSpeedBag
v_BoxingSpeedBag_g23_c03,0,1,4,old,BoxingSpeedBag
v_BreastStroke_g04_c03,0,5,0,young,BreastStroke
v_BreastStroke_g04_c04,2,3,0,young,BreastStroke
v_BreastStroke_g05_c02,0,2,3,old,BreastStroke
v_BreastStroke_g06_c04,0,2,3,old,BreastStroke
v_BreastStroke_g08_c01,0,3,2,young,BreastStroke
v_BreastStroke_g10_c01,4,1,0,kid,BreastStroke
v_BreastStroke_g11_c01,0,3,2,young,BreastStroke
v_BreastStroke_g11_c04,0,3,2,young,BreastStroke
v_BreastStroke_g13_c01,0,2,3,old,BreastStroke
v_BreastStroke_g15_c04,0,2,3,old,BreastStroke
v_BreastStroke_g17_c03,0,2,3,old,BreastStroke
v_BreastStroke_g18_c03,2,2,1,kid,BreastStroke
v_BreastStroke_g22_c03,0,1,4,old,BreastStroke
v_BreastStroke_g23_c01,2,3,0,young,BreastStroke
v_BreastStroke_g23_c03,1,3,1,young,BreastStroke
v_BreastStroke_g24_c01,2,1,2,kid,BreastStroke
v_BreastStroke_g25_c01,0,3,2,young,BreastStroke
v_BreastStroke_g25_c04,1,2,2,young,BreastStroke
v_BrushingTeeth_g03_c01,0,3,2,young,BrushingTeeth
v_BrushingTeeth_g03_c05,0,3,2,young,BrushingTeeth
v_BrushingTeeth_g06_c04,0,3,2,young,BrushingTeeth
v_BrushingTeeth_g08_c05,0,3,2,young,BrushingTeeth
v_BrushingTeeth_g11_c03,0,3,2,young,BrushingTeeth
v_BrushingTeeth_g12_c01,0,4,1,young,BrushingTeeth
v_BrushingTeeth_g12_c05,0,3,2,young,BrushingTeeth
v_BrushingTeeth_g12_c06,0,4,1,young,BrushingTeeth
v_BrushingTeeth_g14_c03,0,4,1,young,BrushingTeeth
v_BrushingTeeth_g22_c04,2,3,0,young,BrushingTeeth
v_BrushingTeeth_g25_c01,0,1,4,old,BrushingTeeth
v_CleanAndJerk_g02_c04,0,2,3,old,CleanAndJerk
v_CleanAndJerk_g05_c03,0,3,2,young,CleanAndJerk
v_CleanAndJerk_g06_c02,0,3,2,young,CleanAndJerk
v_CleanAndJerk_g08_c01,0,4,1,young,CleanAndJerk
v_CleanAndJerk_g08_c04,0,1,4,old,CleanAndJerk
v_CleanAndJerk_g09_c03,0,5,0,young,CleanAndJerk
v_CleanAndJerk_g09_c04,0,5,0,young,CleanAndJerk
v_CleanAndJerk_g10_c04,0,0,5,old,CleanAndJerk
v_CleanAndJerk_g14_c03,0,3,2,young,CleanAndJerk
v_CleanAndJerk_g14_c05,0,3,2,young,CleanAndJerk
v_CleanAndJerk_g19_c01,0,3,2,young,CleanAndJerk
v_CleanAndJerk_g21_c01,2,2,1,kid,CleanAndJerk
v_CleanAndJerk_g21_c02,0,3,2,young,CleanAndJerk
v_CleanAndJerk_g24_c03,0,3,2,young,CleanAndJerk
v_CliffDiving_g03_c02,0,2,3,old,CliffDiving
v_CliffDiving_g03_c03,0,2,3,old,CliffDiving
v_CliffDiving_g04_c01,0,1,4,old,CliffDiving
v_CliffDiving_g05_c02,0,2,3,old,CliffDiving
v_CliffDiving_g07_c02,0,2,3,old,CliffDiving
v_CliffDiving_g10_c01,0,1,4,old,CliffDiving
v_CliffDiving_g10_c06,0,2,3,old,CliffDiving
v_CliffDiving_g10_c07,0,1,4,old,CliffDiving
v_CliffDiving_g12_c03,0,1,4,old,CliffDiving
v_CliffDiving_g18_c06,0,1,4,old,CliffDiving
v_CliffDiving_g19_c02,0,2,3,old,CliffDiving
v_CliffDiving_g19_c04,0,2,3,old,CliffDiving
v_CliffDiving_g20_c01,0,2,3,old,CliffDiving
v_CliffDiving_g20_c04,0,0,5,old,CliffDiving
v_CliffDiving_g20_c07,0,0,5,old,CliffDiving
v_CliffDiving_g22_c02,0,2,3,old,CliffDiving
v_CliffDiving_g24_c01,0,3,2,young,CliffDiving
v_CliffDiving_g24_c02,0,3,2,young,CliffDiving
v_CricketBowling_g02_c01,0,2,3,old,CricketBowling
v_CricketBowling_g02_c03,1,1,3,old,CricketBowling
v_CricketBowling_g04_c04,2,0,3,old,CricketBowling
v_CricketBowling_g06_c05,0,1,4,old,CricketBowling
v_CricketBowling_g07_c01,0,1,4,old,CricketBowling
v_CricketBowling_g07_c03,2,2,1,kid,CricketBowling
v_CricketBowling_g14_c01,0,1,4,old,CricketBowling
v_CricketBowling_g14_c02,1,0,4,old,CricketBowling
v_CricketBowling_g21_c01,2,2,1,kid,CricketBowling
v_CricketBowling_g21_c06,2,1,2,kid,CricketBowling
v_CricketBowling_g22_c07,1,1,3,old,CricketBowling
v_CricketShot_g03_c04,1,2,2,young,CricketShot
v_CricketShot_g03_c06,1,1,3,old,CricketShot
v_CricketShot_g05_c04,0,3,2,young,CricketShot
v_CricketShot_g06_c07,0,1,4,old,CricketShot
v_CricketShot_g07_c02,0,4,1,young,CricketShot
v_CricketShot_g09_c02,0,2,3,old,CricketShot
v_CricketShot_g09_c05,0,2,3,old,CricketShot
v_CricketShot_g09_c07,0,1,4,old,CricketShot
v_CricketShot_g10_c01,2,1,2,kid,CricketShot
v_CricketShot_g10_c02,3,1,1,kid,CricketShot
v_CricketShot_g10_c03,0,2,3,old,CricketShot
v_CricketShot_g11_c03,0,2,3,old,CricketShot
v_CricketShot_g11_c06,0,1,4,old,CricketShot
v_CricketShot_g20_c06,0,3,2,young,CricketShot
v_CricketShot_g21_c03,4,1,0,kid,CricketShot
v_CricketShot_g21_c05,0,2,3,old,CricketShot
v_CricketShot_g21_c06,0,2,3,old,CricketShot
v_CricketShot_g22_c02,3,1,1,kid,CricketShot
v_CricketShot_g22_c03,3,1,1,kid,CricketShot
v_CricketShot_g25_c03,0,2,3,old,CricketShot
v_CricketShot_g25_c04,0,2,3,old,CricketShot
v_CricketShot_g25_c06,1,1,3,old,CricketShot
v_CuttingInKitchen_g20_c02,0,4,1,young,CuttingInKitchen
v_CuttingInKitchen_g21_c01,0,3,2,young,CuttingInKitchen
v_CuttingInKitchen_g22_c03,0,3,2,young,CuttingInKitchen
v_CuttingInKitchen_g25_c06,0,3,2,young,CuttingInKitchen
v_Diving_g02_c02,2,3,0,young,Diving
v_Diving_g02_c04,0,5,0,young,Diving
v_Diving_g02_c07,1,4,0,young,Diving
v_Diving_g05_c02,2,3,0,young,Diving
v_Diving_g05_c03,0,5,0,young,Diving
v_Diving_g05_c04,2,3,0,young,Diving
v_Diving_g06_c06,3,2,0,kid,Diving
v_Diving_g09_c07,0,2,3,old,Diving
v_Diving_g10_c02,2,3,0,young,Diving
v_Diving_g10_c03,1,4,0,young,Diving
v_Diving_g10_c04,0,5,0,young,Diving
v_Diving_g11_c05,0,5,0,young,Diving
v_Diving_g11_c06,0,5,0,young,Diving
v_Diving_g16_c03,3,2,0,kid,Diving
v_Diving_g16_c05,3,2,0,kid,Diving
v_Diving_g20_c02,3,2,0,kid,Diving
v_Diving_g20_c05,3,2,0,kid,Diving
v_Diving_g21_c04,3,2,0,kid,Diving
v_Diving_g23_c06,5,0,0,kid,Diving
v_Diving_g24_c07,3,2,0,kid,Diving
v_Drumming_g02_c04,0,3,2,young,Drumming
v_Drumming_g03_c01,0,4,1,young,Drumming
v_Drumming_g08_c01,0,3,2,young,Drumming
v_Drumming_g08_c03,0,3,2,young,Drumming
v_Drumming_g11_c03,0,2,3,old,Drumming
v_Drumming_g14_c05,0,4,1,young,Drumming
v_Drumming_g15_c02,2,2,1,kid,Drumming
v_Drumming_g15_c04,2,0,3,old,Drumming
v_Drumming_g15_c05,2,0,3,old,Drumming
v_Drumming_g15_c07,2,1,2,kid,Drumming
v_Drumming_g17_c01,1,2,2,young,Drumming
v_Drumming_g17_c06,2,2,1,kid,Drumming
v_Drumming_g18_c01,0,4,1,young,Drumming
v_Drumming_g18_c03,2,1,2,kid,Drumming
v_Drumming_g18_c06,0,5,0,young,Drumming
v_Drumming_g19_c01,3,2,0,kid,Drumming
v_Drumming_g19_c05,5,0,0,kid,Drumming
v_Drumming_g21_c06,0,4,1,young,Drumming
v_Drumming_g22_c02,0,5,0,young,Drumming
v_Drumming_g22_c03,0,5,0,young,Drumming
v_Drumming_g25_c04,2,3,0,young,Drumming
v_Fencing_g07_c01,0,1,4,old,Fencing
v_Fencing_g09_c01,0,1,4,old,Fencing
v_Fencing_g13_c01,0,2,3,old,Fencing
v_Fencing_g17_c02,3,2,0,kid,Fencing
v_Fencing_g19_c03,0,2,3,old,Fencing
v_Fencing_g22_c01,0,5,0,young,Fencing
v_Fencing_g22_c02,0,3,2,young,Fencing
v_FieldHockeyPenalty_g01_c01,4,1,0,kid,FieldHockeyPenalty
v_FieldHockeyPenalty_g03_c03,1,1,3,old,FieldHockeyPenalty
v_FieldHockeyPenalty_g03_c04,3,0,2,kid,FieldHockeyPenalty
v_FieldHockeyPenalty_g05_c03,3,2,0,kid,FieldHockeyPenalty
v_FieldHockeyPenalty_g05_c04,3,2,0,kid,FieldHockeyPenalty
v_FieldHockeyPenalty_g06_c02,3,2,0,kid,FieldHockeyPenalty
v_FieldHockeyPenalty_g06_c04,3,2,0,kid,FieldHockeyPenalty
v_FieldHockeyPenalty_g06_c06,3,2,0,kid,FieldHockeyPenalty
v_FieldHockeyPenalty_g07_c01,1,0,4,old,FieldHockeyPenalty
v_FieldHockeyPenalty_g07_c04,2,1,2,kid,FieldHockeyPenalty
v_FieldHockeyPenalty_g08_c01,0,0,5,old,FieldHockeyPenalty
v_FieldHockeyPenalty_g09_c02,3,2,0,kid,FieldHockeyPenalty
v_FieldHockeyPenalty_g09_c04,4,0,1,kid,FieldHockeyPenalty
v_FieldHockeyPenalty_g10_c03,1,2,2,young,FieldHockeyPenalty
v_FieldHockeyPenalty_g10_c07,0,3,2,young,FieldHockeyPenalty
v_FieldHockeyPenalty_g11_c01,0,3,2,young,FieldHockeyPenalty
v_FieldHockeyPenalty_g11_c04,2,0,3,old,FieldHockeyPenalty
v_FieldHockeyPenalty_g12_c01,0,1,4,old,FieldHockeyPenalty
v_FieldHockeyPenalty_g12_c05,0,0,5,old,FieldHockeyPenalty
v_FieldHockeyPenalty_g13_c02,0,1,4,old,FieldHockeyPenalty
v_FieldHockeyPenalty_g13_c04,0,0,5,old,FieldHockeyPenalty
v_FieldHockeyPenalty_g14_c03,1,4,0,young,FieldHockeyPenalty
v_FieldHockeyPenalty_g14_c04,2,3,0,young,FieldHockeyPenalty
v_FieldHockeyPenalty_g14_c06,1,4,0,young,FieldHockeyPenalty
v_FieldHockeyPenalty_g15_c04,2,0,3,old,FieldHockeyPenalty
v_FieldHockeyPenalty_g15_c05,0,0,5,old,FieldHockeyPenalty
v_FieldHockeyPenalty_g16_c02,0,2,3,old,FieldHockeyPenalty
v_FieldHockeyPenalty_g16_c04,4,0,1,kid,FieldHockeyPenalty
v_FieldHockeyPenalty_g17_c02,5,0,0,kid,FieldHockeyPenalty
v_FieldHockeyPenalty_g17_c03,1,2,2,young,FieldHockeyPenalty
v_FieldHockeyPenalty_g18_c04,2,2,1,kid,FieldHockeyPenalty
v_FieldHockeyPenalty_g19_c02,0,5,0,young,FieldHockeyPenalty
v_FieldHockeyPenalty_g20_c03,0,0,5,old,FieldHockeyPenalty
v_FieldHockeyPenalty_g21_c02,3,2,0,kid,FieldHockeyPenalty
v_FieldHockeyPenalty_g22_c04,0,2,3,old,FieldHockeyPenalty
v_FieldHockeyPenalty_g23_c03,3,0,2,kid,FieldHockeyPenalty
v_FieldHockeyPenalty_g24_c04,3,2,0,kid,FieldHockeyPenalty
v_FieldHockeyPenalty_g25_c03,0,4,1,young,FieldHockeyPenalty
v_FieldHockeyPenalty_g25_c05,0,4,1,young,FieldHockeyPenalty
v_FieldHockeyPenalty_g25_c06,1,3,1,young,FieldHockeyPenalty
v_FloorGymnastics_g01_c03,0,0,5,old,FloorGymnastics
v_FloorGymnastics_g02_c02,2,3,0,young,FloorGymnastics
v_FloorGymnastics_g02_c04,0,5,0,young,FloorGymnastics
v_FloorGymnastics_g04_c04,0,4,1,young,FloorGymnastics
v_FloorGymnastics_g06_c06,0,1,4,old,FloorGymnastics
v_FloorGymnastics_g08_c04,0,5,0,young,FloorGymnastics
v_FloorGymnastics_g10_c04,0,5,0,young,FloorGymnastics
v_FloorGymnastics_g10_c05,1,4,0,young,FloorGymnastics
v_FloorGymnastics_g11_c04,2,2,1,kid,FloorGymnastics
v_FloorGymnastics_g12_c04,0,2,3,old,FloorGymnastics
v_FloorGymnastics_g12_c05,0,1,4,old,FloorGymnastics
v_FloorGymnastics_g12_c06,0,0,5,old,FloorGymnastics
v_FloorGymnastics_g13_c04,0,1,4,old,FloorGymnastics
v_FloorGymnastics_g14_c01,1,4,0,young,FloorGymnastics
v_FloorGymnastics_g16_c03,0,3,2,young,FloorGymnastics
v_FloorGymnastics_g16_c04,1,3,1,young,FloorGymnastics
v_FloorGymnastics_g18_c01,0,3,2,young,FloorGymnastics
v_FloorGymnastics_g18_c05,0,3,2,young,FloorGymnastics
v_FloorGymnastics_g18_c07,0,4,1,young,FloorGymnastics
v_FloorGymnastics_g19_c01,0,0,5,old,FloorGymnastics
v_FloorGymnastics_g20_c03,4,1,0,kid,FloorGymnastics
v_FloorGymnastics_g20_c04,5,0,0,kid,FloorGymnastics
v_FloorGymnastics_g21_c04,0,1,4,old,FloorGymnastics
v_FloorGymnastics_g21_c05,0,1,4,old,FloorGymnastics
v_FrisbeeCatch_g03_c03,3,2,0,kid,FrisbeeCatch
v_FrisbeeCatch_g04_c03,3,2,0,kid,FrisbeeCatch
v_FrisbeeCatch_g04_c04,3,2,0,kid,FrisbeeCatch
v_FrisbeeCatch_g06_c03,3,2,0,kid,FrisbeeCatch
v_FrisbeeCatch_g06_c04,3,2,0,kid,FrisbeeCatch
v_FrisbeeCatch_g09_c03,2,3,0,young,FrisbeeCatch
v_FrisbeeCatch_g18_c01,4,1,0,kid,FrisbeeCatch
v_FrisbeeCatch_g18_c05,3,2,0,kid,FrisbeeCatch
v_FrisbeeCatch_g23_c03,2,3,0,young,FrisbeeCatch
v_FrisbeeCatch_g24_c01,3,2,0,kid,FrisbeeCatch
v_FrisbeeCatch_g25_c01,3,2,0,kid,FrisbeeCatch
v_FrontCrawl_g01_c02,3,2,0,kid,FrontCrawl
v_FrontCrawl_g02_c03,2,3,0,young,FrontCrawl
v_FrontCrawl_g04_c02,4,1,0,kid,FrontCrawl
v_FrontCrawl_g04_c05,5,0,0,kid,FrontCrawl
v_FrontCrawl_g04_c06,4,1,0,kid,FrontCrawl
v_FrontCrawl_g05_c02,2,3,0,young,FrontCrawl
v_FrontCrawl_g05_c04,1,4,0,young,FrontCrawl
v_FrontCrawl_g09_c04,3,2,0,kid,FrontCrawl
v_FrontCrawl_g12_c01,2,3,0,young,FrontCrawl
v_FrontCrawl_g12_c04,2,3,0,young,FrontCrawl
v_FrontCrawl_g14_c06,0,3,2,young,FrontCrawl
v_FrontCrawl_g15_c04,3,2,0,kid,FrontCrawl
v_FrontCrawl_g16_c01,3,2,0,kid,FrontCrawl
v_FrontCrawl_g17_c03,3,2,0,kid,FrontCrawl
v_FrontCrawl_g19_c02,1,4,0,young,FrontCrawl
v_FrontCrawl_g19_c04,1,3,1,young,FrontCrawl
v_FrontCrawl_g22_c02,5,0,0,kid,FrontCrawl
v_FrontCrawl_g22_c05,3,2,0,kid,FrontCrawl
v_GolfSwing_g02_c01,0,3,2,young,GolfSwing
v_GolfSwing_g02_c02,3,0,2,kid,GolfSwing
v_GolfSwing_g09_c01,0,0,5,old,GolfSwing
v_GolfSwing_g10_c01,0,1,4,old,GolfSwing
v_GolfSwing_g10_c04,1,4,0,young,GolfSwing
v_GolfSwing_g11_c04,0,3,2,young,GolfSwing
v_GolfSwing_g13_c03,1,2,2,young,GolfSwing
v_GolfSwing_g13_c04,0,4,1,young,GolfSwing
v_GolfSwing_g15_c04,3,2,0,kid,GolfSwing
v_GolfSwing_g18_c01,0,3,2,young,GolfSwing
v_GolfSwing_g18_c02,1,3,1,young,GolfSwing
v_GolfSwing_g18_c04,2,1,2,kid,GolfSwing
v_GolfSwing_g19_c03,0,3,2,young,GolfSwing
v_GolfSwing_g20_c01,0,1,4,old,GolfSwing
v_GolfSwing_g21_c03,0,1,4,old,GolfSwing
v_GolfSwing_g21_c04,0,0,5,old,GolfSwing
v_GolfSwing_g24_c03,0,3,2,young,GolfSwing
v_GolfSwing_g25_c01,0,4,1,young,GolfSwing
v_GolfSwing_g25_c03,4,1,0,kid,GolfSwing
v_Haircut_g03_c01,0,5,0,young,Haircut
v_Haircut_g03_c06,0,5,0,young,Haircut
v_Haircut_g05_c03,5,0,0,kid,Haircut
v_Haircut_g06_c01,4,0,1,kid,Haircut
v_Haircut_g07_c01,3,1,1,kid,Haircut
v_Haircut_g07_c06,4,0,1,kid,Haircut
v_Haircut_g08_c01,0,5,0,young,Haircut
v_Haircut_g08_c02,0,3,2,young,Haircut
v_Haircut_g09_c03,2,1,2,kid,Haircut
v_Haircut_g10_c02,0,3,2,young,Haircut
v_Haircut_g10_c05,0,4,1,young,Haircut
v_Haircut_g11_c04,1,0,4,old,Haircut
v_Haircut_g12_c02,0,3,2,young,Haircut
v_Haircut_g12_c04,0,5,0,young,Haircut
v_Haircut_g13_c02,0,4,1,young,Haircut
v_Haircut_g13_c04,0,5,0,young,Haircut
v_Haircut_g14_c02,1,1,3,old,Haircut
v_Haircut_g15_c04,1,3,1,young,Haircut
v_Haircut_g16_c02,0,5,0,young,Haircut
v_Haircut_g16_c03,0,5,0,young,Haircut
v_Haircut_g17_c02,0,4,1,young,Haircut
v_Haircut_g17_c04,0,3,2,young,Haircut
v_Haircut_g18_c03,0,2,3,old,Haircut
v_Haircut_g22_c04,4,0,1,kid,Haircut
v_Haircut_g22_c05,3,0,2,kid,Haircut
v_Haircut_g23_c05,2,1,2,kid,Haircut
v_Haircut_g24_c07,2,2,1,kid,Haircut
v_HammerThrow_g01_c01,0,1,4,old,HammerThrow
v_HammerThrow_g01_c06,3,2,0,kid,HammerThrow
v_HammerThrow_g02_c01,0,4,1,young,HammerThrow
v_HammerThrow_g02_c02,0,4,1,young,HammerThrow
v_HammerThrow_g02_c05,0,5,0,young,HammerThrow
v_HammerThrow_g03_c01,0,1,4,old,HammerThrow
v_HammerThrow_g03_c05,0,2,3,old,HammerThrow
v_HammerThrow_g03_c07,3,2,0,kid,HammerThrow
v_HammerThrow_g05_c04,3,2,0,kid,HammerThrow
v_HammerThrow_g05_c06,4,1,0,kid,HammerThrow
v_HammerThrow_g09_c01,4,1,0,kid,HammerThrow
v_HammerThrow_g09_c02,0,2,3,old,HammerThrow
v_HammerThrow_g09_c04,4,1,0,kid,HammerThrow
v_HammerThrow_g10_c03,0,3,2,young,HammerThrow
v_HammerThrow_g11_c02,0,4,1,young,HammerThrow
v_HammerThrow_g11_c03,0,3,2,young,HammerThrow
v_HammerThrow_g14_c01,0,5,0,young,HammerThrow
v_HammerThrow_g14_c02,1,4,0,young,HammerThrow
v_HammerThrow_g14_c04,0,3,2,young,HammerThrow
v_HammerThrow_g16_c02,0,4,1,young,HammerThrow
v_HammerThrow_g16_c04,0,3,2,young,HammerThrow
v_HammerThrow_g17_c01,0,1,4,old,HammerThrow
v_HammerThrow_g18_c04,0,3,2,young,HammerThrow
v_HammerThrow_g18_c05,0,5,0,young,HammerThrow
v_HammerThrow_g20_c01,0,1,4,old,HammerThrow
v_HammerThrow_g20_c05,0,2,3,old,HammerThrow
v_HammerThrow_g21_c01,0,0,5,old,HammerThrow
v_HammerThrow_g21_c04,0,2,3,old,HammerThrow
v_HammerThrow_g22_c07,0,1,4,old,HammerThrow
v_HammerThrow_g23_c04,0,0,5,old,HammerThrow
v_HammerThrow_g23_c06,0,1,4,old,HammerThrow
v_HammerThrow_g23_c07,0,0,5,old,HammerThrow
v_HammerThrow_g24_c01,0,4,1,young,HammerThrow
v_HammerThrow_g24_c04,0,4,1,young,HammerThrow
v_HammerThrow_g25_c03,0,2,3,old,HammerThrow
v_HammerThrow_g25_c04,0,1,4,old,HammerThrow
v_Hammering_g04_c04,0,5,0,young,Hammering
v_Hammering_g04_c05,0,3,2,young,Hammering
v_Hammering_g05_c01,0,5,0,young,Hammering
v_Hammering_g05_c03,0,5,0,young,Hammering
v_Hammering_g06_c01,0,1,4,old,Hammering
v_Hammering_g06_c03,0,2,3,old,Hammering
v_Hammering_g07_c03,1,0,4,old,Hammering
v_Hammering_g08_c02,3,0,2,kid,Hammering
v_Hammering_g23_c02,0,2,3,old,Hammering
v_HandstandPushups_g01_c04,2,0,3,old,HandstandPushups
v_HandstandPushups_g02_c04,0,5,0,young,HandstandPushups
v_HandstandPushups_g04_c02,0,1,4,old,HandstandPushups
v_HandstandPushups_g07_c02,0,4,1,young,HandstandPushups
v_HandstandPushups_g07_c04,0,4,1,young,HandstandPushups
v_HandstandPushups_g12_c02,0,3,2,young,HandstandPushups
v_HandstandPushups_g16_c01,1,4,0,young,HandstandPushups
v_HandstandPushups_g16_c02,0,4,1,young,HandstandPushups
v_HandstandPushups_g17_c01,0,4,1,young,HandstandPushups
v_HandstandPushups_g17_c02,0,5,0,young,HandstandPushups
v_HandstandPushups_g21_c01,0,4,1,young,HandstandPushups
v_HandstandPushups_g24_c01,0,4,1,young,HandstandPushups
v_HandstandPushups_g24_c02,0,5,0,young,HandstandPushups
v_HandstandPushups_g25_c01,0,2,3,old,HandstandPushups
v_HandstandPushups_g25_c06,0,2,3,old,HandstandPushups
v_HandstandPushups_g25_c07,0,2,3,old,HandstandPushups
v_HandstandWalking_g01_c03,5,0,0,kid,HandstandWalking
v_HandstandWalking_g01_c04,1,0,4,old,HandstandWalking
v_HandstandWalking_g02_c02,0,4,1,young,HandstandWalking
v_HandstandWalking_g02_c04,1,3,1,young,HandstandWalking
v_HandstandWalking_g05_c04,0,2,3,old,HandstandWalking
v_HandstandWalking_g05_c06,2,2,1,kid,HandstandWalking
v_HandstandWalking_g06_c04,3,2,0,kid,HandstandWalking
v_HandstandWalking_g09_c03,1,4,0,young,HandstandWalking
v_HandstandWalking_g09_c04,1,4,0,young,HandstandWalking
v_HandstandWalking_g10_c03,2,3,0,young,HandstandWalking
v_HandstandWalking_g10_c04,0,5,0,young,HandstandWalking
v_HandstandWalking_g11_c03,2,3,0,young,HandstandWalking
v_HandstandWalking_g12_c03,2,3,0,young,HandstandWalking
v_HandstandWalking_g13_c01,3,2,0,kid,HandstandWalking
v_HandstandWalking_g15_c02,3,2,0,kid,HandstandWalking
v_HandstandWalking_g18_c01,2,3,0,young,HandstandWalking
v_HandstandWalking_g18_c04,1,4,0,young,HandstandWalking
v_HandstandWalking_g18_c07,1,4,0,young,HandstandWalking
v_HandstandWalking_g23_c04,1,4,0,young,HandstandWalking
v_HandstandWalking_g24_c01,0,2,3,old,HandstandWalking
v_HandstandWalking_g25_c01,0,1,4,old,HandstandWalking
v_HandstandWalking_g25_c02,0,5,0,young,HandstandWalking
v_HeadMassage_g06_c07,5,0,0,kid,HeadMassage
v_HeadMassage_g10_c02,3,0,2,kid,HeadMassage
v_HeadMassage_g12_c03,0,3,2,young,HeadMassage
v_HeadMassage_g12_c05,0,3,2,young,HeadMassage
v_HeadMassage_g12_c06,0,4,1,young,HeadMassage
v_HeadMassage_g20_c01,0,3,2,young,HeadMassage
v_HighJump_g01_c05,3,2,0,kid,HighJump
v_HighJump_g04_c01,0,5,0,young,HighJump
v_HighJump_g04_c03,0,4,1,young,HighJump
v_HighJump_g04_c05,0,4,1,young,HighJump
v_HighJump_g07_c01,2,3,0,young,HighJump
v_HighJump_g07_c02,2,3,0,young,HighJump
v_HighJump_g07_c03,2,3,0,young,HighJump
v_HighJump_g11_c01,1,4,0,young,HighJump
v_HighJump_g11_c04,1,4,0,young,HighJump
v_HighJump_g11_c06,1,4,0,young,HighJump
v_HighJump_g12_c02,3,2,0,kid,HighJump
v_HighJump_g16_c03,0,3,2,young,HighJump
v_HighJump_g16_c04,0,4,1,young,HighJump
v_HighJump_g16_c05,2,1,2,kid,HighJump
v_HighJump_g17_c02,4,1,0,kid,HighJump
v_HighJump_g18_c04,3,2,0,kid,HighJump
v_HighJump_g23_c04,2,3,0,young,HighJump
v_HorseRace_g04_c03,0,3,2,young,HorseRace
v_HorseRace_g04_c05,2,1,2,kid,HorseRace
v_HorseRace_g06_c01,0,2,3,old,HorseRace
v_HorseRace_g06_c04,0,0,5,old,HorseRace
v_HorseRace_g07_c06,0,3,2,young,HorseRace
v_HorseRace_g08_c01,0,3,2,young,HorseRace
v_HorseRace_g22_c03,0,3,2,young,HorseRace
v_HorseRace_g22_c04,0,4,1,young,HorseRace
v_HorseRace_g23_c01,0,0,5,old,HorseRace
v_HorseRace_g23_c04,0,1,4,old,HorseRace
v_HorseRace_g24_c05,0,3,2,young,HorseRace
v_HorseRiding_g03_c01,3,2,0,kid,HorseRiding
v_HorseRiding_g15_c04,4,1,0,kid,HorseRiding
v_HorseRiding_g16_c05,1,4,0,young,HorseRiding
v_HorseRiding_g16_c06,1,4,0,young,HorseRiding
v_HorseRiding_g22_c03,3,2,0,kid,HorseRiding
v_HulaHoop_g01_c04,5,0,0,kid,HulaHoop
v_HulaHoop_g01_c06,4,1,0,kid,HulaHoop
v_HulaHoop_g01_c07,3,2,0,kid,HulaHoop
v_HulaHoop_g04_c01,2,3,0,young,HulaHoop
v_HulaHoop_g15_c05,0,5,0,young,HulaHoop
v_HulaHoop_g24_c03,3,1,1,kid,HulaHoop
v_HulaHoop_g25_c01,1,0,4,old,HulaHoop
v_HulaHoop_g25_c02,0,1,4,old,HulaHoop
v_IceDancing_g07_c01,0,4,1,young,IceDancing
v_IceDancing_g07_c03,0,3,2,young,IceDancing
v_IceDancing_g07_c05,0,4,1,young,IceDancing
v_IceDancing_g09_c01,0,2,3,old,IceDancing
v_IceDancing_g14_c01,0,0,5,old,IceDancing
v_IceDancing_g21_c05,3,1,1,kid,IceDancing
v_JavelinThrow_g01_c01,0,0,5,old,JavelinThrow
v_JavelinThrow_g01_c04,2,1,2,kid,JavelinThrow
v_JavelinThrow_g02_c03,0,2,3,old,JavelinThrow
v_JavelinThrow_g03_c04,0,0,5,old,JavelinThrow
v_JavelinThrow_g04_c02,1,4,0,young,JavelinThrow
v_JavelinThrow_g04_c03,2,3,0,young,JavelinThrow
v_JavelinThrow_g06_c02,0,2,3,old,JavelinThrow
v_JavelinThrow_g07_c03,3,2,0,kid,JavelinThrow
v_JavelinThrow_g07_c04,3,2,0,kid,JavelinThrow
v_JavelinThrow_g08_c02,0,3,2,young,JavelinThrow
v_JavelinThrow_g09_c04,3,2,0,kid,JavelinThrow
v_JavelinThrow_g11_c01,0,4,1,young,JavelinThrow
v_JavelinThrow_g11_c02,1,3,1,young,JavelinThrow
v_JavelinThrow_g14_c01,0,2,3,old,JavelinThrow
v_JavelinThrow_g16_c01,2,1,2,kid,JavelinThrow
v_JavelinThrow_g16_c02,1,2,2,young,JavelinThrow
v_JavelinThrow_g16_c03,3,2,0,kid,JavelinThrow
v_JavelinThrow_g20_c03,0,3,2,young,JavelinThrow
v_JavelinThrow_g20_c04,1,2,2,young,JavelinThrow
v_JavelinThrow_g21_c04,1,4,0,young,JavelinThrow
v_JavelinThrow_g23_c05,0,2,3,old,JavelinThrow
v_JavelinThrow_g24_c02,0,5,0,young,JavelinThrow
v_JavelinThrow_g24_c03,0,5,0,young,JavelinThrow
v_JavelinThrow_g24_c04,0,5,0,young,JavelinThrow
v_JugglingBalls_g03_c01,1,3,1,young,JugglingBalls
v_JugglingBalls_g03_c02,2,3,0,young,JugglingBalls
v_JugglingBalls_g03_c03,2,3,0,young,JugglingBalls
v_JugglingBalls_g06_c01,5,0,0,kid,JugglingBalls
v_JugglingBalls_g06_c04,4,1,0,kid,JugglingBalls
v_JugglingBalls_g07_c03,3,2,0,kid,JugglingBalls
v_JugglingBalls_g17_c01,2,3,0,young,JugglingBalls
v_JugglingBalls_g17_c03,2,3,0,young,JugglingBalls
v_JugglingBalls_g23_c02,4,1,0,kid,JugglingBalls
v_JugglingBalls_g24_c02,2,3,0,young,JugglingBalls
v_JumpRope_g14_c01,0,2,3,old,JumpRope
v_JumpRope_g23_c02,0,4,1,young,JumpRope
v_JumpRope_g23_c04,0,3,2,young,JumpRope
v_JumpRope_g24_c06,0,1,4,old,JumpRope
v_JumpingJack_g06_c02,0,0,5,old,JumpingJack
v_JumpingJack_g06_c04,1,1,3,old,JumpingJack
v_JumpingJack_g06_c05,1,1,3,old,JumpingJack
v_JumpingJack_g18_c04,0,2,3,old,JumpingJack
v_Kayaking_g02_c02,0,4,1,young,Kayaking
v_Kayaking_g02_c04,0,5,0,young,Kayaking
v_Kayaking_g03_c04,0,2,3,old,Kayaking
v_Kayaking_g16_c01,0,0,5,old,Kayaking
v_Kayaking_g16_c03,0,2,3,old,Kayaking
v_Kayaking_g20_c01,0,2,3,old,Kayaking
v_Kayaking_g22_c02,0,1,4,old,Kayaking
v_Kayaking_g23_c01,0,2,3,old,Kayaking
v_Kayaking_g23_c06,0,2,3,old,Kayaking
v_Kayaking_g25_c03,0,2,3,old,Kayaking
v_Knitting_g01_c02,0,5,0,young,Knitting
v_Knitting_g02_c02,0,3,2,young,Knitting
v_Knitting_g02_c05,0,3,2,young,Knitting
v_Knitting_g08_c01,0,0,5,old,Knitting
v_Knitting_g10_c01,2,1,2,kid,Knitting
v_Knitting_g10_c02,1,2,2,young,Knitting
v_Knitting_g10_c03,1,3,1,young,Knitting
v_Knitting_g10_c05,1,3,1,young,Knitting
v_Knitting_g11_c02,0,5,0,young,Knitting
v_Knitting_g11_c03,0,3,2,young,Knitting
v_Knitting_g11_c06,0,5,0,young,Knitting
v_Knitting_g12_c03,0,3,2,young,Knitting
v_Knitting_g13_c01,1,2,2,young,Knitting
v_Knitting_g13_c02,0,4,1,young,Knitting
v_Knitting_g15_c04,0,1,4,old,Knitting
v_Knitting_g15_c07,0,2,3,old,Knitting
v_Knitting_g17_c01,0,3,2,young,Knitting
v_Knitting_g17_c03,0,4,1,young,Knitting
v_Knitting_g17_c04,0,4,1,young,Knitting
v_Knitting_g22_c01,0,1,4,old,Knitting
v_Knitting_g22_c02,3,1,1,kid,Knitting
v_LongJump_g03_c05,2,3,0,young,LongJump
v_LongJump_g05_c04,0,3,2,young,LongJump
v_LongJump_g08_c02,0,2,3,old,LongJump
v_LongJump_g10_c04,4,1,0,kid,LongJump
v_LongJump_g13_c01,2,3,0,young,LongJump
v_LongJump_g13_c02,2,3,0,young,LongJump
v_LongJump_g14_c02,0,2,3,old,LongJump
v_LongJump_g14_c03,0,2,3,old,LongJump
v_LongJump_g15_c04,4,1,0,kid,LongJump
v_LongJump_g16_c02,0,4,1,young,LongJump
v_LongJump_g16_c03,1,3,1,young,LongJump
v_LongJump_g18_c03,0,2,3,old,LongJump
v_LongJump_g20_c04,0,2,3,old,LongJump
v_LongJump_g22_c01,3,1,1,kid,LongJump
v_LongJump_g23_c04,4,1,0,kid,LongJump
v_LongJump_g24_c02,0,1,4,old,LongJump
v_Lunges_g02_c02,0,3,2,young,Lunges
v_Lunges_g03_c01,0,1,4,old,Lunges
v_Lunges_g05_c03,0,3,2,young,Lunges
v_Lunges_g09_c01,0,3,2,young,Lunges
v_Lunges_g11_c03,0,1,4,old,Lunges
v_Lunges_g11_c05,1,1,3,old,Lunges
v_Lunges_g12_c05,0,2,3,old,Lunges
v_Lunges_g13_c02,0,3,2,young,Lunges
v_Lunges_g13_c05,0,5,0,young,Lunges
v_Lunges_g13_c06,2,2,1,kid,Lunges
v_Lunges_g14_c02,1,2,2,young,Lunges
v_Lunges_g14_c03,1,2,2,young,Lunges
v_Lunges_g14_c05,4,0,1,kid,Lunges
v_Lunges_g14_c07,2,1,2,kid,Lunges
v_Lunges_g17_c01,0,5,0,young,Lunges
v_Lunges_g17_c03,0,5,0,young,Lunges
v_Lunges_g22_c01,0,3,2,young,Lunges
v_Lunges_g23_c02,2,1,2,kid,Lunges
v_Lunges_g23_c03,0,4,1,young,Lunges
v_Lunges_g25_c02,1,4,0,young,Lunges
v_MilitaryParade_g05_c04,3,0,2,kid,MilitaryParade
v_MilitaryParade_g11_c02,0,4,1,young,MilitaryParade
v_Mixing_g20_c03,0,5,0,young,Mixing
v_MoppingFloor_g11_c03,0,4,1,young,MoppingFloor
v_MoppingFloor_g11_c04,0,5,0,young,MoppingFloor
v_MoppingFloor_g15_c02,0,3,2,young,MoppingFloor
v_MoppingFloor_g18_c01,0,2,3,old,MoppingFloor
v_MoppingFloor_g18_c05,1,0,4,old,MoppingFloor
v_MoppingFloor_g18_c06,0,0,5,old,MoppingFloor
v_MoppingFloor_g19_c04,0,3,2,young,MoppingFloor
v_MoppingFloor_g20_c03,1,2,2,young,MoppingFloor
v_MoppingFloor_g21_c01,2,0,3,old,MoppingFloor
v_MoppingFloor_g21_c04,0,2,3,old,MoppingFloor
v_MoppingFloor_g23_c01,0,5,0,young,MoppingFloor
v_MoppingFloor_g23_c02,0,5,0,young,MoppingFloor
v_MoppingFloor_g25_c02,0,0,5,old,MoppingFloor
v_MoppingFloor_g25_c04,1,3,1,young,MoppingFloor
v_Nunchucks_g02_c01,0,1,4,old,Nunchucks
v_Nunchucks_g02_c04,1,1,3,old,Nunchucks
v_Nunchucks_g02_c06,1,1,3,old,Nunchucks
v_Nunchucks_g03_c07,0,0,5,old,Nunchucks
v_Nunchucks_g05_c02,2,3,0,young,Nunchucks
v_Nunchucks_g06_c02,0,2,3,old,Nunchucks
v_Nunchucks_g08_c02,3,2,0,kid,Nunchucks
v_Nunchucks_g08_c03,3,2,0,kid,Nunchucks
v_Nunchucks_g08_c05,4,1,0,kid,Nunchucks
v_Nunchucks_g09_c02,2,3,0,young,Nunchucks
v_Nunchucks_g09_c05,2,3,0,young,Nunchucks
v_Nunchucks_g10_c01,3,1,1,kid,Nunchucks
v_Nunchucks_g10_c03,3,2,0,kid,Nunchucks
v_Nunchucks_g10_c04,0,5,0,young,Nunchucks
v_Nunchucks_g22_c02,1,4,0,young,Nunchucks
v_Nunchucks_g22_c03,0,0,5,old,Nunchucks
v_Nunchucks_g25_c02,2,3,0,young,Nunchucks
v_ParallelBars_g20_c01,0,1,4,old,ParallelBars
v_ParallelBars_g20_c03,4,1,0,kid,ParallelBars
v_ParallelBars_g22_c03,0,1,4,old,ParallelBars
v_ParallelBars_g23_c01,0,2,3,old,ParallelBars
v_PizzaTossing_g02_c05,4,1,0,kid,PizzaTossing
v_PizzaTossing_g06_c02,2,3,0,young,PizzaTossing
v_PizzaTossing_g06_c03,2,2,1,kid,PizzaTossing
v_PizzaTossing_g06_c04,1,3,1,young,PizzaTossing
v_PizzaTossing_g07_c03,0,1,4,old,PizzaTossing
v_PizzaTossing_g07_c04,1,1,3,old,PizzaTossing
v_PizzaTossing_g08_c03,1,0,4,old,PizzaTossing
v_PizzaTossing_g08_c04,0,1,4,old,PizzaTossing
v_PizzaTossing_g09_c04,3,0,2,kid,PizzaTossing
v_PizzaTossing_g10_c04,0,4,1,young,PizzaTossing
v_PizzaTossing_g14_c02,3,1,1,kid,PizzaTossing
v_PizzaTossing_g16_c04,0,3,2,young,PizzaTossing
v_PizzaTossing_g20_c03,0,0,5,old,PizzaTossing
v_PizzaTossing_g20_c04,1,2,2,young,PizzaTossing
v_PizzaTossing_g24_c04,0,4,1,young,PizzaTossing
v_PlayingCello_g06_c01,1,4,0,young,PlayingCello
v_PlayingCello_g15_c03,3,2,0,kid,PlayingCello
v_PlayingCello_g15_c04,3,2,0,kid,PlayingCello
v_PlayingCello_g18_c01,3,2,0,kid,PlayingCello
v_PlayingCello_g18_c04,3,2,0,kid,PlayingCello
v_PlayingCello_g18_c07,4,1,0,kid,PlayingCello
v_PlayingCello_g20_c03,4,1,0,kid,PlayingCello
v_PlayingCello_g22_c02,2,3,0,young,PlayingCello
v_PlayingCello_g22_c07,0,5,0,young,PlayingCello
v_PlayingCello_g23_c05,0,4,1,young,PlayingCello
v_PlayingCello_g23_c06,0,4,1,young,PlayingCello
v_PlayingCello_g23_c07,0,3,2,young,PlayingCello
v_PlayingCello_g24_c06,2,3,0,young,PlayingCello
v_PlayingCello_g25_c05,0,5,0,young,PlayingCello
v_PlayingCello_g25_c06,0,5,0,young,PlayingCello
v_PlayingCello_g25_c07,0,3,2,young,PlayingCello
v_PlayingDaf_g01_c01,0,4,1,young,PlayingDaf
v_PlayingDaf_g01_c03,1,2,2,young,PlayingDaf
v_PlayingDaf_g04_c01,1,4,0,young,PlayingDaf
v_PlayingDaf_g14_c05,0,4,1,young,PlayingDaf
v_PlayingDaf_g14_c06,1,3,1,young,PlayingDaf
v_PlayingDaf_g14_c07,1,3,1,young,PlayingDaf
v_PlayingDaf_g15_c02,0,2,3,old,PlayingDaf
v_PlayingDaf_g15_c05,0,0,5,old,PlayingDaf
v_PlayingDaf_g15_c07,0,1,4,old,PlayingDaf
v_PlayingDaf_g16_c01,3,2,0,kid,PlayingDaf
v_PlayingDaf_g16_c02,3,2,0,kid,PlayingDaf
v_PlayingDaf_g21_c01,0,4,1,young,PlayingDaf
v_PlayingDaf_g21_c03,0,3,2,young,PlayingDaf
v_PlayingDhol_g07_c07,3,0,2,kid,PlayingDhol
v_PlayingDhol_g08_c03,0,1,4,old,PlayingDhol
v_PlayingDhol_g08_c06,0,2,3,old,PlayingDhol
v_PlayingDhol_g08_c07,0,1,4,old,PlayingDhol
v_PlayingDhol_g10_c07,1,2,2,young,PlayingDhol
v_PlayingDhol_g11_c05,0,2,3,old,PlayingDhol
v_PlayingDhol_g12_c05,0,2,3,old,PlayingDhol
v_PlayingDhol_g14_c01,2,3,0,young,PlayingDhol
v_PlayingDhol_g15_c02,0,2,3,old,PlayingDhol
v_PlayingDhol_g20_c04,3,2,0,kid,PlayingDhol
v_PlayingFlute_g08_c03,0,3,2,young,PlayingFlute
v_PlayingFlute_g09_c03,3,2,0,kid,PlayingFlute
v_PlayingFlute_g09_c04,3,2,0,kid,PlayingFlute
v_PlayingFlute_g09_c06,3,2,0,kid,PlayingFlute
v_PlayingFlute_g15_c01,0,4,1,young,PlayingFlute
v_PlayingFlute_g15_c02,0,4,1,young,PlayingFlute
v_PlayingFlute_g15_c05,0,4,1,young,PlayingFlute
v_PlayingFlute_g20_c01,0,5,0,young,PlayingFlute
v_PlayingFlute_g21_c06,0,1,4,old,PlayingFlute
v_PlayingFlute_g24_c05,1,3,1,young,PlayingFlute
v_PlayingGuitar_g04_c06,3,2,0,kid,PlayingGuitar
v_PlayingGuitar_g06_c03,2,3,0,young,PlayingGuitar
v_PlayingGuitar_g14_c05,2,3,0,young,PlayingGuitar
v_PlayingGuitar_g14_c06,1,4,0,young,PlayingGuitar
v_PlayingGuitar_g15_c04,3,2,0,kid,PlayingGuitar
v_PlayingGuitar_g15_c06,3,2,0,kid,PlayingGuitar
v_PlayingGuitar_g15_c07,5,0,0,kid,PlayingGuitar
v_PlayingPiano_g02_c01,1,3,1,young,PlayingPiano
v_PlayingPiano_g02_c03,0,3,2,young,PlayingPiano
v_PlayingPiano_g03_c04,4,1,0,kid,PlayingPiano
v_PlayingPiano_g16_c02,2,3,0,young,PlayingPiano
v_PlayingPiano_g16_c05,2,3,0,young,PlayingPiano
v_PlayingPiano_g16_c07,1,4,0,young,PlayingPiano
v_PlayingPiano_g20_c01,2,2,1,kid,PlayingPiano
v_PlayingSitar_g08_c04,2,3,0,young,PlayingSitar
v_PlayingSitar_g12_c01,1,1,3,old,PlayingSitar
v_PlayingSitar_g21_c02,0,4,1,young,PlayingSitar
v_PlayingSitar_g21_c03,0,4,1,young,PlayingSitar
v_PlayingSitar_g21_c05,1,3,1,young,PlayingSitar
v_PlayingSitar_g22_c03,0,1,4,old,PlayingSitar
v_PlayingSitar_g23_c04,0,1,4,old,PlayingSitar
v_PlayingSitar_g23_c05,0,1,4,old,PlayingSitar
v_PlayingSitar_g23_c06,0,0,5,old,PlayingSitar
v_PlayingSitar_g25_c03,1,4,0,young,PlayingSitar
v_PlayingSitar_g25_c04,1,4,0,young,PlayingSitar
v_PlayingTabla_g06_c03,0,1,4,old,PlayingTabla
v_PlayingTabla_g09_c01,0,4,1,young,PlayingTabla
v_PlayingTabla_g09_c05,1,2,2,young,PlayingTabla
v_PlayingTabla_g12_c01,4,1,0,kid,PlayingTabla
v_PlayingTabla_g12_c04,4,1,0,kid,PlayingTabla
v_PlayingTabla_g17_c01,2,0,3,old,PlayingTabla
v_PlayingViolin_g05_c01,0,2,3,old,PlayingViolin
v_PlayingViolin_g07_c02,2,3,0,young,PlayingViolin
v_PlayingViolin_g09_c03,2,3,0,young,PlayingViolin
v_PlayingViolin_g09_c04,2,3,0,young,PlayingViolin
v_PlayingViolin_g22_c01,2,3,0,young,PlayingViolin
v_PlayingViolin_g22_c04,1,4,0,young,PlayingViolin
v_PoleVault_g04_c01,0,2,3,old,PoleVault
v_PoleVault_g13_c01,0,1,4,old,PoleVault
v_PoleVault_g13_c03,0,1,4,old,PoleVault
v_PoleVault_g16_c01,0,3,2,young,PoleVault
v_PoleVault_g16_c02,0,4,1,young,PoleVault
v_PoleVault_g16_c03,1,4,0,young,PoleVault
v_PoleVault_g21_c01,1,3,1,young,PoleVault
v_PoleVault_g21_c03,0,3,2,young,PoleVault
v_PoleVault_g21_c04,0,5,0,young,PoleVault
v_PoleVault_g24_c05,2,2,1,kid,PoleVault
v_PommelHorse_g09_c03,0,2,3,old,PommelHorse
v_PommelHorse_g19_c02,3,2,0,kid,PommelHorse
v_PommelHorse_g22_c01,0,3,2,young,PommelHorse
v_PommelHorse_g22_c05,0,4,1,young,PommelHorse
v_PommelHorse_g22_c07,0,4,1,young,PommelHorse
v_PullUps_g03_c01,0,0,5,old,PullUps
v_PullUps_g04_c02,0,3,2,young,PullUps
v_PullUps_g07_c03,0,3,2,young,PullUps
v_PullUps_g11_c04,0,3,2,young,PullUps
v_PullUps_g14_c04,1,3,1,young,PullUps
v_PullUps_g18_c04,0,3,2,young,PullUps
v_Punch_g01_c03,4,1,0,kid,Punch
v_Punch_g02_c02,0,5,0,young,Punch
v_Punch_g02_c04,1,2,2,young,Punch
v_Punch_g03_c01,0,5,0,young,Punch
v_Punch_g03_c02,0,3,2,young,Punch
v_Punch_g05_c01,0,5,0,young,Punch
v_Punch_g05_c02,0,4,1,young,Punch
v_Punch_g05_c07,0,3,2,young,Punch
v_Punch_g06_c04,0,0,5,old,Punch
v_Punch_g06_c06,0,1,4,old,Punch
v_Punch_g06_c07,0,1,4,old,Punch
v_Punch_g07_c03,0,2,3,old,Punch
v_Punch_g07_c05,0,2,3,old,Punch
v_Punch_g07_c06,0,1,4,old,Punch
v_Punch_g09_c01,0,3,2,young,Punch
v_Punch_g09_c06,0,5,0,young,Punch
v_Punch_g09_c07,0,4,1,young,Punch
v_Punch_g12_c05,0,3,2,young,Punch
v_Punch_g12_c06,0,3,2,young,Punch
v_Punch_g14_c04,0,1,4,old,Punch
v_Punch_g15_c01,0,3,2,young,Punch
v_Punch_g15_c02,0,3,2,young,Punch
v_Punch_g17_c06,0,4,1,young,Punch
v_Punch_g18_c05,0,4,1,young,Punch
v_Punch_g18_c06,0,3,2,young,Punch
v_Punch_g21_c02,0,1,4,old,Punch
v_Punch_g21_c04,0,0,5,old,Punch
v_Punch_g21_c05,0,2,3,old,Punch
v_Punch_g22_c01,0,4,1,young,Punch
v_Punch_g22_c03,0,3,2,young,Punch
v_Punch_g22_c05,0,3,2,young,Punch
v_Punch_g23_c01,0,4,1,young,Punch
v_Punch_g24_c02,0,3,2,young,Punch
v_Punch_g25_c01,0,3,2,young,Punch
v_PushUps_g03_c04,0,3,2,young,PushUps
v_PushUps_g12_c02,0,2,3,old,PushUps
v_PushUps_g15_c04,0,1,4,old,PushUps
v_PushUps_g16_c01,0,4,1,young,PushUps
v_PushUps_g16_c02,0,5,0,young,PushUps
v_PushUps_g20_c01,0,3,2,young,PushUps
v_PushUps_g20_c02,0,3,2,young,PushUps
v_PushUps_g21_c02,1,3,1,young,PushUps
v_PushUps_g21_c03,1,3,1,young,PushUps
v_Rafting_g07_c03,0,1,4,old,Rafting
v_Rafting_g11_c02,0,4,1,young,Rafting
v_Rafting_g11_c04,0,3,2,young,Rafting
v_Rafting_g13_c01,0,1,4,old,Rafting
v_Rafting_g13_c02,0,1,4,old,Rafting
v_Rafting_g17_c01,0,5,0,young,Rafting
v_Rafting_g17_c05,0,3,2,young,Rafting
v_Rafting_g17_c06,0,3,2,young,Rafting
v_Rafting_g18_c03,0,4,1,young,Rafting
v_Rafting_g18_c04,0,3,2,young,Rafting
v_Rafting_g19_c02,0,2,3,old,Rafting
v_Rafting_g23_c04,3,2,0,kid,Rafting
v_Rafting_g25_c01,0,1,4,old,Rafting
v_RockClimbingIndoor_g01_c01,0,3,2,young,RockClimbingIndoor
v_RockClimbingIndoor_g01_c04,2,1,2,kid,RockClimbingIndoor
v_RockClimbingIndoor_g01_c05,0,3,2,young,RockClimbingIndoor
v_RockClimbingIndoor_g03_c01,3,2,0,kid,RockClimbingIndoor
v_RockClimbingIndoor_g05_c02,0,3,2,young,RockClimbingIndoor
v_RockClimbingIndoor_g05_c06,0,3,2,young,RockClimbingIndoor
v_RockClimbingIndoor_g06_c03,0,3,2,young,RockClimbingIndoor
v_RockClimbingIndoor_g06_c05,1,4,0,young,RockClimbingIndoor
v_RockClimbingIndoor_g06_c06,1,3,1,young,RockClimbingIndoor
v_RockClimbingIndoor_g06_c07,4,1,0,kid,RockClimbingIndoor
v_RockClimbingIndoor_g07_c02,2,3,0,young,RockClimbingIndoor
v_RockClimbingIndoor_g07_c03,0,3,2,young,RockClimbingIndoor
v_RockClimbingIndoor_g07_c07,0,4,1,young,RockClimbingIndoor
v_RockClimbingIndoor_g10_c04,0,5,0,young,RockClimbingIndoor
v_RockClimbingIndoor_g10_c06,0,5,0,young,RockClimbingIndoor
v_RockClimbingIndoor_g10_c07,0,5,0,young,RockClimbingIndoor
v_RockClimbingIndoor_g11_c01,3,2,0,kid,RockClimbingIndoor
v_RockClimbingIndoor_g12_c03,2,3,0,young,RockClimbingIndoor
v_RockClimbingIndoor_g12_c04,2,3,0,young,RockClimbingIndoor
v_RockClimbingIndoor_g14_c01,2,1,2,kid,RockClimbingIndoor
v_RockClimbingIndoor_g14_c03,0,3,2,young,RockClimbingIndoor
v_RockClimbingIndoor_g15_c01,3,2,0,kid,RockClimbingIndoor
v_RockClimbingIndoor_g16_c02,2,3,0,young,RockClimbingIndoor
v_RockClimbingIndoor_g16_c05,1,2,2,young,RockClimbingIndoor
v_RockClimbingIndoor_g17_c01,0,2,3,old,RockClimbingIndoor
v_RockClimbingIndoor_g17_c07,4,1,0,kid,RockClimbingIndoor
v_RockClimbingIndoor_g19_c04,3,1,1,kid,RockClimbingIndoor
v_RockClimbingIndoor_g20_c03,2,2,1,kid,RockClimbingIndoor
v_RockClimbingIndoor_g21_c04,2,3,0,young,RockClimbingIndoor
v_RockClimbingIndoor_g21_c06,2,3,0,young,RockClimbingIndoor
v_RockClimbingIndoor_g21_c07,2,3,0,young,RockClimbingIndoor
v_RockClimbingIndoor_g23_c01,1,2,2,young,RockClimbingIndoor
v_RockClimbingIndoor_g23_c05,0,3,2,young,RockClimbingIndoor
v_RockClimbingIndoor_g23_c06,1,1,3,old,RockClimbingIndoor
v_RockClimbingIndoor_g24_c03,0,3,2,young,RockClimbingIndoor
v_RockClimbingIndoor_g24_c06,0,4,1,young,RockClimbingIndoor
v_RockClimbingIndoor_g24_c07,0,5,0,young,RockClimbingIndoor
v_RockClimbingIndoor_g25_c03,0,1,4,old,RockClimbingIndoor
v_RopeClimbing_g02_c02,0,5,0,young,RopeClimbing
v_RopeClimbing_g02_c03,2,3,0,young,RopeClimbing
v_RopeClimbing_g05_c01,3,2,0,kid,RopeClimbing
v_RopeClimbing_g05_c02,3,2,0,kid,RopeClimbing
v_RopeClimbing_g05_c07,5,0,0,kid,RopeClimbing
v_RopeClimbing_g10_c01,1,1,3,old,RopeClimbing
v_RopeClimbing_g10_c02,1,1,3,old,RopeClimbing
v_RopeClimbing_g12_c03,0,1,4,old,RopeClimbing
v_RopeClimbing_g14_c05,1,1,3,old,RopeClimbing
v_RopeClimbing_g15_c03,0,5,0,young,RopeClimbing
v_RopeClimbing_g15_c04,2,3,0,young,RopeClimbing
v_RopeClimbing_g20_c01,1,4,0,young,RopeClimbing
v_RopeClimbing_g24_c02,4,1,0,kid,RopeClimbing
v_Rowing_g01_c03,0,3,2,young,Rowing
v_Rowing_g01_c04,0,3,2,young,Rowing
v_Rowing_g02_c02,0,3,2,young,Rowing
v_Rowing_g02_c03,0,5,0,young,Rowing
v_Rowing_g02_c05,0,4,1,young,Rowing
v_Rowing_g05_c04,0,0,5,old,Rowing
v_Rowing_g07_c05,0,3,2,young,Rowing
v_Rowing_g08_c04,0,2,3,old,Rowing
v_Rowing_g09_c05,0,3,2,young,Rowing
v_Rowing_g10_c07,0,1,4,old,Rowing
v_Rowing_g11_c02,0,3,2,young,Rowing
v_Rowing_g11_c06,0,4,1,young,Rowing
v_Rowing_g12_c01,0,5,0,young,Rowing
v_Rowing_g12_c03,0,3,2,young,Rowing
v_Rowing_g12_c06,0,3,2,young,Rowing
v_Rowing_g14_c05,0,4,1,young,Rowing
v_Rowing_g15_c04,0,2,3,old,Rowing
v_Rowing_g15_c06,0,2,3,old,Rowing
v_Rowing_g15_c07,0,2,3,old,Rowing
v_Rowing_g17_c05,0,3,2,young,Rowing
v_Rowing_g18_c01,0,3,2,young,Rowing
v_Rowing_g18_c04,0,5,0,young,Rowing
v_Rowing_g20_c03,0,3,2,young,Rowing
v_Rowing_g21_c03,0,5,0,young,Rowing
v_Rowing_g21_c04,0,5,0,young,Rowing
v_Rowing_g22_c03,0,3,2,young,Rowing
v_Rowing_g22_c04,1,4,0,young,Rowing
v_SalsaSpin_g01_c07,4,1,0,kid,SalsaSpin
v_SalsaSpin_g04_c01,0,2,3,old,SalsaSpin
v_SalsaSpin_g04_c02,0,2,3,old,SalsaSpin
v_SalsaSpin_g22_c01,2,2,1,kid,SalsaSpin
v_SalsaSpin_g22_c03,0,4,1,young,SalsaSpin
v_SalsaSpin_g22_c04,1,3,1,young,SalsaSpin
v_ShavingBeard_g08_c03,0,3,2,young,ShavingBeard
v_ShavingBeard_g08_c04,0,3,2,young,ShavingBeard
v_ShavingBeard_g13_c05,3,1,1,kid,ShavingBeard
v_ShavingBeard_g13_c06,2,1,2,kid,ShavingBeard
v_ShavingBeard_g23_c03,0,3,2,young,ShavingBeard
v_ShavingBeard_g23_c04,0,3,2,young,ShavingBeard
v_Shotput_g01_c01,0,3,2,young,Shotput
v_Shotput_g01_c02,0,4,1,young,Shotput
v_Shotput_g01_c06,0,3,2,young,Shotput
v_Shotput_g03_c02,1,4,0,young,Shotput
v_Shotput_g03_c04,2,3,0,young,Shotput
v_Shotput_g04_c02,0,1,4,old,Shotput
v_Shotput_g08_c07,4,1,0,kid,Shotput
v_Shotput_g11_c06,0,3,2,young,Shotput
v_Shotput_g11_c07,0,4,1,young,Shotput
v_Shotput_g12_c01,0,2,3,old,Shotput
v_Shotput_g12_c03,0,1,4,old,Shotput
v_Shotput_g12_c05,0,2,3,old,Shotput
v_Shotput_g13_c04,0,3,2,young,Shotput
v_Shotput_g17_c04,0,0,5,old,Shotput
v_Shotput_g18_c02,0,1,4,old,Shotput
v_Shotput_g22_c04,0,1,4,old,Shotput
v_Shotput_g23_c01,2,3,0,young,Shotput
v_Shotput_g23_c04,0,4,1,young,Shotput
v_Shotput_g23_c06,2,0,3,old,Shotput
v_Shotput_g24_c01,0,0,5,old,Shotput
v_SkateBoarding_g05_c03,3,2,0,kid,SkateBoarding
v_SkateBoarding_g06_c01,1,4,0,young,SkateBoarding
v_SkateBoarding_g06_c03,0,5,0,young,SkateBoarding
v_SkateBoarding_g11_c05,4,1,0,kid,SkateBoarding
v_SkateBoarding_g14_c02,2,3,0,young,SkateBoarding
v_SkateBoarding_g23_c02,3,2,0,kid,SkateBoarding
v_Skiing_g02_c03,0,2,3,old,Skiing
v_Skiing_g15_c04,0,2,3,old,Skiing
v_Skiing_g24_c05,5,0,0,kid,Skiing
v_Skiing_g24_c06,3,2,0,kid,Skiing
v_SoccerJuggling_g01_c04,4,1,0,kid,SoccerJuggling
v_SoccerJuggling_g02_c02,2,3,0,young,SoccerJuggling
v_SoccerJuggling_g02_c03,0,5,0,young,SoccerJuggling
v_SoccerJuggling_g03_c02,4,1,0,kid,SoccerJuggling
v_SoccerJuggling_g05_c05,2,3,0,young,SoccerJuggling
v_SoccerJuggling_g06_c04,2,2,1,kid,SoccerJuggling
v_SoccerJuggling_g06_c05,3,2,0,kid,SoccerJuggling
v_SoccerJuggling_g08_c03,2,3,0,young,SoccerJuggling
v_SoccerJuggling_g08_c04,1,4,0,young,SoccerJuggling
v_SoccerJuggling_g20_c01,1,2,2,young,SoccerJuggling
v_SoccerJuggling_g20_c02,1,1,3,old,SoccerJuggling
v_SoccerJuggling_g22_c02,4,1,0,kid,SoccerJuggling
v_SoccerJuggling_g22_c05,3,2,0,kid,SoccerJuggling
v_SoccerJuggling_g22_c07,3,2,0,kid,SoccerJuggling
v_SoccerJuggling_g25_c02,1,3,1,young,SoccerJuggling
v_SoccerPenalty_g05_c05,2,2,1,kid,SoccerPenalty
v_SoccerPenalty_g10_c05,0,3,2,young,SoccerPenalty
v_SoccerPenalty_g13_c03,0,4,1,young,SoccerPenalty
v_SoccerPenalty_g15_c06,0,5,0,young,SoccerPenalty
v_SoccerPenalty_g18_c02,4,1,0,kid,SoccerPenalty
v_SoccerPenalty_g18_c05,5,0,0,kid,SoccerPenalty
v_SoccerPenalty_g19_c04,1,2,2,young,SoccerPenalty
v_SoccerPenalty_g23_c05,5,0,0,kid,SoccerPenalty
v_StillRings_g10_c05,0,1,4,old,StillRings
v_StillRings_g16_c04,0,0,5,old,StillRings
v_StillRings_g21_c07,3,2,0,kid,StillRings
v_SumoWrestling_g08_c04,0,3,2,young,SumoWrestling
v_Swing_g01_c03,4,1,0,kid,Swing
v_Swing_g04_c05,2,0,3,old,Swing
v_TableTennisShot_g04_c04,0,3,2,young,TableTennisShot
v_TableTennisShot_g04_c05,4,1,0,kid,TableTennisShot
v_TableTennisShot_g04_c06,0,5,0,young,TableTennisShot
v_TableTennisShot_g11_c02,0,4,1,young,TableTennisShot
v_TableTennisShot_g18_c04,0,3,2,young,TableTennisShot
v_TableTennisShot_g19_c01,0,2,3,old,TableTennisShot
v_TableTennisShot_g19_c04,0,1,4,old,TableTennisShot
v_TableTennisShot_g19_c06,0,2,3,old,TableTennisShot
v_TableTennisShot_g24_c03,0,1,4,old,TableTennisShot
v_TableTennisShot_g25_c01,0,1,4,old,TableTennisShot
v_TableTennisShot_g25_c04,0,2,3,old,TableTennisShot
v_TableTennisShot_g25_c06,0,2,3,old,TableTennisShot
v_TaiChi_g05_c02,0,4,1,young,TaiChi
v_TaiChi_g05_c03,1,2,2,young,TaiChi
v_TaiChi_g08_c01,0,1,4,old,TaiChi
v_TaiChi_g12_c03,0,4,1,young,TaiChi
v_TaiChi_g12_c04,0,3,2,young,TaiChi
v_TaiChi_g19_c01,2,3,0,young,TaiChi
v_TaiChi_g24_c04,0,3,2,young,TaiChi
v_TennisSwing_g03_c04,0,2,3,old,TennisSwing
v_TennisSwing_g05_c03,3,2,0,kid,TennisSwing
v_TennisSwing_g07_c05,4,1,0,kid,TennisSwing
v_TennisSwing_g07_c07,5,0,0,kid,TennisSwing
v_TennisSwing_g08_c05,3,2,0,kid,TennisSwing
v_TennisSwing_g10_c07,0,3,2,young,TennisSwing
v_TennisSwing_g16_c02,0,2,3,old,TennisSwing
v_TennisSwing_g16_c03,0,2,3,old,TennisSwing
v_TennisSwing_g17_c03,0,2,3,old,TennisSwing
v_TennisSwing_g17_c04,0,2,3,old,TennisSwing
v_TennisSwing_g17_c06,0,2,3,old,TennisSwing
v_TennisSwing_g20_c01,0,5,0,young,TennisSwing
v_TennisSwing_g20_c02,0,5,0,young,TennisSwing
v_TennisSwing_g20_c06,3,2,0,kid,TennisSwing
v_TennisSwing_g22_c04,3,2,0,kid,TennisSwing
v_TennisSwing_g22_c06,3,2,0,kid,TennisSwing
v_TennisSwing_g23_c01,3,2,0,kid,TennisSwing
v_ThrowDiscus_g02_c02,0,2,3,old,ThrowDiscus
v_ThrowDiscus_g02_c03,3,2,0,kid,ThrowDiscus
v_ThrowDiscus_g03_c01,0,5,0,young,ThrowDiscus
v_ThrowDiscus_g03_c03,0,4,1,young,ThrowDiscus
v_ThrowDiscus_g05_c04,3,2,0,kid,ThrowDiscus
v_ThrowDiscus_g05_c05,3,2,0,kid,ThrowDiscus
v_ThrowDiscus_g07_c06,1,0,4,old,ThrowDiscus
v_ThrowDiscus_g08_c01,3,2,0,kid,ThrowDiscus
v_ThrowDiscus_g09_c02,0,3,2,young,ThrowDiscus
v_ThrowDiscus_g09_c05,1,4,0,young,ThrowDiscus
v_ThrowDiscus_g09_c06,1,4,0,young,ThrowDiscus
v_ThrowDiscus_g11_c01,1,4,0,young,ThrowDiscus
v_ThrowDiscus_g11_c05,0,4,1,young,ThrowDiscus
v_ThrowDiscus_g11_c07,0,4,1,young,ThrowDiscus
v_ThrowDiscus_g12_c01,0,2,3,old,ThrowDiscus
v_ThrowDiscus_g13_c01,0,2,3,old,ThrowDiscus
v_ThrowDiscus_g13_c02,0,0,5,old,ThrowDiscus
v_ThrowDiscus_g14_c02,0,3,2,young,ThrowDiscus
v_ThrowDiscus_g15_c01,1,1,3,old,ThrowDiscus
v_ThrowDiscus_g15_c04,0,5,0,young,ThrowDiscus
v_ThrowDiscus_g15_c05,0,5,0,young,ThrowDiscus
v_ThrowDiscus_g17_c02,0,3,2,young,ThrowDiscus
v_ThrowDiscus_g21_c06,1,1,3,old,ThrowDiscus
v_ThrowDiscus_g22_c03,1,2,2,young,ThrowDiscus
v_ThrowDiscus_g25_c01,5,0,0,kid,ThrowDiscus
v_TrampolineJumping_g03_c01,2,3,0,young,TrampolineJumping
v_TrampolineJumping_g09_c02,2,3,0,young,TrampolineJumping
v_TrampolineJumping_g10_c03,2,3,0,young,TrampolineJumping
v_TrampolineJumping_g24_c03,0,5,0,young,TrampolineJumping
v_TrampolineJumping_g25_c04,2,3,0,young,TrampolineJumping
v_Typing_g04_c02,0,4,1,young,Typing
v_Typing_g09_c01,0,0,5,old,Typing
v_Typing_g13_c01,0,2,3,old,Typing
v_Typing_g17_c04,0,3,2,young,Typing
v_UnevenBars_g07_c03,0,4,1,young,UnevenBars
v_UnevenBars_g07_c04,0,5,0,young,UnevenBars
v_VolleyballSpiking_g01_c01,0,1,4,old,VolleyballSpiking
v_VolleyballSpiking_g02_c02,1,4,0,young,VolleyballSpiking
v_VolleyballSpiking_g02_c03,0,5,0,young,VolleyballSpiking
v_VolleyballSpiking_g03_c04,0,5,0,young,VolleyballSpiking
v_VolleyballSpiking_g05_c01,5,0,0,kid,VolleyballSpiking
v_VolleyballSpiking_g06_c02,2,3,0,young,VolleyballSpiking
v_VolleyballSpiking_g06_c03,1,4,0,young,VolleyballSpiking
v_VolleyballSpiking_g07_c01,2,2,1,kid,VolleyballSpiking
v_VolleyballSpiking_g07_c03,3,0,2,kid,VolleyballSpiking
v_VolleyballSpiking_g07_c05,3,2,0,kid,VolleyballSpiking
v_VolleyballSpiking_g08_c01,3,2,0,kid,VolleyballSpiking
v_VolleyballSpiking_g09_c04,2,2,1,kid,VolleyballSpiking
v_VolleyballSpiking_g09_c05,0,1,4,old,VolleyballSpiking
v_VolleyballSpiking_g11_c01,0,5,0,young,VolleyballSpiking
v_VolleyballSpiking_g13_c05,2,2,1,kid,VolleyballSpiking
v_VolleyballSpiking_g14_c01,1,4,0,young,VolleyballSpiking
v_VolleyballSpiking_g14_c04,2,3,0,young,VolleyballSpiking
v_VolleyballSpiking_g15_c02,0,2,3,old,VolleyballSpiking
v_VolleyballSpiking_g15_c03,3,0,2,kid,VolleyballSpiking
v_VolleyballSpiking_g16_c01,0,1,4,old,VolleyballSpiking
v_VolleyballSpiking_g18_c01,4,1,0,kid,VolleyballSpiking
v_VolleyballSpiking_g19_c03,0,5,0,young,VolleyballSpiking
v_VolleyballSpiking_g19_c04,1,4,0,young,VolleyballSpiking
v_VolleyballSpiking_g20_c02,2,3,0,young,VolleyballSpiking
v_VolleyballSpiking_g21_c01,0,5,0,young,VolleyballSpiking
v_VolleyballSpiking_g21_c04,0,1,4,old,VolleyballSpiking
v_VolleyballSpiking_g22_c03,2,1,2,kid,VolleyballSpiking
v_VolleyballSpiking_g23_c01,0,3,2,young,VolleyballSpiking
v_VolleyballSpiking_g24_c04,3,2,0,kid,VolleyballSpiking
v_WalkingWithDog_g04_c04,4,0,1,kid,WalkingWithDog
v_WalkingWithDog_g04_c05,0,3,2,young,WalkingWithDog
v_WalkingWithDog_g06_c04,3,0,2,kid,WalkingWithDog
v_WalkingWithDog_g07_c04,4,0,1,kid,WalkingWithDog
v_WalkingWithDog_g09_c02,0,1,4,old,WalkingWithDog
v_WalkingWithDog_g09_c03,0,0,5,old,WalkingWithDog
v_WalkingWithDog_g09_c05,0,1,4,old,WalkingWithDog
v_WalkingWithDog_g12_c02,2,1,2,kid,WalkingWithDog
v_WalkingWithDog_g12_c03,2,1,2,kid,WalkingWithDog
v_WalkingWithDog_g15_c04,5,0,0,kid,WalkingWithDog
v_WalkingWithDog_g16_c01,3,0,2,kid,WalkingWithDog
v_WalkingWithDog_g17_c01,0,3,2,young,WalkingWithDog
v_WalkingWithDog_g21_c01,0,1,4,old,WalkingWithDog
v_WalkingWithDog_g21_c03,2,0,3,old,WalkingWithDog
v_WalkingWithDog_g24_c01,1,2,2,young,WalkingWithDog
v_WalkingWithDog_g24_c02,1,1,3,old,WalkingWithDog
v_WalkingWithDog_g24_c04,1,0,4,old,WalkingWithDog
v_WalkingWithDog_g25_c02,1,2,2,young,WalkingWithDog
v_WallPushups_g02_c02,3,1,1,kid,WallPushups
v_WallPushups_g03_c01,0,2,3,old,WallPushups
v_WallPushups_g10_c03,0,4,1,young,WallPushups
v_WallPushups_g11_c03,3,0,2,kid,WallPushups
v_WallPushups_g11_c04,3,0,2,kid,WallPushups
v_WallPushups_g13_c01,0,2,3,old,WallPushups
v_WallPushups_g13_c05,0,1,4,old,WallPushups
v_WallPushups_g15_c01,2,0,3,old,WallPushups
v_WallPushups_g18_c02,2,0,3,old,WallPushups
v_WallPushups_g18_c04,1,1,3,old,WallPushups
v_WallPushups_g19_c01,0,4,1,young,WallPushups
v_WallPushups_g19_c04,0,3,2,young,WallPushups
v_WallPushups_g23_c03,0,4,1,young,WallPushups
v_WallPushups_g24_c01,0,3,2,young,WallPushups
v_WritingOnBoard_g02_c01,3,0,2,kid,WritingOnBoard
v_WritingOnBoard_g02_c06,2,1,2,kid,WritingOnBoard
v_WritingOnBoard_g06_c07,0,2,3,old,WritingOnBoard
v_WritingOnBoard_g07_c04,3,0,2,kid,WritingOnBoard
v_WritingOnBoard_g07_c07,0,5,0,young,WritingOnBoard
v_WritingOnBoard_g16_c04,2,0,3,old,WritingOnBoard
v_WritingOnBoard_g16_c06,0,0,5,old,WritingOnBoard
v_WritingOnBoard_g16_c07,0,0,5,old,WritingOnBoard
v_WritingOnBoard_g17_c02,0,4,1,young,WritingOnBoard
v_WritingOnBoard_g21_c06,0,4,1,young,WritingOnBoard
v_WritingOnBoard_g22_c01,5,0,0,kid,WritingOnBoard
v_WritingOnBoard_g22_c05,1,2,2,young,WritingOnBoard
v_WritingOnBoard_g23_c01,3,0,2,kid,WritingOnBoard
v_WritingOnBoard_g23_c02,5,0,0,kid,WritingOnBoard
v_YoYo_g01_c07,3,2,0,kid,YoYo
v_YoYo_g06_c04,3,2,0,kid,YoYo
v_YoYo_g09_c02,2,3,0,young,YoYo
v_YoYo_g09_c03,2,3,0,young,YoYo
v_YoYo_g09_c04,2,3,0,young,YoYo
v_YoYo_g10_c02,2,3,0,young,YoYo
v_YoYo_g16_c02,3,2,0,kid,YoYo
v_YoYo_g19_c04,2,3,0,young,YoYo
v_YoYo_g22_c02,0,5,0,young,YoYo
v_YoYo_g22_c06,2,3,0,young,YoYo
v_YoYo_g23_c02,1,4,0,young,YoYo
v_YoYo_g23_c06,0,5,0,young,YoYo
